WARNING: A restricted method in java.lang.System has been called
WARNING: java.lang.System::load has been called by org.fusesource.jansi.internal.JansiLoader in an unnamed module (file:/Users/marticztn/.m2/wrapper/dists/apache-maven-3.8.6-bin/1ks0nkde5v1pk9vtc31i9d0lcd/apache-maven-3.8.6/lib/jansi-2.4.0.jar)
WARNING: Use --enable-native-access=ALL-UNNAMED to avoid a warning for callers in this module
WARNING: Restricted methods will be blocked in a future release unless native access is enabled

WARNING: A terminally deprecated method in sun.misc.Unsafe has been called
WARNING: sun.misc.Unsafe::objectFieldOffset has been called by com.google.common.util.concurrent.AbstractFuture$UnsafeAtomicHelper (file:/Users/marticztn/.m2/wrapper/dists/apache-maven-3.8.6-bin/1ks0nkde5v1pk9vtc31i9d0lcd/apache-maven-3.8.6/lib/guava-25.1-android.jar)
WARNING: Please consider reporting this to the maintainers of class com.google.common.util.concurrent.AbstractFuture$UnsafeAtomicHelper
WARNING: sun.misc.Unsafe::objectFieldOffset will be removed in a future release
[INFO] Scanning for projects...
[INFO] 
[INFO] -------------------------< com.chuwa:redbook >--------------------------
[INFO] Building redbook 0.0.1-SNAPSHOT
[INFO] --------------------------------[ jar ]---------------------------------
[INFO] 
[INFO] >>> spring-boot-maven-plugin:2.7.3:run (default-cli) > test-compile @ redbook >>>
[INFO] 
[INFO] --- maven-resources-plugin:3.2.0:resources (default-resources) @ redbook ---
[INFO] Using 'UTF-8' encoding to copy filtered resources.
[INFO] Using 'UTF-8' encoding to copy filtered properties files.
[INFO] Copying 2 resources
[INFO] Copying 2 resources
[INFO] 
[INFO] --- maven-compiler-plugin:3.10.1:compile (default-compile) @ redbook ---
[INFO] Nothing to compile - all classes are up to date
[INFO] 
[INFO] --- maven-resources-plugin:3.2.0:testResources (default-testResources) @ redbook ---
[INFO] Using 'UTF-8' encoding to copy filtered resources.
[INFO] Using 'UTF-8' encoding to copy filtered properties files.
[INFO] skip non existing resourceDirectory /Users/marticztn/Desktop/chuwa/Chuwa20250609/Coding/springboot-redbook-05_02_slides_JPQL_EntityManager_Session/src/test/resources
[INFO] 
[INFO] --- maven-compiler-plugin:3.10.1:testCompile (default-testCompile) @ redbook ---
[INFO] Nothing to compile - all classes are up to date
[INFO] 
[INFO] <<< spring-boot-maven-plugin:2.7.3:run (default-cli) < test-compile @ redbook <<<
[INFO] 
[INFO] 
[INFO] --- spring-boot-maven-plugin:2.7.3:run (default-cli) @ redbook ---
[INFO] Attaching agents: []

  .   ____          _            __ _ _
 /\\ / ___'_ __ _ _(_)_ __  __ _ \ \ \ \
( ( )\___ | '_ | '_| | '_ \/ _` | \ \ \ \
 \\/  ___)| |_)| | | | | || (_| |  ) ) ) )
  '  |____| .__|_| |_|_| |_\__, | / / / /
 =========|_|==============|___/=/_/_/_/
[32m :: Spring Boot :: [39m              [2m (v2.7.3)[0;39m

[2m2025-07-08 12:57:47.093[0;39m [32m INFO[0;39m [35m40136[0;39m [2m---[0;39m [2m[           main][0;39m [36mcom.chuwa.redbook.RedbookApplication    [0;39m [2m:[0;39m Starting RedbookApplication using Java 24.0.1 on Martics-MacBook-Pro.local with PID 40136 (/Users/marticztn/Desktop/chuwa/Chuwa20250609/Coding/springboot-redbook-05_02_slides_JPQL_EntityManager_Session/target/classes started by marticztn in /Users/marticztn/Desktop/chuwa/Chuwa20250609/Coding/springboot-redbook-05_02_slides_JPQL_EntityManager_Session)
[2m2025-07-08 12:57:47.094[0;39m [32m INFO[0;39m [35m40136[0;39m [2m---[0;39m [2m[           main][0;39m [36mcom.chuwa.redbook.RedbookApplication    [0;39m [2m:[0;39m No active profile set, falling back to 1 default profile: "default"
[2m2025-07-08 12:57:47.257[0;39m [32m INFO[0;39m [35m40136[0;39m [2m---[0;39m [2m[           main][0;39m [36m.s.d.r.c.RepositoryConfigurationDelegate[0;39m [2m:[0;39m Bootstrapping Spring Data JPA repositories in DEFAULT mode.
[2m2025-07-08 12:57:47.270[0;39m [32m INFO[0;39m [35m40136[0;39m [2m---[0;39m [2m[           main][0;39m [36m.s.d.r.c.RepositoryConfigurationDelegate[0;39m [2m:[0;39m Finished Spring Data repository scanning in 10 ms. Found 1 JPA repository interfaces.
WARNING: A restricted method in java.lang.System has been called
WARNING: java.lang.System::load has been called by org.apache.tomcat.jni.Library in an unnamed module (file:/Users/marticztn/.m2/repository/org/apache/tomcat/embed/tomcat-embed-core/9.0.65/tomcat-embed-core-9.0.65.jar)
WARNING: Use --enable-native-access=ALL-UNNAMED to avoid a warning for callers in this module
WARNING: Restricted methods will be blocked in a future release unless native access is enabled

[2m2025-07-08 12:57:47.416[0;39m [32m INFO[0;39m [35m40136[0;39m [2m---[0;39m [2m[           main][0;39m [36mo.s.b.w.embedded.tomcat.TomcatWebServer [0;39m [2m:[0;39m Tomcat initialized with port(s): 8080 (http)
[2m2025-07-08 12:57:47.419[0;39m [32m INFO[0;39m [35m40136[0;39m [2m---[0;39m [2m[           main][0;39m [36mo.apache.catalina.core.StandardService  [0;39m [2m:[0;39m Starting service [Tomcat]
[2m2025-07-08 12:57:47.420[0;39m [32m INFO[0;39m [35m40136[0;39m [2m---[0;39m [2m[           main][0;39m [36morg.apache.catalina.core.StandardEngine [0;39m [2m:[0;39m Starting Servlet engine: [Apache Tomcat/9.0.65]
[2m2025-07-08 12:57:47.448[0;39m [32m INFO[0;39m [35m40136[0;39m [2m---[0;39m [2m[           main][0;39m [36mo.a.c.c.C.[Tomcat].[localhost].[/]      [0;39m [2m:[0;39m Initializing Spring embedded WebApplicationContext
[2m2025-07-08 12:57:47.448[0;39m [32m INFO[0;39m [35m40136[0;39m [2m---[0;39m [2m[           main][0;39m [36mw.s.c.ServletWebServerApplicationContext[0;39m [2m:[0;39m Root WebApplicationContext: initialization completed in 338 ms
[2m2025-07-08 12:57:47.459[0;39m [32m INFO[0;39m [35m40136[0;39m [2m---[0;39m [2m[           main][0;39m [36mcom.zaxxer.hikari.HikariDataSource      [0;39m [2m:[0;39m HikariPool-1 - Starting...
[2m2025-07-08 12:57:47.515[0;39m [32m INFO[0;39m [35m40136[0;39m [2m---[0;39m [2m[           main][0;39m [36mcom.zaxxer.hikari.HikariDataSource      [0;39m [2m:[0;39m HikariPool-1 - Start completed.
[2m2025-07-08 12:57:47.519[0;39m [32m INFO[0;39m [35m40136[0;39m [2m---[0;39m [2m[           main][0;39m [36mo.s.b.a.h2.H2ConsoleAutoConfiguration   [0;39m [2m:[0;39m H2 console available at '/h2-console'. Database available at 'jdbc:h2:mem:testdb'
[2m2025-07-08 12:57:47.564[0;39m [32m INFO[0;39m [35m40136[0;39m [2m---[0;39m [2m[           main][0;39m [36mo.hibernate.jpa.internal.util.LogHelper [0;39m [2m:[0;39m HHH000204: Processing PersistenceUnitInfo [name: default]
[2m2025-07-08 12:57:47.578[0;39m [32m INFO[0;39m [35m40136[0;39m [2m---[0;39m [2m[           main][0;39m [36morg.hibernate.Version                   [0;39m [2m:[0;39m HHH000412: Hibernate ORM core version 5.6.10.Final
[2m2025-07-08 12:57:47.616[0;39m [32m INFO[0;39m [35m40136[0;39m [2m---[0;39m [2m[           main][0;39m [36mo.hibernate.annotations.common.Version  [0;39m [2m:[0;39m HCANN000001: Hibernate Commons Annotations {5.1.2.Final}
[2m2025-07-08 12:57:47.638[0;39m [32m INFO[0;39m [35m40136[0;39m [2m---[0;39m [2m[           main][0;39m [36morg.hibernate.dialect.Dialect           [0;39m [2m:[0;39m HHH000400: Using dialect: org.hibernate.dialect.H2Dialect
Hibernate: 
    
    drop table if exists posts CASCADE 
Hibernate: 
    
    create table posts (
       id bigint generated by default as identity,
        content varchar(255) not null,
        create_date_time timestamp,
        description varchar(255) not null,
        title varchar(255) not null,
        update_date_time timestamp,
        primary key (id)
    )
Hibernate: 
    
    alter table posts 
       add constraint UKmchce1gm7f6otpphxd6ixsdps unique (title)
[2m2025-07-08 12:57:47.759[0;39m [32m INFO[0;39m [35m40136[0;39m [2m---[0;39m [2m[           main][0;39m [36mo.h.e.t.j.p.i.JtaPlatformInitiator      [0;39m [2m:[0;39m HHH000490: Using JtaPlatform implementation: [org.hibernate.engine.transaction.jta.platform.internal.NoJtaPlatform]
[2m2025-07-08 12:57:47.780[0;39m [32m INFO[0;39m [35m40136[0;39m [2m---[0;39m [2m[           main][0;39m [36mj.LocalContainerEntityManagerFactoryBean[0;39m [2m:[0;39m Initialized JPA EntityManagerFactory for persistence unit 'default'
[2m2025-07-08 12:57:47.874[0;39m [33m WARN[0;39m [35m40136[0;39m [2m---[0;39m [2m[           main][0;39m [36mJpaBaseConfiguration$JpaWebConfiguration[0;39m [2m:[0;39m spring.jpa.open-in-view is enabled by default. Therefore, database queries may be performed during view rendering. Explicitly configure spring.jpa.open-in-view to disable this warning
[2m2025-07-08 12:57:47.968[0;39m [32m INFO[0;39m [35m40136[0;39m [2m---[0;39m [2m[           main][0;39m [36mo.s.b.w.embedded.tomcat.TomcatWebServer [0;39m [2m:[0;39m Tomcat started on port(s): 8080 (http) with context path ''
[2m2025-07-08 12:57:47.971[0;39m [32m INFO[0;39m [35m40136[0;39m [2m---[0;39m [2m[           main][0;39m [36mcom.chuwa.redbook.RedbookApplication    [0;39m [2m:[0;39m Started RedbookApplication in 0.986 seconds (JVM running for 1.082)
[2m2025-07-08 12:58:06.899[0;39m [32m INFO[0;39m [35m40136[0;39m [2m---[0;39m [2m[nio-8080-exec-1][0;39m [36mo.a.c.c.C.[Tomcat].[localhost].[/]      [0;39m [2m:[0;39m Initializing Spring DispatcherServlet 'dispatcherServlet'
[2m2025-07-08 12:58:06.899[0;39m [32m INFO[0;39m [35m40136[0;39m [2m---[0;39m [2m[nio-8080-exec-1][0;39m [36mo.s.web.servlet.DispatcherServlet       [0;39m [2m:[0;39m Initializing Servlet 'dispatcherServlet'
[2m2025-07-08 12:58:06.899[0;39m [32m INFO[0;39m [35m40136[0;39m [2m---[0;39m [2m[nio-8080-exec-1][0;39m [36mo.s.web.servlet.DispatcherServlet       [0;39m [2m:[0;39m Completed initialization in 0 ms
Hibernate: 
    select
        post0_.id as id1_0_,
        post0_.content as content2_0_,
        post0_.create_date_time as create_d3_0_,
        post0_.description as descript4_0_,
        post0_.title as title5_0_,
        post0_.update_date_time as update_d6_0_ 
    from
        posts post0_
Hibernate: 
    select
        post0_.id as id1_0_,
        post0_.content as content2_0_,
        post0_.create_date_time as create_d3_0_,
        post0_.description as descript4_0_,
        post0_.title as title5_0_,
        post0_.update_date_time as update_d6_0_ 
    from
        posts post0_
Hibernate: 
    select
        post0_.id as id1_0_0_,
        post0_.content as content2_0_0_,
        post0_.create_date_time as create_d3_0_0_,
        post0_.description as descript4_0_0_,
        post0_.title as title5_0_0_,
        post0_.update_date_time as update_d6_0_0_ 
    from
        posts post0_ 
    where
        post0_.id=?
Hibernate: 
    select
        post0_.id as id1_0_,
        post0_.content as content2_0_,
        post0_.create_date_time as create_d3_0_,
        post0_.description as descript4_0_,
        post0_.title as title5_0_,
        post0_.update_date_time as update_d6_0_ 
    from
        posts post0_
Hibernate: 
    select
        post0_.id as id1_0_,
        post0_.content as content2_0_,
        post0_.create_date_time as create_d3_0_,
        post0_.description as descript4_0_,
        post0_.title as title5_0_,
        post0_.update_date_time as update_d6_0_ 
    from
        posts post0_
Hibernate: 
    insert 
    into
        posts
        (id, content, create_date_time, description, title, update_date_time) 
    values
        (default, ?, ?, ?, ?, ?)
[2m2025-07-08 13:02:07.774[0;39m [33m WARN[0;39m [35m40136[0;39m [2m---[0;39m [2m[nio-8080-exec-5][0;39m [36mo.h.engine.jdbc.spi.SqlExceptionHelper  [0;39m [2m:[0;39m SQL Error: 23505, SQLState: 23505
[2m2025-07-08 13:02:07.774[0;39m [31mERROR[0;39m [35m40136[0;39m [2m---[0;39m [2m[nio-8080-exec-5][0;39m [36mo.h.engine.jdbc.spi.SqlExceptionHelper  [0;39m [2m:[0;39m Unique index or primary key violation: "PRIMARY KEY ON PUBLIC.POSTS(ID) ( /* key:1 */ CAST(1 AS BIGINT), 'This is a comprehensive guide to Spring Boot...', TIMESTAMP '2025-07-08 12:57:47.950953', 'Learn Spring Boot basics', 'Spring Boot Tutorial', TIMESTAMP '2025-07-08 12:57:47.950953')"; SQL statement:
insert into posts (id, content, create_date_time, description, title, update_date_time) values (default, ?, ?, ?, ?, ?) [23505-214]
[2m2025-07-08 13:02:07.777[0;39m [31mERROR[0;39m [35m40136[0;39m [2m---[0;39m [2m[nio-8080-exec-5][0;39m [36mo.a.c.c.C.[.[.[/].[dispatcherServlet]   [0;39m [2m:[0;39m Servlet.service() for servlet [dispatcherServlet] in context with path [] threw exception [Request processing failed; nested exception is org.springframework.dao.DataIntegrityViolationException: could not execute statement; SQL [n/a]; constraint ["PRIMARY KEY ON PUBLIC.POSTS(ID) ( /* key:1 */ CAST(1 AS BIGINT), 'This is a comprehensive guide to Spring Boot...', TIMESTAMP '2025-07-08 12:57:47.950953', 'Learn Spring Boot basics', 'Spring Boot Tutorial', TIMESTAMP '2025-07-08 12:57:47.950953')"; SQL statement:
insert into posts (id, content, create_date_time, description, title, update_date_time) values (default, ?, ?, ?, ?, ?) [23505-214]]; nested exception is org.hibernate.exception.ConstraintViolationException: could not execute statement] with root cause

org.h2.jdbc.JdbcSQLIntegrityConstraintViolationException: Unique index or primary key violation: "PRIMARY KEY ON PUBLIC.POSTS(ID) ( /* key:1 */ CAST(1 AS BIGINT), 'This is a comprehensive guide to Spring Boot...', TIMESTAMP '2025-07-08 12:57:47.950953', 'Learn Spring Boot basics', 'Spring Boot Tutorial', TIMESTAMP '2025-07-08 12:57:47.950953')"; SQL statement:
insert into posts (id, content, create_date_time, description, title, update_date_time) values (default, ?, ?, ?, ?, ?) [23505-214]
	at org.h2.message.DbException.getJdbcSQLException(DbException.java:508) ~[h2-2.1.214.jar:2.1.214]
	at org.h2.message.DbException.getJdbcSQLException(DbException.java:477) ~[h2-2.1.214.jar:2.1.214]
	at org.h2.message.DbException.get(DbException.java:223) ~[h2-2.1.214.jar:2.1.214]
	at org.h2.message.DbException.get(DbException.java:199) ~[h2-2.1.214.jar:2.1.214]
	at org.h2.mvstore.db.MVPrimaryIndex.add(MVPrimaryIndex.java:120) ~[h2-2.1.214.jar:2.1.214]
	at org.h2.mvstore.db.MVTable.addRow(MVTable.java:519) ~[h2-2.1.214.jar:2.1.214]
	at org.h2.command.dml.Insert.insertRows(Insert.java:174) ~[h2-2.1.214.jar:2.1.214]
	at org.h2.command.dml.Insert.update(Insert.java:135) ~[h2-2.1.214.jar:2.1.214]
	at org.h2.command.CommandContainer.executeUpdateWithGeneratedKeys(CommandContainer.java:242) ~[h2-2.1.214.jar:2.1.214]
	at org.h2.command.CommandContainer.update(CommandContainer.java:163) ~[h2-2.1.214.jar:2.1.214]
	at org.h2.command.Command.executeUpdate(Command.java:252) ~[h2-2.1.214.jar:2.1.214]
	at org.h2.jdbc.JdbcPreparedStatement.executeUpdateInternal(JdbcPreparedStatement.java:209) ~[h2-2.1.214.jar:2.1.214]
	at org.h2.jdbc.JdbcPreparedStatement.executeUpdate(JdbcPreparedStatement.java:169) ~[h2-2.1.214.jar:2.1.214]
	at com.zaxxer.hikari.pool.ProxyPreparedStatement.executeUpdate(ProxyPreparedStatement.java:61) ~[HikariCP-4.0.3.jar:na]
	at com.zaxxer.hikari.pool.HikariProxyPreparedStatement.executeUpdate(HikariProxyPreparedStatement.java) ~[HikariCP-4.0.3.jar:na]
	at org.hibernate.engine.jdbc.internal.ResultSetReturnImpl.executeUpdate(ResultSetReturnImpl.java:197) ~[hibernate-core-5.6.10.Final.jar:5.6.10.Final]
	at org.hibernate.dialect.identity.GetGeneratedKeysDelegate.executeAndExtract(GetGeneratedKeysDelegate.java:58) ~[hibernate-core-5.6.10.Final.jar:5.6.10.Final]
	at org.hibernate.id.insert.AbstractReturningDelegate.performInsert(AbstractReturningDelegate.java:43) ~[hibernate-core-5.6.10.Final.jar:5.6.10.Final]
	at org.hibernate.persister.entity.AbstractEntityPersister.insert(AbstractEntityPersister.java:3279) ~[hibernate-core-5.6.10.Final.jar:5.6.10.Final]
	at org.hibernate.persister.entity.AbstractEntityPersister.insert(AbstractEntityPersister.java:3885) ~[hibernate-core-5.6.10.Final.jar:5.6.10.Final]
	at org.hibernate.action.internal.EntityIdentityInsertAction.execute(EntityIdentityInsertAction.java:84) ~[hibernate-core-5.6.10.Final.jar:5.6.10.Final]
	at org.hibernate.engine.spi.ActionQueue.execute(ActionQueue.java:645) ~[hibernate-core-5.6.10.Final.jar:5.6.10.Final]
	at org.hibernate.engine.spi.ActionQueue.addResolvedEntityInsertAction(ActionQueue.java:282) ~[hibernate-core-5.6.10.Final.jar:5.6.10.Final]
	at org.hibernate.engine.spi.ActionQueue.addInsertAction(ActionQueue.java:263) ~[hibernate-core-5.6.10.Final.jar:5.6.10.Final]
	at org.hibernate.engine.spi.ActionQueue.addAction(ActionQueue.java:317) ~[hibernate-core-5.6.10.Final.jar:5.6.10.Final]
	at org.hibernate.event.internal.AbstractSaveEventListener.addInsertAction(AbstractSaveEventListener.java:330) ~[hibernate-core-5.6.10.Final.jar:5.6.10.Final]
	at org.hibernate.event.internal.AbstractSaveEventListener.performSaveOrReplicate(AbstractSaveEventListener.java:287) ~[hibernate-core-5.6.10.Final.jar:5.6.10.Final]
	at org.hibernate.event.internal.AbstractSaveEventListener.performSave(AbstractSaveEventListener.java:193) ~[hibernate-core-5.6.10.Final.jar:5.6.10.Final]
	at org.hibernate.event.internal.AbstractSaveEventListener.saveWithGeneratedId(AbstractSaveEventListener.java:123) ~[hibernate-core-5.6.10.Final.jar:5.6.10.Final]
	at org.hibernate.event.internal.DefaultPersistEventListener.entityIsTransient(DefaultPersistEventListener.java:185) ~[hibernate-core-5.6.10.Final.jar:5.6.10.Final]
	at org.hibernate.event.internal.DefaultPersistEventListener.onPersist(DefaultPersistEventListener.java:128) ~[hibernate-core-5.6.10.Final.jar:5.6.10.Final]
	at org.hibernate.event.internal.DefaultPersistEventListener.onPersist(DefaultPersistEventListener.java:55) ~[hibernate-core-5.6.10.Final.jar:5.6.10.Final]
	at org.hibernate.event.service.internal.EventListenerGroupImpl.fireEventOnEachListener(EventListenerGroupImpl.java:107) ~[hibernate-core-5.6.10.Final.jar:5.6.10.Final]
	at org.hibernate.internal.SessionImpl.firePersist(SessionImpl.java:756) ~[hibernate-core-5.6.10.Final.jar:5.6.10.Final]
	at org.hibernate.internal.SessionImpl.persist(SessionImpl.java:742) ~[hibernate-core-5.6.10.Final.jar:5.6.10.Final]
	at java.base/jdk.internal.reflect.DirectMethodHandleAccessor.invoke(DirectMethodHandleAccessor.java:104) ~[na:na]
	at java.base/java.lang.reflect.Method.invoke(Method.java:565) ~[na:na]
	at org.springframework.orm.jpa.ExtendedEntityManagerCreator$ExtendedEntityManagerInvocationHandler.invoke(ExtendedEntityManagerCreator.java:362) ~[spring-orm-5.3.22.jar:5.3.22]
	at jdk.proxy2/jdk.proxy2.$Proxy103.persist(Unknown Source) ~[na:na]
	at java.base/jdk.internal.reflect.DirectMethodHandleAccessor.invoke(DirectMethodHandleAccessor.java:104) ~[na:na]
	at java.base/java.lang.reflect.Method.invoke(Method.java:565) ~[na:na]
	at org.springframework.orm.jpa.SharedEntityManagerCreator$SharedEntityManagerInvocationHandler.invoke(SharedEntityManagerCreator.java:311) ~[spring-orm-5.3.22.jar:5.3.22]
	at jdk.proxy2/jdk.proxy2.$Proxy103.persist(Unknown Source) ~[na:na]
	at org.springframework.data.jpa.repository.support.SimpleJpaRepository.save(SimpleJpaRepository.java:666) ~[spring-data-jpa-2.7.2.jar:2.7.2]
	at java.base/jdk.internal.reflect.DirectMethodHandleAccessor.invoke(DirectMethodHandleAccessor.java:104) ~[na:na]
	at java.base/java.lang.reflect.Method.invoke(Method.java:565) ~[na:na]
	at org.springframework.data.repository.core.support.RepositoryMethodInvoker$RepositoryFragmentMethodInvoker.lambda$new$0(RepositoryMethodInvoker.java:289) ~[spring-data-commons-2.7.2.jar:2.7.2]
	at org.springframework.data.repository.core.support.RepositoryMethodInvoker.doInvoke(RepositoryMethodInvoker.java:137) ~[spring-data-commons-2.7.2.jar:2.7.2]
	at org.springframework.data.repository.core.support.RepositoryMethodInvoker.invoke(RepositoryMethodInvoker.java:121) ~[spring-data-commons-2.7.2.jar:2.7.2]
	at org.springframework.data.repository.core.support.RepositoryComposition$RepositoryFragments.invoke(RepositoryComposition.java:530) ~[spring-data-commons-2.7.2.jar:2.7.2]
	at org.springframework.data.repository.core.support.RepositoryComposition.invoke(RepositoryComposition.java:286) ~[spring-data-commons-2.7.2.jar:2.7.2]
	at org.springframework.data.repository.core.support.RepositoryFactorySupport$ImplementationMethodExecutionInterceptor.invoke(RepositoryFactorySupport.java:640) ~[spring-data-commons-2.7.2.jar:2.7.2]
	at org.springframework.aop.framework.ReflectiveMethodInvocation.proceed(ReflectiveMethodInvocation.java:186) ~[spring-aop-5.3.22.jar:5.3.22]
	at org.springframework.data.repository.core.support.QueryExecutorMethodInterceptor.doInvoke(QueryExecutorMethodInterceptor.java:164) ~[spring-data-commons-2.7.2.jar:2.7.2]
	at org.springframework.data.repository.core.support.QueryExecutorMethodInterceptor.invoke(QueryExecutorMethodInterceptor.java:139) ~[spring-data-commons-2.7.2.jar:2.7.2]
	at org.springframework.aop.framework.ReflectiveMethodInvocation.proceed(ReflectiveMethodInvocation.java:186) ~[spring-aop-5.3.22.jar:5.3.22]
	at org.springframework.data.projection.DefaultMethodInvokingMethodInterceptor.invoke(DefaultMethodInvokingMethodInterceptor.java:81) ~[spring-data-commons-2.7.2.jar:2.7.2]
	at org.springframework.aop.framework.ReflectiveMethodInvocation.proceed(ReflectiveMethodInvocation.java:186) ~[spring-aop-5.3.22.jar:5.3.22]
	at org.springframework.transaction.interceptor.TransactionInterceptor$1.proceedWithInvocation(TransactionInterceptor.java:123) ~[spring-tx-5.3.22.jar:5.3.22]
	at org.springframework.transaction.interceptor.TransactionAspectSupport.invokeWithinTransaction(TransactionAspectSupport.java:388) ~[spring-tx-5.3.22.jar:5.3.22]
	at org.springframework.transaction.interceptor.TransactionInterceptor.invoke(TransactionInterceptor.java:119) ~[spring-tx-5.3.22.jar:5.3.22]
	at org.springframework.aop.framework.ReflectiveMethodInvocation.proceed(ReflectiveMethodInvocation.java:186) ~[spring-aop-5.3.22.jar:5.3.22]
	at org.springframework.dao.support.PersistenceExceptionTranslationInterceptor.invoke(PersistenceExceptionTranslationInterceptor.java:137) ~[spring-tx-5.3.22.jar:5.3.22]
	at org.springframework.aop.framework.ReflectiveMethodInvocation.proceed(ReflectiveMethodInvocation.java:186) ~[spring-aop-5.3.22.jar:5.3.22]
	at org.springframework.data.jpa.repository.support.CrudMethodMetadataPostProcessor$CrudMethodMetadataPopulatingMethodInterceptor.invoke(CrudMethodMetadataPostProcessor.java:174) ~[spring-data-jpa-2.7.2.jar:2.7.2]
	at org.springframework.aop.framework.ReflectiveMethodInvocation.proceed(ReflectiveMethodInvocation.java:186) ~[spring-aop-5.3.22.jar:5.3.22]
	at org.springframework.aop.interceptor.ExposeInvocationInterceptor.invoke(ExposeInvocationInterceptor.java:97) ~[spring-aop-5.3.22.jar:5.3.22]
	at org.springframework.aop.framework.ReflectiveMethodInvocation.proceed(ReflectiveMethodInvocation.java:186) ~[spring-aop-5.3.22.jar:5.3.22]
	at org.springframework.aop.framework.JdkDynamicAopProxy.invoke(JdkDynamicAopProxy.java:215) ~[spring-aop-5.3.22.jar:5.3.22]
	at jdk.proxy2/jdk.proxy2.$Proxy107.save(Unknown Source) ~[na:na]
	at com.chuwa.redbook.service.impl.PostServiceImpl.createPost(PostServiceImpl.java:46) ~[classes/:na]
	at com.chuwa.redbook.controller.PostController.createPost(PostController.java:25) ~[classes/:na]
	at java.base/jdk.internal.reflect.DirectMethodHandleAccessor.invoke(DirectMethodHandleAccessor.java:104) ~[na:na]
	at java.base/java.lang.reflect.Method.invoke(Method.java:565) ~[na:na]
	at org.springframework.web.method.support.InvocableHandlerMethod.doInvoke(InvocableHandlerMethod.java:205) ~[spring-web-5.3.22.jar:5.3.22]
	at org.springframework.web.method.support.InvocableHandlerMethod.invokeForRequest(InvocableHandlerMethod.java:150) ~[spring-web-5.3.22.jar:5.3.22]
	at org.springframework.web.servlet.mvc.method.annotation.ServletInvocableHandlerMethod.invokeAndHandle(ServletInvocableHandlerMethod.java:117) ~[spring-webmvc-5.3.22.jar:5.3.22]
	at org.springframework.web.servlet.mvc.method.annotation.RequestMappingHandlerAdapter.invokeHandlerMethod(RequestMappingHandlerAdapter.java:895) ~[spring-webmvc-5.3.22.jar:5.3.22]
	at org.springframework.web.servlet.mvc.method.annotation.RequestMappingHandlerAdapter.handleInternal(RequestMappingHandlerAdapter.java:808) ~[spring-webmvc-5.3.22.jar:5.3.22]
	at org.springframework.web.servlet.mvc.method.AbstractHandlerMethodAdapter.handle(AbstractHandlerMethodAdapter.java:87) ~[spring-webmvc-5.3.22.jar:5.3.22]
	at org.springframework.web.servlet.DispatcherServlet.doDispatch(DispatcherServlet.java:1070) ~[spring-webmvc-5.3.22.jar:5.3.22]
	at org.springframework.web.servlet.DispatcherServlet.doService(DispatcherServlet.java:963) ~[spring-webmvc-5.3.22.jar:5.3.22]
	at org.springframework.web.servlet.FrameworkServlet.processRequest(FrameworkServlet.java:1006) ~[spring-webmvc-5.3.22.jar:5.3.22]
	at org.springframework.web.servlet.FrameworkServlet.doPost(FrameworkServlet.java:909) ~[spring-webmvc-5.3.22.jar:5.3.22]
	at javax.servlet.http.HttpServlet.service(HttpServlet.java:681) ~[tomcat-embed-core-9.0.65.jar:4.0.FR]
	at org.springframework.web.servlet.FrameworkServlet.service(FrameworkServlet.java:883) ~[spring-webmvc-5.3.22.jar:5.3.22]
	at javax.servlet.http.HttpServlet.service(HttpServlet.java:764) ~[tomcat-embed-core-9.0.65.jar:4.0.FR]
	at org.apache.catalina.core.ApplicationFilterChain.internalDoFilter(ApplicationFilterChain.java:227) ~[tomcat-embed-core-9.0.65.jar:9.0.65]
	at org.apache.catalina.core.ApplicationFilterChain.doFilter(ApplicationFilterChain.java:162) ~[tomcat-embed-core-9.0.65.jar:9.0.65]
	at org.apache.tomcat.websocket.server.WsFilter.doFilter(WsFilter.java:53) ~[tomcat-embed-websocket-9.0.65.jar:9.0.65]
	at org.apache.catalina.core.ApplicationFilterChain.internalDoFilter(ApplicationFilterChain.java:189) ~[tomcat-embed-core-9.0.65.jar:9.0.65]
	at org.apache.catalina.core.ApplicationFilterChain.doFilter(ApplicationFilterChain.java:162) ~[tomcat-embed-core-9.0.65.jar:9.0.65]
	at org.springframework.web.filter.RequestContextFilter.doFilterInternal(RequestContextFilter.java:100) ~[spring-web-5.3.22.jar:5.3.22]
	at org.springframework.web.filter.OncePerRequestFilter.doFilter(OncePerRequestFilter.java:117) ~[spring-web-5.3.22.jar:5.3.22]
	at org.apache.catalina.core.ApplicationFilterChain.internalDoFilter(ApplicationFilterChain.java:189) ~[tomcat-embed-core-9.0.65.jar:9.0.65]
	at org.apache.catalina.core.ApplicationFilterChain.doFilter(ApplicationFilterChain.java:162) ~[tomcat-embed-core-9.0.65.jar:9.0.65]
	at org.springframework.web.filter.FormContentFilter.doFilterInternal(FormContentFilter.java:93) ~[spring-web-5.3.22.jar:5.3.22]
	at org.springframework.web.filter.OncePerRequestFilter.doFilter(OncePerRequestFilter.java:117) ~[spring-web-5.3.22.jar:5.3.22]
	at org.apache.catalina.core.ApplicationFilterChain.internalDoFilter(ApplicationFilterChain.java:189) ~[tomcat-embed-core-9.0.65.jar:9.0.65]
	at org.apache.catalina.core.ApplicationFilterChain.doFilter(ApplicationFilterChain.java:162) ~[tomcat-embed-core-9.0.65.jar:9.0.65]
	at org.springframework.web.filter.CharacterEncodingFilter.doFilterInternal(CharacterEncodingFilter.java:201) ~[spring-web-5.3.22.jar:5.3.22]
	at org.springframework.web.filter.OncePerRequestFilter.doFilter(OncePerRequestFilter.java:117) ~[spring-web-5.3.22.jar:5.3.22]
	at org.apache.catalina.core.ApplicationFilterChain.internalDoFilter(ApplicationFilterChain.java:189) ~[tomcat-embed-core-9.0.65.jar:9.0.65]
	at org.apache.catalina.core.ApplicationFilterChain.doFilter(ApplicationFilterChain.java:162) ~[tomcat-embed-core-9.0.65.jar:9.0.65]
	at org.apache.catalina.core.StandardWrapperValve.invoke(StandardWrapperValve.java:197) ~[tomcat-embed-core-9.0.65.jar:9.0.65]
	at org.apache.catalina.core.StandardContextValve.invoke(StandardContextValve.java:97) ~[tomcat-embed-core-9.0.65.jar:9.0.65]
	at org.apache.catalina.authenticator.AuthenticatorBase.invoke(AuthenticatorBase.java:541) ~[tomcat-embed-core-9.0.65.jar:9.0.65]
	at org.apache.catalina.core.StandardHostValve.invoke(StandardHostValve.java:135) ~[tomcat-embed-core-9.0.65.jar:9.0.65]
	at org.apache.catalina.valves.ErrorReportValve.invoke(ErrorReportValve.java:92) ~[tomcat-embed-core-9.0.65.jar:9.0.65]
	at org.apache.catalina.core.StandardEngineValve.invoke(StandardEngineValve.java:78) ~[tomcat-embed-core-9.0.65.jar:9.0.65]
	at org.apache.catalina.connector.CoyoteAdapter.service(CoyoteAdapter.java:360) ~[tomcat-embed-core-9.0.65.jar:9.0.65]
	at org.apache.coyote.http11.Http11Processor.service(Http11Processor.java:399) ~[tomcat-embed-core-9.0.65.jar:9.0.65]
	at org.apache.coyote.AbstractProcessorLight.process(AbstractProcessorLight.java:65) ~[tomcat-embed-core-9.0.65.jar:9.0.65]
	at org.apache.coyote.AbstractProtocol$ConnectionHandler.process(AbstractProtocol.java:890) ~[tomcat-embed-core-9.0.65.jar:9.0.65]
	at org.apache.tomcat.util.net.NioEndpoint$SocketProcessor.doRun(NioEndpoint.java:1789) ~[tomcat-embed-core-9.0.65.jar:9.0.65]
	at org.apache.tomcat.util.net.SocketProcessorBase.run(SocketProcessorBase.java:49) ~[tomcat-embed-core-9.0.65.jar:9.0.65]
	at org.apache.tomcat.util.threads.ThreadPoolExecutor.runWorker(ThreadPoolExecutor.java:1191) ~[tomcat-embed-core-9.0.65.jar:9.0.65]
	at org.apache.tomcat.util.threads.ThreadPoolExecutor$Worker.run(ThreadPoolExecutor.java:659) ~[tomcat-embed-core-9.0.65.jar:9.0.65]
	at org.apache.tomcat.util.threads.TaskThread$WrappingRunnable.run(TaskThread.java:61) ~[tomcat-embed-core-9.0.65.jar:9.0.65]
	at java.base/java.lang.Thread.run(Thread.java:1447) ~[na:na]

Hibernate: 
    insert 
    into
        posts
        (id, content, create_date_time, description, title, update_date_time) 
    values
        (default, ?, ?, ?, ?, ?)
[2m2025-07-08 13:02:32.943[0;39m [33m WARN[0;39m [35m40136[0;39m [2m---[0;39m [2m[io-8080-exec-10][0;39m [36mo.h.engine.jdbc.spi.SqlExceptionHelper  [0;39m [2m:[0;39m SQL Error: 23505, SQLState: 23505
[2m2025-07-08 13:02:32.943[0;39m [31mERROR[0;39m [35m40136[0;39m [2m---[0;39m [2m[io-8080-exec-10][0;39m [36mo.h.engine.jdbc.spi.SqlExceptionHelper  [0;39m [2m:[0;39m Unique index or primary key violation: "PRIMARY KEY ON PUBLIC.POSTS(ID) ( /* key:2 */ CAST(2 AS BIGINT), 'JPQL (Java Persistence Query Language) is...', TIMESTAMP '2025-07-08 12:57:47.950953', 'Understanding JPQL queries', 'JPQL Guide', TIMESTAMP '2025-07-08 12:57:47.950953')"; SQL statement:
insert into posts (id, content, create_date_time, description, title, update_date_time) values (default, ?, ?, ?, ?, ?) [23505-214]
[2m2025-07-08 13:02:32.944[0;39m [31mERROR[0;39m [35m40136[0;39m [2m---[0;39m [2m[io-8080-exec-10][0;39m [36mo.a.c.c.C.[.[.[/].[dispatcherServlet]   [0;39m [2m:[0;39m Servlet.service() for servlet [dispatcherServlet] in context with path [] threw exception [Request processing failed; nested exception is org.springframework.dao.DataIntegrityViolationException: could not execute statement; SQL [n/a]; constraint ["PRIMARY KEY ON PUBLIC.POSTS(ID) ( /* key:2 */ CAST(2 AS BIGINT), 'JPQL (Java Persistence Query Language) is...', TIMESTAMP '2025-07-08 12:57:47.950953', 'Understanding JPQL queries', 'JPQL Guide', TIMESTAMP '2025-07-08 12:57:47.950953')"; SQL statement:
insert into posts (id, content, create_date_time, description, title, update_date_time) values (default, ?, ?, ?, ?, ?) [23505-214]]; nested exception is org.hibernate.exception.ConstraintViolationException: could not execute statement] with root cause

org.h2.jdbc.JdbcSQLIntegrityConstraintViolationException: Unique index or primary key violation: "PRIMARY KEY ON PUBLIC.POSTS(ID) ( /* key:2 */ CAST(2 AS BIGINT), 'JPQL (Java Persistence Query Language) is...', TIMESTAMP '2025-07-08 12:57:47.950953', 'Understanding JPQL queries', 'JPQL Guide', TIMESTAMP '2025-07-08 12:57:47.950953')"; SQL statement:
insert into posts (id, content, create_date_time, description, title, update_date_time) values (default, ?, ?, ?, ?, ?) [23505-214]
	at org.h2.message.DbException.getJdbcSQLException(DbException.java:508) ~[h2-2.1.214.jar:2.1.214]
	at org.h2.message.DbException.getJdbcSQLException(DbException.java:477) ~[h2-2.1.214.jar:2.1.214]
	at org.h2.message.DbException.get(DbException.java:223) ~[h2-2.1.214.jar:2.1.214]
	at org.h2.message.DbException.get(DbException.java:199) ~[h2-2.1.214.jar:2.1.214]
	at org.h2.mvstore.db.MVPrimaryIndex.add(MVPrimaryIndex.java:120) ~[h2-2.1.214.jar:2.1.214]
	at org.h2.mvstore.db.MVTable.addRow(MVTable.java:519) ~[h2-2.1.214.jar:2.1.214]
	at org.h2.command.dml.Insert.insertRows(Insert.java:174) ~[h2-2.1.214.jar:2.1.214]
	at org.h2.command.dml.Insert.update(Insert.java:135) ~[h2-2.1.214.jar:2.1.214]
	at org.h2.command.CommandContainer.executeUpdateWithGeneratedKeys(CommandContainer.java:242) ~[h2-2.1.214.jar:2.1.214]
	at org.h2.command.CommandContainer.update(CommandContainer.java:163) ~[h2-2.1.214.jar:2.1.214]
	at org.h2.command.Command.executeUpdate(Command.java:252) ~[h2-2.1.214.jar:2.1.214]
	at org.h2.jdbc.JdbcPreparedStatement.executeUpdateInternal(JdbcPreparedStatement.java:209) ~[h2-2.1.214.jar:2.1.214]
	at org.h2.jdbc.JdbcPreparedStatement.executeUpdate(JdbcPreparedStatement.java:169) ~[h2-2.1.214.jar:2.1.214]
	at com.zaxxer.hikari.pool.ProxyPreparedStatement.executeUpdate(ProxyPreparedStatement.java:61) ~[HikariCP-4.0.3.jar:na]
	at com.zaxxer.hikari.pool.HikariProxyPreparedStatement.executeUpdate(HikariProxyPreparedStatement.java) ~[HikariCP-4.0.3.jar:na]
	at org.hibernate.engine.jdbc.internal.ResultSetReturnImpl.executeUpdate(ResultSetReturnImpl.java:197) ~[hibernate-core-5.6.10.Final.jar:5.6.10.Final]
	at org.hibernate.dialect.identity.GetGeneratedKeysDelegate.executeAndExtract(GetGeneratedKeysDelegate.java:58) ~[hibernate-core-5.6.10.Final.jar:5.6.10.Final]
	at org.hibernate.id.insert.AbstractReturningDelegate.performInsert(AbstractReturningDelegate.java:43) ~[hibernate-core-5.6.10.Final.jar:5.6.10.Final]
	at org.hibernate.persister.entity.AbstractEntityPersister.insert(AbstractEntityPersister.java:3279) ~[hibernate-core-5.6.10.Final.jar:5.6.10.Final]
	at org.hibernate.persister.entity.AbstractEntityPersister.insert(AbstractEntityPersister.java:3885) ~[hibernate-core-5.6.10.Final.jar:5.6.10.Final]
	at org.hibernate.action.internal.EntityIdentityInsertAction.execute(EntityIdentityInsertAction.java:84) ~[hibernate-core-5.6.10.Final.jar:5.6.10.Final]
	at org.hibernate.engine.spi.ActionQueue.execute(ActionQueue.java:645) ~[hibernate-core-5.6.10.Final.jar:5.6.10.Final]
	at org.hibernate.engine.spi.ActionQueue.addResolvedEntityInsertAction(ActionQueue.java:282) ~[hibernate-core-5.6.10.Final.jar:5.6.10.Final]
	at org.hibernate.engine.spi.ActionQueue.addInsertAction(ActionQueue.java:263) ~[hibernate-core-5.6.10.Final.jar:5.6.10.Final]
	at org.hibernate.engine.spi.ActionQueue.addAction(ActionQueue.java:317) ~[hibernate-core-5.6.10.Final.jar:5.6.10.Final]
	at org.hibernate.event.internal.AbstractSaveEventListener.addInsertAction(AbstractSaveEventListener.java:330) ~[hibernate-core-5.6.10.Final.jar:5.6.10.Final]
	at org.hibernate.event.internal.AbstractSaveEventListener.performSaveOrReplicate(AbstractSaveEventListener.java:287) ~[hibernate-core-5.6.10.Final.jar:5.6.10.Final]
	at org.hibernate.event.internal.AbstractSaveEventListener.performSave(AbstractSaveEventListener.java:193) ~[hibernate-core-5.6.10.Final.jar:5.6.10.Final]
	at org.hibernate.event.internal.AbstractSaveEventListener.saveWithGeneratedId(AbstractSaveEventListener.java:123) ~[hibernate-core-5.6.10.Final.jar:5.6.10.Final]
	at org.hibernate.event.internal.DefaultPersistEventListener.entityIsTransient(DefaultPersistEventListener.java:185) ~[hibernate-core-5.6.10.Final.jar:5.6.10.Final]
	at org.hibernate.event.internal.DefaultPersistEventListener.onPersist(DefaultPersistEventListener.java:128) ~[hibernate-core-5.6.10.Final.jar:5.6.10.Final]
	at org.hibernate.event.internal.DefaultPersistEventListener.onPersist(DefaultPersistEventListener.java:55) ~[hibernate-core-5.6.10.Final.jar:5.6.10.Final]
	at org.hibernate.event.service.internal.EventListenerGroupImpl.fireEventOnEachListener(EventListenerGroupImpl.java:107) ~[hibernate-core-5.6.10.Final.jar:5.6.10.Final]
	at org.hibernate.internal.SessionImpl.firePersist(SessionImpl.java:756) ~[hibernate-core-5.6.10.Final.jar:5.6.10.Final]
	at org.hibernate.internal.SessionImpl.persist(SessionImpl.java:742) ~[hibernate-core-5.6.10.Final.jar:5.6.10.Final]
	at java.base/jdk.internal.reflect.DirectMethodHandleAccessor.invoke(DirectMethodHandleAccessor.java:104) ~[na:na]
	at java.base/java.lang.reflect.Method.invoke(Method.java:565) ~[na:na]
	at org.springframework.orm.jpa.ExtendedEntityManagerCreator$ExtendedEntityManagerInvocationHandler.invoke(ExtendedEntityManagerCreator.java:362) ~[spring-orm-5.3.22.jar:5.3.22]
	at jdk.proxy2/jdk.proxy2.$Proxy103.persist(Unknown Source) ~[na:na]
	at java.base/jdk.internal.reflect.DirectMethodHandleAccessor.invoke(DirectMethodHandleAccessor.java:104) ~[na:na]
	at java.base/java.lang.reflect.Method.invoke(Method.java:565) ~[na:na]
	at org.springframework.orm.jpa.SharedEntityManagerCreator$SharedEntityManagerInvocationHandler.invoke(SharedEntityManagerCreator.java:311) ~[spring-orm-5.3.22.jar:5.3.22]
	at jdk.proxy2/jdk.proxy2.$Proxy103.persist(Unknown Source) ~[na:na]
	at org.springframework.data.jpa.repository.support.SimpleJpaRepository.save(SimpleJpaRepository.java:666) ~[spring-data-jpa-2.7.2.jar:2.7.2]
	at java.base/jdk.internal.reflect.DirectMethodHandleAccessor.invoke(DirectMethodHandleAccessor.java:104) ~[na:na]
	at java.base/java.lang.reflect.Method.invoke(Method.java:565) ~[na:na]
	at org.springframework.data.repository.core.support.RepositoryMethodInvoker$RepositoryFragmentMethodInvoker.lambda$new$0(RepositoryMethodInvoker.java:289) ~[spring-data-commons-2.7.2.jar:2.7.2]
	at org.springframework.data.repository.core.support.RepositoryMethodInvoker.doInvoke(RepositoryMethodInvoker.java:137) ~[spring-data-commons-2.7.2.jar:2.7.2]
	at org.springframework.data.repository.core.support.RepositoryMethodInvoker.invoke(RepositoryMethodInvoker.java:121) ~[spring-data-commons-2.7.2.jar:2.7.2]
	at org.springframework.data.repository.core.support.RepositoryComposition$RepositoryFragments.invoke(RepositoryComposition.java:530) ~[spring-data-commons-2.7.2.jar:2.7.2]
	at org.springframework.data.repository.core.support.RepositoryComposition.invoke(RepositoryComposition.java:286) ~[spring-data-commons-2.7.2.jar:2.7.2]
	at org.springframework.data.repository.core.support.RepositoryFactorySupport$ImplementationMethodExecutionInterceptor.invoke(RepositoryFactorySupport.java:640) ~[spring-data-commons-2.7.2.jar:2.7.2]
	at org.springframework.aop.framework.ReflectiveMethodInvocation.proceed(ReflectiveMethodInvocation.java:186) ~[spring-aop-5.3.22.jar:5.3.22]
	at org.springframework.data.repository.core.support.QueryExecutorMethodInterceptor.doInvoke(QueryExecutorMethodInterceptor.java:164) ~[spring-data-commons-2.7.2.jar:2.7.2]
	at org.springframework.data.repository.core.support.QueryExecutorMethodInterceptor.invoke(QueryExecutorMethodInterceptor.java:139) ~[spring-data-commons-2.7.2.jar:2.7.2]
	at org.springframework.aop.framework.ReflectiveMethodInvocation.proceed(ReflectiveMethodInvocation.java:186) ~[spring-aop-5.3.22.jar:5.3.22]
	at org.springframework.data.projection.DefaultMethodInvokingMethodInterceptor.invoke(DefaultMethodInvokingMethodInterceptor.java:81) ~[spring-data-commons-2.7.2.jar:2.7.2]
	at org.springframework.aop.framework.ReflectiveMethodInvocation.proceed(ReflectiveMethodInvocation.java:186) ~[spring-aop-5.3.22.jar:5.3.22]
	at org.springframework.transaction.interceptor.TransactionInterceptor$1.proceedWithInvocation(TransactionInterceptor.java:123) ~[spring-tx-5.3.22.jar:5.3.22]
	at org.springframework.transaction.interceptor.TransactionAspectSupport.invokeWithinTransaction(TransactionAspectSupport.java:388) ~[spring-tx-5.3.22.jar:5.3.22]
	at org.springframework.transaction.interceptor.TransactionInterceptor.invoke(TransactionInterceptor.java:119) ~[spring-tx-5.3.22.jar:5.3.22]
	at org.springframework.aop.framework.ReflectiveMethodInvocation.proceed(ReflectiveMethodInvocation.java:186) ~[spring-aop-5.3.22.jar:5.3.22]
	at org.springframework.dao.support.PersistenceExceptionTranslationInterceptor.invoke(PersistenceExceptionTranslationInterceptor.java:137) ~[spring-tx-5.3.22.jar:5.3.22]
	at org.springframework.aop.framework.ReflectiveMethodInvocation.proceed(ReflectiveMethodInvocation.java:186) ~[spring-aop-5.3.22.jar:5.3.22]
	at org.springframework.data.jpa.repository.support.CrudMethodMetadataPostProcessor$CrudMethodMetadataPopulatingMethodInterceptor.invoke(CrudMethodMetadataPostProcessor.java:174) ~[spring-data-jpa-2.7.2.jar:2.7.2]
	at org.springframework.aop.framework.ReflectiveMethodInvocation.proceed(ReflectiveMethodInvocation.java:186) ~[spring-aop-5.3.22.jar:5.3.22]
	at org.springframework.aop.interceptor.ExposeInvocationInterceptor.invoke(ExposeInvocationInterceptor.java:97) ~[spring-aop-5.3.22.jar:5.3.22]
	at org.springframework.aop.framework.ReflectiveMethodInvocation.proceed(ReflectiveMethodInvocation.java:186) ~[spring-aop-5.3.22.jar:5.3.22]
	at org.springframework.aop.framework.JdkDynamicAopProxy.invoke(JdkDynamicAopProxy.java:215) ~[spring-aop-5.3.22.jar:5.3.22]
	at jdk.proxy2/jdk.proxy2.$Proxy107.save(Unknown Source) ~[na:na]
	at com.chuwa.redbook.service.impl.PostServiceImpl.createPost(PostServiceImpl.java:46) ~[classes/:na]
	at com.chuwa.redbook.controller.PostController.createPost(PostController.java:25) ~[classes/:na]
	at java.base/jdk.internal.reflect.DirectMethodHandleAccessor.invoke(DirectMethodHandleAccessor.java:104) ~[na:na]
	at java.base/java.lang.reflect.Method.invoke(Method.java:565) ~[na:na]
	at org.springframework.web.method.support.InvocableHandlerMethod.doInvoke(InvocableHandlerMethod.java:205) ~[spring-web-5.3.22.jar:5.3.22]
	at org.springframework.web.method.support.InvocableHandlerMethod.invokeForRequest(InvocableHandlerMethod.java:150) ~[spring-web-5.3.22.jar:5.3.22]
	at org.springframework.web.servlet.mvc.method.annotation.ServletInvocableHandlerMethod.invokeAndHandle(ServletInvocableHandlerMethod.java:117) ~[spring-webmvc-5.3.22.jar:5.3.22]
	at org.springframework.web.servlet.mvc.method.annotation.RequestMappingHandlerAdapter.invokeHandlerMethod(RequestMappingHandlerAdapter.java:895) ~[spring-webmvc-5.3.22.jar:5.3.22]
	at org.springframework.web.servlet.mvc.method.annotation.RequestMappingHandlerAdapter.handleInternal(RequestMappingHandlerAdapter.java:808) ~[spring-webmvc-5.3.22.jar:5.3.22]
	at org.springframework.web.servlet.mvc.method.AbstractHandlerMethodAdapter.handle(AbstractHandlerMethodAdapter.java:87) ~[spring-webmvc-5.3.22.jar:5.3.22]
	at org.springframework.web.servlet.DispatcherServlet.doDispatch(DispatcherServlet.java:1070) ~[spring-webmvc-5.3.22.jar:5.3.22]
	at org.springframework.web.servlet.DispatcherServlet.doService(DispatcherServlet.java:963) ~[spring-webmvc-5.3.22.jar:5.3.22]
	at org.springframework.web.servlet.FrameworkServlet.processRequest(FrameworkServlet.java:1006) ~[spring-webmvc-5.3.22.jar:5.3.22]
	at org.springframework.web.servlet.FrameworkServlet.doPost(FrameworkServlet.java:909) ~[spring-webmvc-5.3.22.jar:5.3.22]
	at javax.servlet.http.HttpServlet.service(HttpServlet.java:681) ~[tomcat-embed-core-9.0.65.jar:4.0.FR]
	at org.springframework.web.servlet.FrameworkServlet.service(FrameworkServlet.java:883) ~[spring-webmvc-5.3.22.jar:5.3.22]
	at javax.servlet.http.HttpServlet.service(HttpServlet.java:764) ~[tomcat-embed-core-9.0.65.jar:4.0.FR]
	at org.apache.catalina.core.ApplicationFilterChain.internalDoFilter(ApplicationFilterChain.java:227) ~[tomcat-embed-core-9.0.65.jar:9.0.65]
	at org.apache.catalina.core.ApplicationFilterChain.doFilter(ApplicationFilterChain.java:162) ~[tomcat-embed-core-9.0.65.jar:9.0.65]
	at org.apache.tomcat.websocket.server.WsFilter.doFilter(WsFilter.java:53) ~[tomcat-embed-websocket-9.0.65.jar:9.0.65]
	at org.apache.catalina.core.ApplicationFilterChain.internalDoFilter(ApplicationFilterChain.java:189) ~[tomcat-embed-core-9.0.65.jar:9.0.65]
	at org.apache.catalina.core.ApplicationFilterChain.doFilter(ApplicationFilterChain.java:162) ~[tomcat-embed-core-9.0.65.jar:9.0.65]
	at org.springframework.web.filter.RequestContextFilter.doFilterInternal(RequestContextFilter.java:100) ~[spring-web-5.3.22.jar:5.3.22]
	at org.springframework.web.filter.OncePerRequestFilter.doFilter(OncePerRequestFilter.java:117) ~[spring-web-5.3.22.jar:5.3.22]
	at org.apache.catalina.core.ApplicationFilterChain.internalDoFilter(ApplicationFilterChain.java:189) ~[tomcat-embed-core-9.0.65.jar:9.0.65]
	at org.apache.catalina.core.ApplicationFilterChain.doFilter(ApplicationFilterChain.java:162) ~[tomcat-embed-core-9.0.65.jar:9.0.65]
	at org.springframework.web.filter.FormContentFilter.doFilterInternal(FormContentFilter.java:93) ~[spring-web-5.3.22.jar:5.3.22]
	at org.springframework.web.filter.OncePerRequestFilter.doFilter(OncePerRequestFilter.java:117) ~[spring-web-5.3.22.jar:5.3.22]
	at org.apache.catalina.core.ApplicationFilterChain.internalDoFilter(ApplicationFilterChain.java:189) ~[tomcat-embed-core-9.0.65.jar:9.0.65]
	at org.apache.catalina.core.ApplicationFilterChain.doFilter(ApplicationFilterChain.java:162) ~[tomcat-embed-core-9.0.65.jar:9.0.65]
	at org.springframework.web.filter.CharacterEncodingFilter.doFilterInternal(CharacterEncodingFilter.java:201) ~[spring-web-5.3.22.jar:5.3.22]
	at org.springframework.web.filter.OncePerRequestFilter.doFilter(OncePerRequestFilter.java:117) ~[spring-web-5.3.22.jar:5.3.22]
	at org.apache.catalina.core.ApplicationFilterChain.internalDoFilter(ApplicationFilterChain.java:189) ~[tomcat-embed-core-9.0.65.jar:9.0.65]
	at org.apache.catalina.core.ApplicationFilterChain.doFilter(ApplicationFilterChain.java:162) ~[tomcat-embed-core-9.0.65.jar:9.0.65]
	at org.apache.catalina.core.StandardWrapperValve.invoke(StandardWrapperValve.java:197) ~[tomcat-embed-core-9.0.65.jar:9.0.65]
	at org.apache.catalina.core.StandardContextValve.invoke(StandardContextValve.java:97) ~[tomcat-embed-core-9.0.65.jar:9.0.65]
	at org.apache.catalina.authenticator.AuthenticatorBase.invoke(AuthenticatorBase.java:541) ~[tomcat-embed-core-9.0.65.jar:9.0.65]
	at org.apache.catalina.core.StandardHostValve.invoke(StandardHostValve.java:135) ~[tomcat-embed-core-9.0.65.jar:9.0.65]
	at org.apache.catalina.valves.ErrorReportValve.invoke(ErrorReportValve.java:92) ~[tomcat-embed-core-9.0.65.jar:9.0.65]
	at org.apache.catalina.core.StandardEngineValve.invoke(StandardEngineValve.java:78) ~[tomcat-embed-core-9.0.65.jar:9.0.65]
	at org.apache.catalina.connector.CoyoteAdapter.service(CoyoteAdapter.java:360) ~[tomcat-embed-core-9.0.65.jar:9.0.65]
	at org.apache.coyote.http11.Http11Processor.service(Http11Processor.java:399) ~[tomcat-embed-core-9.0.65.jar:9.0.65]
	at org.apache.coyote.AbstractProcessorLight.process(AbstractProcessorLight.java:65) ~[tomcat-embed-core-9.0.65.jar:9.0.65]
	at org.apache.coyote.AbstractProtocol$ConnectionHandler.process(AbstractProtocol.java:890) ~[tomcat-embed-core-9.0.65.jar:9.0.65]
	at org.apache.tomcat.util.net.NioEndpoint$SocketProcessor.doRun(NioEndpoint.java:1789) ~[tomcat-embed-core-9.0.65.jar:9.0.65]
	at org.apache.tomcat.util.net.SocketProcessorBase.run(SocketProcessorBase.java:49) ~[tomcat-embed-core-9.0.65.jar:9.0.65]
	at org.apache.tomcat.util.threads.ThreadPoolExecutor.runWorker(ThreadPoolExecutor.java:1191) ~[tomcat-embed-core-9.0.65.jar:9.0.65]
	at org.apache.tomcat.util.threads.ThreadPoolExecutor$Worker.run(ThreadPoolExecutor.java:659) ~[tomcat-embed-core-9.0.65.jar:9.0.65]
	at org.apache.tomcat.util.threads.TaskThread$WrappingRunnable.run(TaskThread.java:61) ~[tomcat-embed-core-9.0.65.jar:9.0.65]
	at java.base/java.lang.Thread.run(Thread.java:1447) ~[na:na]

Hibernate: 
    select
        post0_.id as id1_0_,
        post0_.content as content2_0_,
        post0_.create_date_time as create_d3_0_,
        post0_.description as descript4_0_,
        post0_.title as title5_0_,
        post0_.update_date_time as update_d6_0_ 
    from
        posts post0_
Hibernate: 
    select
        post0_.id as id1_0_,
        post0_.content as content2_0_,
        post0_.create_date_time as create_d3_0_,
        post0_.description as descript4_0_,
        post0_.title as title5_0_,
        post0_.update_date_time as update_d6_0_ 
    from
        posts post0_
Hibernate: 
    select
        post0_.id as id1_0_,
        post0_.content as content2_0_,
        post0_.create_date_time as create_d3_0_,
        post0_.description as descript4_0_,
        post0_.title as title5_0_,
        post0_.update_date_time as update_d6_0_ 
    from
        posts post0_
Hibernate: 
    select
        post0_.id as id1_0_0_,
        post0_.content as content2_0_0_,
        post0_.create_date_time as create_d3_0_0_,
        post0_.description as descript4_0_0_,
        post0_.title as title5_0_0_,
        post0_.update_date_time as update_d6_0_0_ 
    from
        posts post0_ 
    where
        post0_.id=?
Hibernate: 
    select
        post0_.id as id1_0_,
        post0_.content as content2_0_,
        post0_.create_date_time as create_d3_0_,
        post0_.description as descript4_0_,
        post0_.title as title5_0_,
        post0_.update_date_time as update_d6_0_ 
    from
        posts post0_ 
    where
        post0_.id=? 
        or post0_.title=?
Hibernate: 
    select
        post0_.id as id1_0_,
        post0_.content as content2_0_,
        post0_.create_date_time as create_d3_0_,
        post0_.description as descript4_0_,
        post0_.title as title5_0_,
        post0_.update_date_time as update_d6_0_ 
    from
        posts post0_ 
    where
        post0_.id=? 
        or post0_.title=?
Hibernate: 
    select
        * 
    from
        posts p 
    where
        p.id = ? 
        or p.title = ?
Hibernate: 
    select
        * 
    from
        posts p 
    where
        p.id = ? 
        or p.title = ?
Hibernate: 
    select
        * 
    from
        posts p 
    where
        p.id = ? 
        or p.title = ?
Hibernate: 
    insert 
    into
        posts
        (id, content, create_date_time, description, title, update_date_time) 
    values
        (default, ?, ?, ?, ?, ?)
[2m2025-07-08 13:09:42.980[0;39m [33m WARN[0;39m [35m40136[0;39m [2m---[0;39m [2m[nio-8080-exec-4][0;39m [36mo.h.engine.jdbc.spi.SqlExceptionHelper  [0;39m [2m:[0;39m SQL Error: 23505, SQLState: 23505
[2m2025-07-08 13:09:42.980[0;39m [31mERROR[0;39m [35m40136[0;39m [2m---[0;39m [2m[nio-8080-exec-4][0;39m [36mo.h.engine.jdbc.spi.SqlExceptionHelper  [0;39m [2m:[0;39m Unique index or primary key violation: "PRIMARY KEY ON PUBLIC.POSTS(ID) ( /* key:3 */ CAST(3 AS BIGINT), 'EntityManager is the main interface for...', TIMESTAMP '2025-07-08 12:57:47.950953', 'How to use EntityManager', 'EntityManager Usage', TIMESTAMP '2025-07-08 12:57:47.950953')"; SQL statement:
insert into posts (id, content, create_date_time, description, title, update_date_time) values (default, ?, ?, ?, ?, ?) [23505-214]
[2m2025-07-08 13:09:42.983[0;39m [31mERROR[0;39m [35m40136[0;39m [2m---[0;39m [2m[nio-8080-exec-4][0;39m [36mo.a.c.c.C.[.[.[/].[dispatcherServlet]   [0;39m [2m:[0;39m Servlet.service() for servlet [dispatcherServlet] in context with path [] threw exception [Request processing failed; nested exception is org.springframework.dao.DataIntegrityViolationException: could not execute statement; SQL [n/a]; constraint ["PRIMARY KEY ON PUBLIC.POSTS(ID) ( /* key:3 */ CAST(3 AS BIGINT), 'EntityManager is the main interface for...', TIMESTAMP '2025-07-08 12:57:47.950953', 'How to use EntityManager', 'EntityManager Usage', TIMESTAMP '2025-07-08 12:57:47.950953')"; SQL statement:
insert into posts (id, content, create_date_time, description, title, update_date_time) values (default, ?, ?, ?, ?, ?) [23505-214]]; nested exception is org.hibernate.exception.ConstraintViolationException: could not execute statement] with root cause

org.h2.jdbc.JdbcSQLIntegrityConstraintViolationException: Unique index or primary key violation: "PRIMARY KEY ON PUBLIC.POSTS(ID) ( /* key:3 */ CAST(3 AS BIGINT), 'EntityManager is the main interface for...', TIMESTAMP '2025-07-08 12:57:47.950953', 'How to use EntityManager', 'EntityManager Usage', TIMESTAMP '2025-07-08 12:57:47.950953')"; SQL statement:
insert into posts (id, content, create_date_time, description, title, update_date_time) values (default, ?, ?, ?, ?, ?) [23505-214]
	at org.h2.message.DbException.getJdbcSQLException(DbException.java:508) ~[h2-2.1.214.jar:2.1.214]
	at org.h2.message.DbException.getJdbcSQLException(DbException.java:477) ~[h2-2.1.214.jar:2.1.214]
	at org.h2.message.DbException.get(DbException.java:223) ~[h2-2.1.214.jar:2.1.214]
	at org.h2.message.DbException.get(DbException.java:199) ~[h2-2.1.214.jar:2.1.214]
	at org.h2.mvstore.db.MVPrimaryIndex.add(MVPrimaryIndex.java:120) ~[h2-2.1.214.jar:2.1.214]
	at org.h2.mvstore.db.MVTable.addRow(MVTable.java:519) ~[h2-2.1.214.jar:2.1.214]
	at org.h2.command.dml.Insert.insertRows(Insert.java:174) ~[h2-2.1.214.jar:2.1.214]
	at org.h2.command.dml.Insert.update(Insert.java:135) ~[h2-2.1.214.jar:2.1.214]
	at org.h2.command.CommandContainer.executeUpdateWithGeneratedKeys(CommandContainer.java:242) ~[h2-2.1.214.jar:2.1.214]
	at org.h2.command.CommandContainer.update(CommandContainer.java:163) ~[h2-2.1.214.jar:2.1.214]
	at org.h2.command.Command.executeUpdate(Command.java:252) ~[h2-2.1.214.jar:2.1.214]
	at org.h2.jdbc.JdbcPreparedStatement.executeUpdateInternal(JdbcPreparedStatement.java:209) ~[h2-2.1.214.jar:2.1.214]
	at org.h2.jdbc.JdbcPreparedStatement.executeUpdate(JdbcPreparedStatement.java:169) ~[h2-2.1.214.jar:2.1.214]
	at com.zaxxer.hikari.pool.ProxyPreparedStatement.executeUpdate(ProxyPreparedStatement.java:61) ~[HikariCP-4.0.3.jar:na]
	at com.zaxxer.hikari.pool.HikariProxyPreparedStatement.executeUpdate(HikariProxyPreparedStatement.java) ~[HikariCP-4.0.3.jar:na]
	at org.hibernate.engine.jdbc.internal.ResultSetReturnImpl.executeUpdate(ResultSetReturnImpl.java:197) ~[hibernate-core-5.6.10.Final.jar:5.6.10.Final]
	at org.hibernate.dialect.identity.GetGeneratedKeysDelegate.executeAndExtract(GetGeneratedKeysDelegate.java:58) ~[hibernate-core-5.6.10.Final.jar:5.6.10.Final]
	at org.hibernate.id.insert.AbstractReturningDelegate.performInsert(AbstractReturningDelegate.java:43) ~[hibernate-core-5.6.10.Final.jar:5.6.10.Final]
	at org.hibernate.persister.entity.AbstractEntityPersister.insert(AbstractEntityPersister.java:3279) ~[hibernate-core-5.6.10.Final.jar:5.6.10.Final]
	at org.hibernate.persister.entity.AbstractEntityPersister.insert(AbstractEntityPersister.java:3885) ~[hibernate-core-5.6.10.Final.jar:5.6.10.Final]
	at org.hibernate.action.internal.EntityIdentityInsertAction.execute(EntityIdentityInsertAction.java:84) ~[hibernate-core-5.6.10.Final.jar:5.6.10.Final]
	at org.hibernate.engine.spi.ActionQueue.execute(ActionQueue.java:645) ~[hibernate-core-5.6.10.Final.jar:5.6.10.Final]
	at org.hibernate.engine.spi.ActionQueue.addResolvedEntityInsertAction(ActionQueue.java:282) ~[hibernate-core-5.6.10.Final.jar:5.6.10.Final]
	at org.hibernate.engine.spi.ActionQueue.addInsertAction(ActionQueue.java:263) ~[hibernate-core-5.6.10.Final.jar:5.6.10.Final]
	at org.hibernate.engine.spi.ActionQueue.addAction(ActionQueue.java:317) ~[hibernate-core-5.6.10.Final.jar:5.6.10.Final]
	at org.hibernate.event.internal.AbstractSaveEventListener.addInsertAction(AbstractSaveEventListener.java:330) ~[hibernate-core-5.6.10.Final.jar:5.6.10.Final]
	at org.hibernate.event.internal.AbstractSaveEventListener.performSaveOrReplicate(AbstractSaveEventListener.java:287) ~[hibernate-core-5.6.10.Final.jar:5.6.10.Final]
	at org.hibernate.event.internal.AbstractSaveEventListener.performSave(AbstractSaveEventListener.java:193) ~[hibernate-core-5.6.10.Final.jar:5.6.10.Final]
	at org.hibernate.event.internal.AbstractSaveEventListener.saveWithGeneratedId(AbstractSaveEventListener.java:123) ~[hibernate-core-5.6.10.Final.jar:5.6.10.Final]
	at org.hibernate.event.internal.DefaultPersistEventListener.entityIsTransient(DefaultPersistEventListener.java:185) ~[hibernate-core-5.6.10.Final.jar:5.6.10.Final]
	at org.hibernate.event.internal.DefaultPersistEventListener.onPersist(DefaultPersistEventListener.java:128) ~[hibernate-core-5.6.10.Final.jar:5.6.10.Final]
	at org.hibernate.event.internal.DefaultPersistEventListener.onPersist(DefaultPersistEventListener.java:55) ~[hibernate-core-5.6.10.Final.jar:5.6.10.Final]
	at org.hibernate.event.service.internal.EventListenerGroupImpl.fireEventOnEachListener(EventListenerGroupImpl.java:107) ~[hibernate-core-5.6.10.Final.jar:5.6.10.Final]
	at org.hibernate.internal.SessionImpl.firePersist(SessionImpl.java:756) ~[hibernate-core-5.6.10.Final.jar:5.6.10.Final]
	at org.hibernate.internal.SessionImpl.persist(SessionImpl.java:742) ~[hibernate-core-5.6.10.Final.jar:5.6.10.Final]
	at java.base/jdk.internal.reflect.DirectMethodHandleAccessor.invoke(DirectMethodHandleAccessor.java:104) ~[na:na]
	at java.base/java.lang.reflect.Method.invoke(Method.java:565) ~[na:na]
	at org.springframework.orm.jpa.ExtendedEntityManagerCreator$ExtendedEntityManagerInvocationHandler.invoke(ExtendedEntityManagerCreator.java:362) ~[spring-orm-5.3.22.jar:5.3.22]
	at jdk.proxy2/jdk.proxy2.$Proxy103.persist(Unknown Source) ~[na:na]
	at java.base/jdk.internal.reflect.DirectMethodHandleAccessor.invoke(DirectMethodHandleAccessor.java:104) ~[na:na]
	at java.base/java.lang.reflect.Method.invoke(Method.java:565) ~[na:na]
	at org.springframework.orm.jpa.SharedEntityManagerCreator$SharedEntityManagerInvocationHandler.invoke(SharedEntityManagerCreator.java:311) ~[spring-orm-5.3.22.jar:5.3.22]
	at jdk.proxy2/jdk.proxy2.$Proxy103.persist(Unknown Source) ~[na:na]
	at org.springframework.data.jpa.repository.support.SimpleJpaRepository.save(SimpleJpaRepository.java:666) ~[spring-data-jpa-2.7.2.jar:2.7.2]
	at java.base/jdk.internal.reflect.DirectMethodHandleAccessor.invoke(DirectMethodHandleAccessor.java:104) ~[na:na]
	at java.base/java.lang.reflect.Method.invoke(Method.java:565) ~[na:na]
	at org.springframework.data.repository.core.support.RepositoryMethodInvoker$RepositoryFragmentMethodInvoker.lambda$new$0(RepositoryMethodInvoker.java:289) ~[spring-data-commons-2.7.2.jar:2.7.2]
	at org.springframework.data.repository.core.support.RepositoryMethodInvoker.doInvoke(RepositoryMethodInvoker.java:137) ~[spring-data-commons-2.7.2.jar:2.7.2]
	at org.springframework.data.repository.core.support.RepositoryMethodInvoker.invoke(RepositoryMethodInvoker.java:121) ~[spring-data-commons-2.7.2.jar:2.7.2]
	at org.springframework.data.repository.core.support.RepositoryComposition$RepositoryFragments.invoke(RepositoryComposition.java:530) ~[spring-data-commons-2.7.2.jar:2.7.2]
	at org.springframework.data.repository.core.support.RepositoryComposition.invoke(RepositoryComposition.java:286) ~[spring-data-commons-2.7.2.jar:2.7.2]
	at org.springframework.data.repository.core.support.RepositoryFactorySupport$ImplementationMethodExecutionInterceptor.invoke(RepositoryFactorySupport.java:640) ~[spring-data-commons-2.7.2.jar:2.7.2]
	at org.springframework.aop.framework.ReflectiveMethodInvocation.proceed(ReflectiveMethodInvocation.java:186) ~[spring-aop-5.3.22.jar:5.3.22]
	at org.springframework.data.repository.core.support.QueryExecutorMethodInterceptor.doInvoke(QueryExecutorMethodInterceptor.java:164) ~[spring-data-commons-2.7.2.jar:2.7.2]
	at org.springframework.data.repository.core.support.QueryExecutorMethodInterceptor.invoke(QueryExecutorMethodInterceptor.java:139) ~[spring-data-commons-2.7.2.jar:2.7.2]
	at org.springframework.aop.framework.ReflectiveMethodInvocation.proceed(ReflectiveMethodInvocation.java:186) ~[spring-aop-5.3.22.jar:5.3.22]
	at org.springframework.data.projection.DefaultMethodInvokingMethodInterceptor.invoke(DefaultMethodInvokingMethodInterceptor.java:81) ~[spring-data-commons-2.7.2.jar:2.7.2]
	at org.springframework.aop.framework.ReflectiveMethodInvocation.proceed(ReflectiveMethodInvocation.java:186) ~[spring-aop-5.3.22.jar:5.3.22]
	at org.springframework.transaction.interceptor.TransactionInterceptor$1.proceedWithInvocation(TransactionInterceptor.java:123) ~[spring-tx-5.3.22.jar:5.3.22]
	at org.springframework.transaction.interceptor.TransactionAspectSupport.invokeWithinTransaction(TransactionAspectSupport.java:388) ~[spring-tx-5.3.22.jar:5.3.22]
	at org.springframework.transaction.interceptor.TransactionInterceptor.invoke(TransactionInterceptor.java:119) ~[spring-tx-5.3.22.jar:5.3.22]
	at org.springframework.aop.framework.ReflectiveMethodInvocation.proceed(ReflectiveMethodInvocation.java:186) ~[spring-aop-5.3.22.jar:5.3.22]
	at org.springframework.dao.support.PersistenceExceptionTranslationInterceptor.invoke(PersistenceExceptionTranslationInterceptor.java:137) ~[spring-tx-5.3.22.jar:5.3.22]
	at org.springframework.aop.framework.ReflectiveMethodInvocation.proceed(ReflectiveMethodInvocation.java:186) ~[spring-aop-5.3.22.jar:5.3.22]
	at org.springframework.data.jpa.repository.support.CrudMethodMetadataPostProcessor$CrudMethodMetadataPopulatingMethodInterceptor.invoke(CrudMethodMetadataPostProcessor.java:174) ~[spring-data-jpa-2.7.2.jar:2.7.2]
	at org.springframework.aop.framework.ReflectiveMethodInvocation.proceed(ReflectiveMethodInvocation.java:186) ~[spring-aop-5.3.22.jar:5.3.22]
	at org.springframework.aop.interceptor.ExposeInvocationInterceptor.invoke(ExposeInvocationInterceptor.java:97) ~[spring-aop-5.3.22.jar:5.3.22]
	at org.springframework.aop.framework.ReflectiveMethodInvocation.proceed(ReflectiveMethodInvocation.java:186) ~[spring-aop-5.3.22.jar:5.3.22]
	at org.springframework.aop.framework.JdkDynamicAopProxy.invoke(JdkDynamicAopProxy.java:215) ~[spring-aop-5.3.22.jar:5.3.22]
	at jdk.proxy2/jdk.proxy2.$Proxy107.save(Unknown Source) ~[na:na]
	at com.chuwa.redbook.service.impl.PostServiceImpl.createPost(PostServiceImpl.java:46) ~[classes/:na]
	at com.chuwa.redbook.controller.PostController.createPost(PostController.java:25) ~[classes/:na]
	at java.base/jdk.internal.reflect.DirectMethodHandleAccessor.invoke(DirectMethodHandleAccessor.java:104) ~[na:na]
	at java.base/java.lang.reflect.Method.invoke(Method.java:565) ~[na:na]
	at org.springframework.web.method.support.InvocableHandlerMethod.doInvoke(InvocableHandlerMethod.java:205) ~[spring-web-5.3.22.jar:5.3.22]
	at org.springframework.web.method.support.InvocableHandlerMethod.invokeForRequest(InvocableHandlerMethod.java:150) ~[spring-web-5.3.22.jar:5.3.22]
	at org.springframework.web.servlet.mvc.method.annotation.ServletInvocableHandlerMethod.invokeAndHandle(ServletInvocableHandlerMethod.java:117) ~[spring-webmvc-5.3.22.jar:5.3.22]
	at org.springframework.web.servlet.mvc.method.annotation.RequestMappingHandlerAdapter.invokeHandlerMethod(RequestMappingHandlerAdapter.java:895) ~[spring-webmvc-5.3.22.jar:5.3.22]
	at org.springframework.web.servlet.mvc.method.annotation.RequestMappingHandlerAdapter.handleInternal(RequestMappingHandlerAdapter.java:808) ~[spring-webmvc-5.3.22.jar:5.3.22]
	at org.springframework.web.servlet.mvc.method.AbstractHandlerMethodAdapter.handle(AbstractHandlerMethodAdapter.java:87) ~[spring-webmvc-5.3.22.jar:5.3.22]
	at org.springframework.web.servlet.DispatcherServlet.doDispatch(DispatcherServlet.java:1070) ~[spring-webmvc-5.3.22.jar:5.3.22]
	at org.springframework.web.servlet.DispatcherServlet.doService(DispatcherServlet.java:963) ~[spring-webmvc-5.3.22.jar:5.3.22]
	at org.springframework.web.servlet.FrameworkServlet.processRequest(FrameworkServlet.java:1006) ~[spring-webmvc-5.3.22.jar:5.3.22]
	at org.springframework.web.servlet.FrameworkServlet.doPost(FrameworkServlet.java:909) ~[spring-webmvc-5.3.22.jar:5.3.22]
	at javax.servlet.http.HttpServlet.service(HttpServlet.java:681) ~[tomcat-embed-core-9.0.65.jar:4.0.FR]
	at org.springframework.web.servlet.FrameworkServlet.service(FrameworkServlet.java:883) ~[spring-webmvc-5.3.22.jar:5.3.22]
	at javax.servlet.http.HttpServlet.service(HttpServlet.java:764) ~[tomcat-embed-core-9.0.65.jar:4.0.FR]
	at org.apache.catalina.core.ApplicationFilterChain.internalDoFilter(ApplicationFilterChain.java:227) ~[tomcat-embed-core-9.0.65.jar:9.0.65]
	at org.apache.catalina.core.ApplicationFilterChain.doFilter(ApplicationFilterChain.java:162) ~[tomcat-embed-core-9.0.65.jar:9.0.65]
	at org.apache.tomcat.websocket.server.WsFilter.doFilter(WsFilter.java:53) ~[tomcat-embed-websocket-9.0.65.jar:9.0.65]
	at org.apache.catalina.core.ApplicationFilterChain.internalDoFilter(ApplicationFilterChain.java:189) ~[tomcat-embed-core-9.0.65.jar:9.0.65]
	at org.apache.catalina.core.ApplicationFilterChain.doFilter(ApplicationFilterChain.java:162) ~[tomcat-embed-core-9.0.65.jar:9.0.65]
	at org.springframework.web.filter.RequestContextFilter.doFilterInternal(RequestContextFilter.java:100) ~[spring-web-5.3.22.jar:5.3.22]
	at org.springframework.web.filter.OncePerRequestFilter.doFilter(OncePerRequestFilter.java:117) ~[spring-web-5.3.22.jar:5.3.22]
	at org.apache.catalina.core.ApplicationFilterChain.internalDoFilter(ApplicationFilterChain.java:189) ~[tomcat-embed-core-9.0.65.jar:9.0.65]
	at org.apache.catalina.core.ApplicationFilterChain.doFilter(ApplicationFilterChain.java:162) ~[tomcat-embed-core-9.0.65.jar:9.0.65]
	at org.springframework.web.filter.FormContentFilter.doFilterInternal(FormContentFilter.java:93) ~[spring-web-5.3.22.jar:5.3.22]
	at org.springframework.web.filter.OncePerRequestFilter.doFilter(OncePerRequestFilter.java:117) ~[spring-web-5.3.22.jar:5.3.22]
	at org.apache.catalina.core.ApplicationFilterChain.internalDoFilter(ApplicationFilterChain.java:189) ~[tomcat-embed-core-9.0.65.jar:9.0.65]
	at org.apache.catalina.core.ApplicationFilterChain.doFilter(ApplicationFilterChain.java:162) ~[tomcat-embed-core-9.0.65.jar:9.0.65]
	at org.springframework.web.filter.CharacterEncodingFilter.doFilterInternal(CharacterEncodingFilter.java:201) ~[spring-web-5.3.22.jar:5.3.22]
	at org.springframework.web.filter.OncePerRequestFilter.doFilter(OncePerRequestFilter.java:117) ~[spring-web-5.3.22.jar:5.3.22]
	at org.apache.catalina.core.ApplicationFilterChain.internalDoFilter(ApplicationFilterChain.java:189) ~[tomcat-embed-core-9.0.65.jar:9.0.65]
	at org.apache.catalina.core.ApplicationFilterChain.doFilter(ApplicationFilterChain.java:162) ~[tomcat-embed-core-9.0.65.jar:9.0.65]
	at org.apache.catalina.core.StandardWrapperValve.invoke(StandardWrapperValve.java:197) ~[tomcat-embed-core-9.0.65.jar:9.0.65]
	at org.apache.catalina.core.StandardContextValve.invoke(StandardContextValve.java:97) ~[tomcat-embed-core-9.0.65.jar:9.0.65]
	at org.apache.catalina.authenticator.AuthenticatorBase.invoke(AuthenticatorBase.java:541) ~[tomcat-embed-core-9.0.65.jar:9.0.65]
	at org.apache.catalina.core.StandardHostValve.invoke(StandardHostValve.java:135) ~[tomcat-embed-core-9.0.65.jar:9.0.65]
	at org.apache.catalina.valves.ErrorReportValve.invoke(ErrorReportValve.java:92) ~[tomcat-embed-core-9.0.65.jar:9.0.65]
	at org.apache.catalina.core.StandardEngineValve.invoke(StandardEngineValve.java:78) ~[tomcat-embed-core-9.0.65.jar:9.0.65]
	at org.apache.catalina.connector.CoyoteAdapter.service(CoyoteAdapter.java:360) ~[tomcat-embed-core-9.0.65.jar:9.0.65]
	at org.apache.coyote.http11.Http11Processor.service(Http11Processor.java:399) ~[tomcat-embed-core-9.0.65.jar:9.0.65]
	at org.apache.coyote.AbstractProcessorLight.process(AbstractProcessorLight.java:65) ~[tomcat-embed-core-9.0.65.jar:9.0.65]
	at org.apache.coyote.AbstractProtocol$ConnectionHandler.process(AbstractProtocol.java:890) ~[tomcat-embed-core-9.0.65.jar:9.0.65]
	at org.apache.tomcat.util.net.NioEndpoint$SocketProcessor.doRun(NioEndpoint.java:1789) ~[tomcat-embed-core-9.0.65.jar:9.0.65]
	at org.apache.tomcat.util.net.SocketProcessorBase.run(SocketProcessorBase.java:49) ~[tomcat-embed-core-9.0.65.jar:9.0.65]
	at org.apache.tomcat.util.threads.ThreadPoolExecutor.runWorker(ThreadPoolExecutor.java:1191) ~[tomcat-embed-core-9.0.65.jar:9.0.65]
	at org.apache.tomcat.util.threads.ThreadPoolExecutor$Worker.run(ThreadPoolExecutor.java:659) ~[tomcat-embed-core-9.0.65.jar:9.0.65]
	at org.apache.tomcat.util.threads.TaskThread$WrappingRunnable.run(TaskThread.java:61) ~[tomcat-embed-core-9.0.65.jar:9.0.65]
	at java.base/java.lang.Thread.run(Thread.java:1447) ~[na:na]

Hibernate: 
    insert 
    into
        posts
        (id, content, create_date_time, description, title, update_date_time) 
    values
        (default, ?, ?, ?, ?, ?)
[2m2025-07-08 13:10:16.911[0;39m [33m WARN[0;39m [35m40136[0;39m [2m---[0;39m [2m[nio-8080-exec-2][0;39m [36mo.h.engine.jdbc.spi.SqlExceptionHelper  [0;39m [2m:[0;39m SQL Error: 23505, SQLState: 23505
[2m2025-07-08 13:10:16.911[0;39m [31mERROR[0;39m [35m40136[0;39m [2m---[0;39m [2m[nio-8080-exec-2][0;39m [36mo.h.engine.jdbc.spi.SqlExceptionHelper  [0;39m [2m:[0;39m Unique index or primary key violation: "PRIMARY KEY ON PUBLIC.POSTS(ID) ( /* key:4 */ CAST(4 AS BIGINT), 'Hibernate Session provides methods for...', TIMESTAMP '2025-07-08 12:57:47.950953', 'Working with Hibernate Sessions', 'Hibernate Session', TIMESTAMP '2025-07-08 12:57:47.950953')"; SQL statement:
insert into posts (id, content, create_date_time, description, title, update_date_time) values (default, ?, ?, ?, ?, ?) [23505-214]
[2m2025-07-08 13:10:16.913[0;39m [31mERROR[0;39m [35m40136[0;39m [2m---[0;39m [2m[nio-8080-exec-2][0;39m [36mo.a.c.c.C.[.[.[/].[dispatcherServlet]   [0;39m [2m:[0;39m Servlet.service() for servlet [dispatcherServlet] in context with path [] threw exception [Request processing failed; nested exception is org.springframework.dao.DataIntegrityViolationException: could not execute statement; SQL [n/a]; constraint ["PRIMARY KEY ON PUBLIC.POSTS(ID) ( /* key:4 */ CAST(4 AS BIGINT), 'Hibernate Session provides methods for...', TIMESTAMP '2025-07-08 12:57:47.950953', 'Working with Hibernate Sessions', 'Hibernate Session', TIMESTAMP '2025-07-08 12:57:47.950953')"; SQL statement:
insert into posts (id, content, create_date_time, description, title, update_date_time) values (default, ?, ?, ?, ?, ?) [23505-214]]; nested exception is org.hibernate.exception.ConstraintViolationException: could not execute statement] with root cause

org.h2.jdbc.JdbcSQLIntegrityConstraintViolationException: Unique index or primary key violation: "PRIMARY KEY ON PUBLIC.POSTS(ID) ( /* key:4 */ CAST(4 AS BIGINT), 'Hibernate Session provides methods for...', TIMESTAMP '2025-07-08 12:57:47.950953', 'Working with Hibernate Sessions', 'Hibernate Session', TIMESTAMP '2025-07-08 12:57:47.950953')"; SQL statement:
insert into posts (id, content, create_date_time, description, title, update_date_time) values (default, ?, ?, ?, ?, ?) [23505-214]
	at org.h2.message.DbException.getJdbcSQLException(DbException.java:508) ~[h2-2.1.214.jar:2.1.214]
	at org.h2.message.DbException.getJdbcSQLException(DbException.java:477) ~[h2-2.1.214.jar:2.1.214]
	at org.h2.message.DbException.get(DbException.java:223) ~[h2-2.1.214.jar:2.1.214]
	at org.h2.message.DbException.get(DbException.java:199) ~[h2-2.1.214.jar:2.1.214]
	at org.h2.mvstore.db.MVPrimaryIndex.add(MVPrimaryIndex.java:120) ~[h2-2.1.214.jar:2.1.214]
	at org.h2.mvstore.db.MVTable.addRow(MVTable.java:519) ~[h2-2.1.214.jar:2.1.214]
	at org.h2.command.dml.Insert.insertRows(Insert.java:174) ~[h2-2.1.214.jar:2.1.214]
	at org.h2.command.dml.Insert.update(Insert.java:135) ~[h2-2.1.214.jar:2.1.214]
	at org.h2.command.CommandContainer.executeUpdateWithGeneratedKeys(CommandContainer.java:242) ~[h2-2.1.214.jar:2.1.214]
	at org.h2.command.CommandContainer.update(CommandContainer.java:163) ~[h2-2.1.214.jar:2.1.214]
	at org.h2.command.Command.executeUpdate(Command.java:252) ~[h2-2.1.214.jar:2.1.214]
	at org.h2.jdbc.JdbcPreparedStatement.executeUpdateInternal(JdbcPreparedStatement.java:209) ~[h2-2.1.214.jar:2.1.214]
	at org.h2.jdbc.JdbcPreparedStatement.executeUpdate(JdbcPreparedStatement.java:169) ~[h2-2.1.214.jar:2.1.214]
	at com.zaxxer.hikari.pool.ProxyPreparedStatement.executeUpdate(ProxyPreparedStatement.java:61) ~[HikariCP-4.0.3.jar:na]
	at com.zaxxer.hikari.pool.HikariProxyPreparedStatement.executeUpdate(HikariProxyPreparedStatement.java) ~[HikariCP-4.0.3.jar:na]
	at org.hibernate.engine.jdbc.internal.ResultSetReturnImpl.executeUpdate(ResultSetReturnImpl.java:197) ~[hibernate-core-5.6.10.Final.jar:5.6.10.Final]
	at org.hibernate.dialect.identity.GetGeneratedKeysDelegate.executeAndExtract(GetGeneratedKeysDelegate.java:58) ~[hibernate-core-5.6.10.Final.jar:5.6.10.Final]
	at org.hibernate.id.insert.AbstractReturningDelegate.performInsert(AbstractReturningDelegate.java:43) ~[hibernate-core-5.6.10.Final.jar:5.6.10.Final]
	at org.hibernate.persister.entity.AbstractEntityPersister.insert(AbstractEntityPersister.java:3279) ~[hibernate-core-5.6.10.Final.jar:5.6.10.Final]
	at org.hibernate.persister.entity.AbstractEntityPersister.insert(AbstractEntityPersister.java:3885) ~[hibernate-core-5.6.10.Final.jar:5.6.10.Final]
	at org.hibernate.action.internal.EntityIdentityInsertAction.execute(EntityIdentityInsertAction.java:84) ~[hibernate-core-5.6.10.Final.jar:5.6.10.Final]
	at org.hibernate.engine.spi.ActionQueue.execute(ActionQueue.java:645) ~[hibernate-core-5.6.10.Final.jar:5.6.10.Final]
	at org.hibernate.engine.spi.ActionQueue.addResolvedEntityInsertAction(ActionQueue.java:282) ~[hibernate-core-5.6.10.Final.jar:5.6.10.Final]
	at org.hibernate.engine.spi.ActionQueue.addInsertAction(ActionQueue.java:263) ~[hibernate-core-5.6.10.Final.jar:5.6.10.Final]
	at org.hibernate.engine.spi.ActionQueue.addAction(ActionQueue.java:317) ~[hibernate-core-5.6.10.Final.jar:5.6.10.Final]
	at org.hibernate.event.internal.AbstractSaveEventListener.addInsertAction(AbstractSaveEventListener.java:330) ~[hibernate-core-5.6.10.Final.jar:5.6.10.Final]
	at org.hibernate.event.internal.AbstractSaveEventListener.performSaveOrReplicate(AbstractSaveEventListener.java:287) ~[hibernate-core-5.6.10.Final.jar:5.6.10.Final]
	at org.hibernate.event.internal.AbstractSaveEventListener.performSave(AbstractSaveEventListener.java:193) ~[hibernate-core-5.6.10.Final.jar:5.6.10.Final]
	at org.hibernate.event.internal.AbstractSaveEventListener.saveWithGeneratedId(AbstractSaveEventListener.java:123) ~[hibernate-core-5.6.10.Final.jar:5.6.10.Final]
	at org.hibernate.event.internal.DefaultPersistEventListener.entityIsTransient(DefaultPersistEventListener.java:185) ~[hibernate-core-5.6.10.Final.jar:5.6.10.Final]
	at org.hibernate.event.internal.DefaultPersistEventListener.onPersist(DefaultPersistEventListener.java:128) ~[hibernate-core-5.6.10.Final.jar:5.6.10.Final]
	at org.hibernate.event.internal.DefaultPersistEventListener.onPersist(DefaultPersistEventListener.java:55) ~[hibernate-core-5.6.10.Final.jar:5.6.10.Final]
	at org.hibernate.event.service.internal.EventListenerGroupImpl.fireEventOnEachListener(EventListenerGroupImpl.java:107) ~[hibernate-core-5.6.10.Final.jar:5.6.10.Final]
	at org.hibernate.internal.SessionImpl.firePersist(SessionImpl.java:756) ~[hibernate-core-5.6.10.Final.jar:5.6.10.Final]
	at org.hibernate.internal.SessionImpl.persist(SessionImpl.java:742) ~[hibernate-core-5.6.10.Final.jar:5.6.10.Final]
	at java.base/jdk.internal.reflect.DirectMethodHandleAccessor.invoke(DirectMethodHandleAccessor.java:104) ~[na:na]
	at java.base/java.lang.reflect.Method.invoke(Method.java:565) ~[na:na]
	at org.springframework.orm.jpa.ExtendedEntityManagerCreator$ExtendedEntityManagerInvocationHandler.invoke(ExtendedEntityManagerCreator.java:362) ~[spring-orm-5.3.22.jar:5.3.22]
	at jdk.proxy2/jdk.proxy2.$Proxy103.persist(Unknown Source) ~[na:na]
	at java.base/jdk.internal.reflect.DirectMethodHandleAccessor.invoke(DirectMethodHandleAccessor.java:104) ~[na:na]
	at java.base/java.lang.reflect.Method.invoke(Method.java:565) ~[na:na]
	at org.springframework.orm.jpa.SharedEntityManagerCreator$SharedEntityManagerInvocationHandler.invoke(SharedEntityManagerCreator.java:311) ~[spring-orm-5.3.22.jar:5.3.22]
	at jdk.proxy2/jdk.proxy2.$Proxy103.persist(Unknown Source) ~[na:na]
	at org.springframework.data.jpa.repository.support.SimpleJpaRepository.save(SimpleJpaRepository.java:666) ~[spring-data-jpa-2.7.2.jar:2.7.2]
	at java.base/jdk.internal.reflect.DirectMethodHandleAccessor.invoke(DirectMethodHandleAccessor.java:104) ~[na:na]
	at java.base/java.lang.reflect.Method.invoke(Method.java:565) ~[na:na]
	at org.springframework.data.repository.core.support.RepositoryMethodInvoker$RepositoryFragmentMethodInvoker.lambda$new$0(RepositoryMethodInvoker.java:289) ~[spring-data-commons-2.7.2.jar:2.7.2]
	at org.springframework.data.repository.core.support.RepositoryMethodInvoker.doInvoke(RepositoryMethodInvoker.java:137) ~[spring-data-commons-2.7.2.jar:2.7.2]
	at org.springframework.data.repository.core.support.RepositoryMethodInvoker.invoke(RepositoryMethodInvoker.java:121) ~[spring-data-commons-2.7.2.jar:2.7.2]
	at org.springframework.data.repository.core.support.RepositoryComposition$RepositoryFragments.invoke(RepositoryComposition.java:530) ~[spring-data-commons-2.7.2.jar:2.7.2]
	at org.springframework.data.repository.core.support.RepositoryComposition.invoke(RepositoryComposition.java:286) ~[spring-data-commons-2.7.2.jar:2.7.2]
	at org.springframework.data.repository.core.support.RepositoryFactorySupport$ImplementationMethodExecutionInterceptor.invoke(RepositoryFactorySupport.java:640) ~[spring-data-commons-2.7.2.jar:2.7.2]
	at org.springframework.aop.framework.ReflectiveMethodInvocation.proceed(ReflectiveMethodInvocation.java:186) ~[spring-aop-5.3.22.jar:5.3.22]
	at org.springframework.data.repository.core.support.QueryExecutorMethodInterceptor.doInvoke(QueryExecutorMethodInterceptor.java:164) ~[spring-data-commons-2.7.2.jar:2.7.2]
	at org.springframework.data.repository.core.support.QueryExecutorMethodInterceptor.invoke(QueryExecutorMethodInterceptor.java:139) ~[spring-data-commons-2.7.2.jar:2.7.2]
	at org.springframework.aop.framework.ReflectiveMethodInvocation.proceed(ReflectiveMethodInvocation.java:186) ~[spring-aop-5.3.22.jar:5.3.22]
	at org.springframework.data.projection.DefaultMethodInvokingMethodInterceptor.invoke(DefaultMethodInvokingMethodInterceptor.java:81) ~[spring-data-commons-2.7.2.jar:2.7.2]
	at org.springframework.aop.framework.ReflectiveMethodInvocation.proceed(ReflectiveMethodInvocation.java:186) ~[spring-aop-5.3.22.jar:5.3.22]
	at org.springframework.transaction.interceptor.TransactionInterceptor$1.proceedWithInvocation(TransactionInterceptor.java:123) ~[spring-tx-5.3.22.jar:5.3.22]
	at org.springframework.transaction.interceptor.TransactionAspectSupport.invokeWithinTransaction(TransactionAspectSupport.java:388) ~[spring-tx-5.3.22.jar:5.3.22]
	at org.springframework.transaction.interceptor.TransactionInterceptor.invoke(TransactionInterceptor.java:119) ~[spring-tx-5.3.22.jar:5.3.22]
	at org.springframework.aop.framework.ReflectiveMethodInvocation.proceed(ReflectiveMethodInvocation.java:186) ~[spring-aop-5.3.22.jar:5.3.22]
	at org.springframework.dao.support.PersistenceExceptionTranslationInterceptor.invoke(PersistenceExceptionTranslationInterceptor.java:137) ~[spring-tx-5.3.22.jar:5.3.22]
	at org.springframework.aop.framework.ReflectiveMethodInvocation.proceed(ReflectiveMethodInvocation.java:186) ~[spring-aop-5.3.22.jar:5.3.22]
	at org.springframework.data.jpa.repository.support.CrudMethodMetadataPostProcessor$CrudMethodMetadataPopulatingMethodInterceptor.invoke(CrudMethodMetadataPostProcessor.java:174) ~[spring-data-jpa-2.7.2.jar:2.7.2]
	at org.springframework.aop.framework.ReflectiveMethodInvocation.proceed(ReflectiveMethodInvocation.java:186) ~[spring-aop-5.3.22.jar:5.3.22]
	at org.springframework.aop.interceptor.ExposeInvocationInterceptor.invoke(ExposeInvocationInterceptor.java:97) ~[spring-aop-5.3.22.jar:5.3.22]
	at org.springframework.aop.framework.ReflectiveMethodInvocation.proceed(ReflectiveMethodInvocation.java:186) ~[spring-aop-5.3.22.jar:5.3.22]
	at org.springframework.aop.framework.JdkDynamicAopProxy.invoke(JdkDynamicAopProxy.java:215) ~[spring-aop-5.3.22.jar:5.3.22]
	at jdk.proxy2/jdk.proxy2.$Proxy107.save(Unknown Source) ~[na:na]
	at com.chuwa.redbook.service.impl.PostServiceImpl.createPost(PostServiceImpl.java:46) ~[classes/:na]
	at com.chuwa.redbook.controller.PostController.createPost(PostController.java:25) ~[classes/:na]
	at java.base/jdk.internal.reflect.DirectMethodHandleAccessor.invoke(DirectMethodHandleAccessor.java:104) ~[na:na]
	at java.base/java.lang.reflect.Method.invoke(Method.java:565) ~[na:na]
	at org.springframework.web.method.support.InvocableHandlerMethod.doInvoke(InvocableHandlerMethod.java:205) ~[spring-web-5.3.22.jar:5.3.22]
	at org.springframework.web.method.support.InvocableHandlerMethod.invokeForRequest(InvocableHandlerMethod.java:150) ~[spring-web-5.3.22.jar:5.3.22]
	at org.springframework.web.servlet.mvc.method.annotation.ServletInvocableHandlerMethod.invokeAndHandle(ServletInvocableHandlerMethod.java:117) ~[spring-webmvc-5.3.22.jar:5.3.22]
	at org.springframework.web.servlet.mvc.method.annotation.RequestMappingHandlerAdapter.invokeHandlerMethod(RequestMappingHandlerAdapter.java:895) ~[spring-webmvc-5.3.22.jar:5.3.22]
	at org.springframework.web.servlet.mvc.method.annotation.RequestMappingHandlerAdapter.handleInternal(RequestMappingHandlerAdapter.java:808) ~[spring-webmvc-5.3.22.jar:5.3.22]
	at org.springframework.web.servlet.mvc.method.AbstractHandlerMethodAdapter.handle(AbstractHandlerMethodAdapter.java:87) ~[spring-webmvc-5.3.22.jar:5.3.22]
	at org.springframework.web.servlet.DispatcherServlet.doDispatch(DispatcherServlet.java:1070) ~[spring-webmvc-5.3.22.jar:5.3.22]
	at org.springframework.web.servlet.DispatcherServlet.doService(DispatcherServlet.java:963) ~[spring-webmvc-5.3.22.jar:5.3.22]
	at org.springframework.web.servlet.FrameworkServlet.processRequest(FrameworkServlet.java:1006) ~[spring-webmvc-5.3.22.jar:5.3.22]
	at org.springframework.web.servlet.FrameworkServlet.doPost(FrameworkServlet.java:909) ~[spring-webmvc-5.3.22.jar:5.3.22]
	at javax.servlet.http.HttpServlet.service(HttpServlet.java:681) ~[tomcat-embed-core-9.0.65.jar:4.0.FR]
	at org.springframework.web.servlet.FrameworkServlet.service(FrameworkServlet.java:883) ~[spring-webmvc-5.3.22.jar:5.3.22]
	at javax.servlet.http.HttpServlet.service(HttpServlet.java:764) ~[tomcat-embed-core-9.0.65.jar:4.0.FR]
	at org.apache.catalina.core.ApplicationFilterChain.internalDoFilter(ApplicationFilterChain.java:227) ~[tomcat-embed-core-9.0.65.jar:9.0.65]
	at org.apache.catalina.core.ApplicationFilterChain.doFilter(ApplicationFilterChain.java:162) ~[tomcat-embed-core-9.0.65.jar:9.0.65]
	at org.apache.tomcat.websocket.server.WsFilter.doFilter(WsFilter.java:53) ~[tomcat-embed-websocket-9.0.65.jar:9.0.65]
	at org.apache.catalina.core.ApplicationFilterChain.internalDoFilter(ApplicationFilterChain.java:189) ~[tomcat-embed-core-9.0.65.jar:9.0.65]
	at org.apache.catalina.core.ApplicationFilterChain.doFilter(ApplicationFilterChain.java:162) ~[tomcat-embed-core-9.0.65.jar:9.0.65]
	at org.springframework.web.filter.RequestContextFilter.doFilterInternal(RequestContextFilter.java:100) ~[spring-web-5.3.22.jar:5.3.22]
	at org.springframework.web.filter.OncePerRequestFilter.doFilter(OncePerRequestFilter.java:117) ~[spring-web-5.3.22.jar:5.3.22]
	at org.apache.catalina.core.ApplicationFilterChain.internalDoFilter(ApplicationFilterChain.java:189) ~[tomcat-embed-core-9.0.65.jar:9.0.65]
	at org.apache.catalina.core.ApplicationFilterChain.doFilter(ApplicationFilterChain.java:162) ~[tomcat-embed-core-9.0.65.jar:9.0.65]
	at org.springframework.web.filter.FormContentFilter.doFilterInternal(FormContentFilter.java:93) ~[spring-web-5.3.22.jar:5.3.22]
	at org.springframework.web.filter.OncePerRequestFilter.doFilter(OncePerRequestFilter.java:117) ~[spring-web-5.3.22.jar:5.3.22]
	at org.apache.catalina.core.ApplicationFilterChain.internalDoFilter(ApplicationFilterChain.java:189) ~[tomcat-embed-core-9.0.65.jar:9.0.65]
	at org.apache.catalina.core.ApplicationFilterChain.doFilter(ApplicationFilterChain.java:162) ~[tomcat-embed-core-9.0.65.jar:9.0.65]
	at org.springframework.web.filter.CharacterEncodingFilter.doFilterInternal(CharacterEncodingFilter.java:201) ~[spring-web-5.3.22.jar:5.3.22]
	at org.springframework.web.filter.OncePerRequestFilter.doFilter(OncePerRequestFilter.java:117) ~[spring-web-5.3.22.jar:5.3.22]
	at org.apache.catalina.core.ApplicationFilterChain.internalDoFilter(ApplicationFilterChain.java:189) ~[tomcat-embed-core-9.0.65.jar:9.0.65]
	at org.apache.catalina.core.ApplicationFilterChain.doFilter(ApplicationFilterChain.java:162) ~[tomcat-embed-core-9.0.65.jar:9.0.65]
	at org.apache.catalina.core.StandardWrapperValve.invoke(StandardWrapperValve.java:197) ~[tomcat-embed-core-9.0.65.jar:9.0.65]
	at org.apache.catalina.core.StandardContextValve.invoke(StandardContextValve.java:97) ~[tomcat-embed-core-9.0.65.jar:9.0.65]
	at org.apache.catalina.authenticator.AuthenticatorBase.invoke(AuthenticatorBase.java:541) ~[tomcat-embed-core-9.0.65.jar:9.0.65]
	at org.apache.catalina.core.StandardHostValve.invoke(StandardHostValve.java:135) ~[tomcat-embed-core-9.0.65.jar:9.0.65]
	at org.apache.catalina.valves.ErrorReportValve.invoke(ErrorReportValve.java:92) ~[tomcat-embed-core-9.0.65.jar:9.0.65]
	at org.apache.catalina.core.StandardEngineValve.invoke(StandardEngineValve.java:78) ~[tomcat-embed-core-9.0.65.jar:9.0.65]
	at org.apache.catalina.connector.CoyoteAdapter.service(CoyoteAdapter.java:360) ~[tomcat-embed-core-9.0.65.jar:9.0.65]
	at org.apache.coyote.http11.Http11Processor.service(Http11Processor.java:399) ~[tomcat-embed-core-9.0.65.jar:9.0.65]
	at org.apache.coyote.AbstractProcessorLight.process(AbstractProcessorLight.java:65) ~[tomcat-embed-core-9.0.65.jar:9.0.65]
	at org.apache.coyote.AbstractProtocol$ConnectionHandler.process(AbstractProtocol.java:890) ~[tomcat-embed-core-9.0.65.jar:9.0.65]
	at org.apache.tomcat.util.net.NioEndpoint$SocketProcessor.doRun(NioEndpoint.java:1789) ~[tomcat-embed-core-9.0.65.jar:9.0.65]
	at org.apache.tomcat.util.net.SocketProcessorBase.run(SocketProcessorBase.java:49) ~[tomcat-embed-core-9.0.65.jar:9.0.65]
	at org.apache.tomcat.util.threads.ThreadPoolExecutor.runWorker(ThreadPoolExecutor.java:1191) ~[tomcat-embed-core-9.0.65.jar:9.0.65]
	at org.apache.tomcat.util.threads.ThreadPoolExecutor$Worker.run(ThreadPoolExecutor.java:659) ~[tomcat-embed-core-9.0.65.jar:9.0.65]
	at org.apache.tomcat.util.threads.TaskThread$WrappingRunnable.run(TaskThread.java:61) ~[tomcat-embed-core-9.0.65.jar:9.0.65]
	at java.base/java.lang.Thread.run(Thread.java:1447) ~[na:na]

Hibernate: 
    insert 
    into
        posts
        (id, content, create_date_time, description, title, update_date_time) 
    values
        (default, ?, ?, ?, ?, ?)
Hibernate: 
    insert 
    into
        posts
        (id, content, create_date_time, description, title, update_date_time) 
    values
        (default, ?, ?, ?, ?, ?)
[2m2025-07-08 13:10:24.650[0;39m [33m WARN[0;39m [35m40136[0;39m [2m---[0;39m [2m[nio-8080-exec-9][0;39m [36mo.h.engine.jdbc.spi.SqlExceptionHelper  [0;39m [2m:[0;39m SQL Error: 23505, SQLState: 23505
[2m2025-07-08 13:10:24.650[0;39m [31mERROR[0;39m [35m40136[0;39m [2m---[0;39m [2m[nio-8080-exec-9][0;39m [36mo.h.engine.jdbc.spi.SqlExceptionHelper  [0;39m [2m:[0;39m Unique index or primary key violation: "PUBLIC.UKMCHCE1GM7F6OTPPHXD6IXSDPS_INDEX_4 ON PUBLIC.POSTS(TITLE NULLS FIRST) VALUES ( /* 5 */ 'New Post Title' )"; SQL statement:
insert into posts (id, content, create_date_time, description, title, update_date_time) values (default, ?, ?, ?, ?, ?) [23505-214]
[2m2025-07-08 13:10:24.652[0;39m [31mERROR[0;39m [35m40136[0;39m [2m---[0;39m [2m[nio-8080-exec-9][0;39m [36mo.a.c.c.C.[.[.[/].[dispatcherServlet]   [0;39m [2m:[0;39m Servlet.service() for servlet [dispatcherServlet] in context with path [] threw exception [Request processing failed; nested exception is org.springframework.dao.DataIntegrityViolationException: could not execute statement; SQL [n/a]; constraint ["PUBLIC.UKMCHCE1GM7F6OTPPHXD6IXSDPS_INDEX_4 ON PUBLIC.POSTS(TITLE NULLS FIRST) VALUES ( /* 5 */ 'New Post Title' )"; SQL statement:
insert into posts (id, content, create_date_time, description, title, update_date_time) values (default, ?, ?, ?, ?, ?) [23505-214]]; nested exception is org.hibernate.exception.ConstraintViolationException: could not execute statement] with root cause

org.h2.jdbc.JdbcSQLIntegrityConstraintViolationException: Unique index or primary key violation: "PUBLIC.UKMCHCE1GM7F6OTPPHXD6IXSDPS_INDEX_4 ON PUBLIC.POSTS(TITLE NULLS FIRST) VALUES ( /* 5 */ 'New Post Title' )"; SQL statement:
insert into posts (id, content, create_date_time, description, title, update_date_time) values (default, ?, ?, ?, ?, ?) [23505-214]
	at org.h2.message.DbException.getJdbcSQLException(DbException.java:508) ~[h2-2.1.214.jar:2.1.214]
	at org.h2.message.DbException.getJdbcSQLException(DbException.java:477) ~[h2-2.1.214.jar:2.1.214]
	at org.h2.message.DbException.get(DbException.java:223) ~[h2-2.1.214.jar:2.1.214]
	at org.h2.message.DbException.get(DbException.java:199) ~[h2-2.1.214.jar:2.1.214]
	at org.h2.index.Index.getDuplicateKeyException(Index.java:525) ~[h2-2.1.214.jar:2.1.214]
	at org.h2.mvstore.db.MVSecondaryIndex.checkUnique(MVSecondaryIndex.java:223) ~[h2-2.1.214.jar:2.1.214]
	at org.h2.mvstore.db.MVSecondaryIndex.add(MVSecondaryIndex.java:184) ~[h2-2.1.214.jar:2.1.214]
	at org.h2.mvstore.db.MVTable.addRow(MVTable.java:519) ~[h2-2.1.214.jar:2.1.214]
	at org.h2.command.dml.Insert.insertRows(Insert.java:174) ~[h2-2.1.214.jar:2.1.214]
	at org.h2.command.dml.Insert.update(Insert.java:135) ~[h2-2.1.214.jar:2.1.214]
	at org.h2.command.CommandContainer.executeUpdateWithGeneratedKeys(CommandContainer.java:242) ~[h2-2.1.214.jar:2.1.214]
	at org.h2.command.CommandContainer.update(CommandContainer.java:163) ~[h2-2.1.214.jar:2.1.214]
	at org.h2.command.Command.executeUpdate(Command.java:252) ~[h2-2.1.214.jar:2.1.214]
	at org.h2.jdbc.JdbcPreparedStatement.executeUpdateInternal(JdbcPreparedStatement.java:209) ~[h2-2.1.214.jar:2.1.214]
	at org.h2.jdbc.JdbcPreparedStatement.executeUpdate(JdbcPreparedStatement.java:169) ~[h2-2.1.214.jar:2.1.214]
	at com.zaxxer.hikari.pool.ProxyPreparedStatement.executeUpdate(ProxyPreparedStatement.java:61) ~[HikariCP-4.0.3.jar:na]
	at com.zaxxer.hikari.pool.HikariProxyPreparedStatement.executeUpdate(HikariProxyPreparedStatement.java) ~[HikariCP-4.0.3.jar:na]
	at org.hibernate.engine.jdbc.internal.ResultSetReturnImpl.executeUpdate(ResultSetReturnImpl.java:197) ~[hibernate-core-5.6.10.Final.jar:5.6.10.Final]
	at org.hibernate.dialect.identity.GetGeneratedKeysDelegate.executeAndExtract(GetGeneratedKeysDelegate.java:58) ~[hibernate-core-5.6.10.Final.jar:5.6.10.Final]
	at org.hibernate.id.insert.AbstractReturningDelegate.performInsert(AbstractReturningDelegate.java:43) ~[hibernate-core-5.6.10.Final.jar:5.6.10.Final]
	at org.hibernate.persister.entity.AbstractEntityPersister.insert(AbstractEntityPersister.java:3279) ~[hibernate-core-5.6.10.Final.jar:5.6.10.Final]
	at org.hibernate.persister.entity.AbstractEntityPersister.insert(AbstractEntityPersister.java:3885) ~[hibernate-core-5.6.10.Final.jar:5.6.10.Final]
	at org.hibernate.action.internal.EntityIdentityInsertAction.execute(EntityIdentityInsertAction.java:84) ~[hibernate-core-5.6.10.Final.jar:5.6.10.Final]
	at org.hibernate.engine.spi.ActionQueue.execute(ActionQueue.java:645) ~[hibernate-core-5.6.10.Final.jar:5.6.10.Final]
	at org.hibernate.engine.spi.ActionQueue.addResolvedEntityInsertAction(ActionQueue.java:282) ~[hibernate-core-5.6.10.Final.jar:5.6.10.Final]
	at org.hibernate.engine.spi.ActionQueue.addInsertAction(ActionQueue.java:263) ~[hibernate-core-5.6.10.Final.jar:5.6.10.Final]
	at org.hibernate.engine.spi.ActionQueue.addAction(ActionQueue.java:317) ~[hibernate-core-5.6.10.Final.jar:5.6.10.Final]
	at org.hibernate.event.internal.AbstractSaveEventListener.addInsertAction(AbstractSaveEventListener.java:330) ~[hibernate-core-5.6.10.Final.jar:5.6.10.Final]
	at org.hibernate.event.internal.AbstractSaveEventListener.performSaveOrReplicate(AbstractSaveEventListener.java:287) ~[hibernate-core-5.6.10.Final.jar:5.6.10.Final]
	at org.hibernate.event.internal.AbstractSaveEventListener.performSave(AbstractSaveEventListener.java:193) ~[hibernate-core-5.6.10.Final.jar:5.6.10.Final]
	at org.hibernate.event.internal.AbstractSaveEventListener.saveWithGeneratedId(AbstractSaveEventListener.java:123) ~[hibernate-core-5.6.10.Final.jar:5.6.10.Final]
	at org.hibernate.event.internal.DefaultPersistEventListener.entityIsTransient(DefaultPersistEventListener.java:185) ~[hibernate-core-5.6.10.Final.jar:5.6.10.Final]
	at org.hibernate.event.internal.DefaultPersistEventListener.onPersist(DefaultPersistEventListener.java:128) ~[hibernate-core-5.6.10.Final.jar:5.6.10.Final]
	at org.hibernate.event.internal.DefaultPersistEventListener.onPersist(DefaultPersistEventListener.java:55) ~[hibernate-core-5.6.10.Final.jar:5.6.10.Final]
	at org.hibernate.event.service.internal.EventListenerGroupImpl.fireEventOnEachListener(EventListenerGroupImpl.java:107) ~[hibernate-core-5.6.10.Final.jar:5.6.10.Final]
	at org.hibernate.internal.SessionImpl.firePersist(SessionImpl.java:756) ~[hibernate-core-5.6.10.Final.jar:5.6.10.Final]
	at org.hibernate.internal.SessionImpl.persist(SessionImpl.java:742) ~[hibernate-core-5.6.10.Final.jar:5.6.10.Final]
	at java.base/jdk.internal.reflect.DirectMethodHandleAccessor.invoke(DirectMethodHandleAccessor.java:104) ~[na:na]
	at java.base/java.lang.reflect.Method.invoke(Method.java:565) ~[na:na]
	at org.springframework.orm.jpa.ExtendedEntityManagerCreator$ExtendedEntityManagerInvocationHandler.invoke(ExtendedEntityManagerCreator.java:362) ~[spring-orm-5.3.22.jar:5.3.22]
	at jdk.proxy2/jdk.proxy2.$Proxy103.persist(Unknown Source) ~[na:na]
	at java.base/jdk.internal.reflect.DirectMethodHandleAccessor.invoke(DirectMethodHandleAccessor.java:104) ~[na:na]
	at java.base/java.lang.reflect.Method.invoke(Method.java:565) ~[na:na]
	at org.springframework.orm.jpa.SharedEntityManagerCreator$SharedEntityManagerInvocationHandler.invoke(SharedEntityManagerCreator.java:311) ~[spring-orm-5.3.22.jar:5.3.22]
	at jdk.proxy2/jdk.proxy2.$Proxy103.persist(Unknown Source) ~[na:na]
	at org.springframework.data.jpa.repository.support.SimpleJpaRepository.save(SimpleJpaRepository.java:666) ~[spring-data-jpa-2.7.2.jar:2.7.2]
	at java.base/jdk.internal.reflect.DirectMethodHandleAccessor.invoke(DirectMethodHandleAccessor.java:104) ~[na:na]
	at java.base/java.lang.reflect.Method.invoke(Method.java:565) ~[na:na]
	at org.springframework.data.repository.core.support.RepositoryMethodInvoker$RepositoryFragmentMethodInvoker.lambda$new$0(RepositoryMethodInvoker.java:289) ~[spring-data-commons-2.7.2.jar:2.7.2]
	at org.springframework.data.repository.core.support.RepositoryMethodInvoker.doInvoke(RepositoryMethodInvoker.java:137) ~[spring-data-commons-2.7.2.jar:2.7.2]
	at org.springframework.data.repository.core.support.RepositoryMethodInvoker.invoke(RepositoryMethodInvoker.java:121) ~[spring-data-commons-2.7.2.jar:2.7.2]
	at org.springframework.data.repository.core.support.RepositoryComposition$RepositoryFragments.invoke(RepositoryComposition.java:530) ~[spring-data-commons-2.7.2.jar:2.7.2]
	at org.springframework.data.repository.core.support.RepositoryComposition.invoke(RepositoryComposition.java:286) ~[spring-data-commons-2.7.2.jar:2.7.2]
	at org.springframework.data.repository.core.support.RepositoryFactorySupport$ImplementationMethodExecutionInterceptor.invoke(RepositoryFactorySupport.java:640) ~[spring-data-commons-2.7.2.jar:2.7.2]
	at org.springframework.aop.framework.ReflectiveMethodInvocation.proceed(ReflectiveMethodInvocation.java:186) ~[spring-aop-5.3.22.jar:5.3.22]
	at org.springframework.data.repository.core.support.QueryExecutorMethodInterceptor.doInvoke(QueryExecutorMethodInterceptor.java:164) ~[spring-data-commons-2.7.2.jar:2.7.2]
	at org.springframework.data.repository.core.support.QueryExecutorMethodInterceptor.invoke(QueryExecutorMethodInterceptor.java:139) ~[spring-data-commons-2.7.2.jar:2.7.2]
	at org.springframework.aop.framework.ReflectiveMethodInvocation.proceed(ReflectiveMethodInvocation.java:186) ~[spring-aop-5.3.22.jar:5.3.22]
	at org.springframework.data.projection.DefaultMethodInvokingMethodInterceptor.invoke(DefaultMethodInvokingMethodInterceptor.java:81) ~[spring-data-commons-2.7.2.jar:2.7.2]
	at org.springframework.aop.framework.ReflectiveMethodInvocation.proceed(ReflectiveMethodInvocation.java:186) ~[spring-aop-5.3.22.jar:5.3.22]
	at org.springframework.transaction.interceptor.TransactionInterceptor$1.proceedWithInvocation(TransactionInterceptor.java:123) ~[spring-tx-5.3.22.jar:5.3.22]
	at org.springframework.transaction.interceptor.TransactionAspectSupport.invokeWithinTransaction(TransactionAspectSupport.java:388) ~[spring-tx-5.3.22.jar:5.3.22]
	at org.springframework.transaction.interceptor.TransactionInterceptor.invoke(TransactionInterceptor.java:119) ~[spring-tx-5.3.22.jar:5.3.22]
	at org.springframework.aop.framework.ReflectiveMethodInvocation.proceed(ReflectiveMethodInvocation.java:186) ~[spring-aop-5.3.22.jar:5.3.22]
	at org.springframework.dao.support.PersistenceExceptionTranslationInterceptor.invoke(PersistenceExceptionTranslationInterceptor.java:137) ~[spring-tx-5.3.22.jar:5.3.22]
	at org.springframework.aop.framework.ReflectiveMethodInvocation.proceed(ReflectiveMethodInvocation.java:186) ~[spring-aop-5.3.22.jar:5.3.22]
	at org.springframework.data.jpa.repository.support.CrudMethodMetadataPostProcessor$CrudMethodMetadataPopulatingMethodInterceptor.invoke(CrudMethodMetadataPostProcessor.java:174) ~[spring-data-jpa-2.7.2.jar:2.7.2]
	at org.springframework.aop.framework.ReflectiveMethodInvocation.proceed(ReflectiveMethodInvocation.java:186) ~[spring-aop-5.3.22.jar:5.3.22]
	at org.springframework.aop.interceptor.ExposeInvocationInterceptor.invoke(ExposeInvocationInterceptor.java:97) ~[spring-aop-5.3.22.jar:5.3.22]
	at org.springframework.aop.framework.ReflectiveMethodInvocation.proceed(ReflectiveMethodInvocation.java:186) ~[spring-aop-5.3.22.jar:5.3.22]
	at org.springframework.aop.framework.JdkDynamicAopProxy.invoke(JdkDynamicAopProxy.java:215) ~[spring-aop-5.3.22.jar:5.3.22]
	at jdk.proxy2/jdk.proxy2.$Proxy107.save(Unknown Source) ~[na:na]
	at com.chuwa.redbook.service.impl.PostServiceImpl.createPost(PostServiceImpl.java:46) ~[classes/:na]
	at com.chuwa.redbook.controller.PostController.createPost(PostController.java:25) ~[classes/:na]
	at java.base/jdk.internal.reflect.DirectMethodHandleAccessor.invoke(DirectMethodHandleAccessor.java:104) ~[na:na]
	at java.base/java.lang.reflect.Method.invoke(Method.java:565) ~[na:na]
	at org.springframework.web.method.support.InvocableHandlerMethod.doInvoke(InvocableHandlerMethod.java:205) ~[spring-web-5.3.22.jar:5.3.22]
	at org.springframework.web.method.support.InvocableHandlerMethod.invokeForRequest(InvocableHandlerMethod.java:150) ~[spring-web-5.3.22.jar:5.3.22]
	at org.springframework.web.servlet.mvc.method.annotation.ServletInvocableHandlerMethod.invokeAndHandle(ServletInvocableHandlerMethod.java:117) ~[spring-webmvc-5.3.22.jar:5.3.22]
	at org.springframework.web.servlet.mvc.method.annotation.RequestMappingHandlerAdapter.invokeHandlerMethod(RequestMappingHandlerAdapter.java:895) ~[spring-webmvc-5.3.22.jar:5.3.22]
	at org.springframework.web.servlet.mvc.method.annotation.RequestMappingHandlerAdapter.handleInternal(RequestMappingHandlerAdapter.java:808) ~[spring-webmvc-5.3.22.jar:5.3.22]
	at org.springframework.web.servlet.mvc.method.AbstractHandlerMethodAdapter.handle(AbstractHandlerMethodAdapter.java:87) ~[spring-webmvc-5.3.22.jar:5.3.22]
	at org.springframework.web.servlet.DispatcherServlet.doDispatch(DispatcherServlet.java:1070) ~[spring-webmvc-5.3.22.jar:5.3.22]
	at org.springframework.web.servlet.DispatcherServlet.doService(DispatcherServlet.java:963) ~[spring-webmvc-5.3.22.jar:5.3.22]
	at org.springframework.web.servlet.FrameworkServlet.processRequest(FrameworkServlet.java:1006) ~[spring-webmvc-5.3.22.jar:5.3.22]
	at org.springframework.web.servlet.FrameworkServlet.doPost(FrameworkServlet.java:909) ~[spring-webmvc-5.3.22.jar:5.3.22]
	at javax.servlet.http.HttpServlet.service(HttpServlet.java:681) ~[tomcat-embed-core-9.0.65.jar:4.0.FR]
	at org.springframework.web.servlet.FrameworkServlet.service(FrameworkServlet.java:883) ~[spring-webmvc-5.3.22.jar:5.3.22]
	at javax.servlet.http.HttpServlet.service(HttpServlet.java:764) ~[tomcat-embed-core-9.0.65.jar:4.0.FR]
	at org.apache.catalina.core.ApplicationFilterChain.internalDoFilter(ApplicationFilterChain.java:227) ~[tomcat-embed-core-9.0.65.jar:9.0.65]
	at org.apache.catalina.core.ApplicationFilterChain.doFilter(ApplicationFilterChain.java:162) ~[tomcat-embed-core-9.0.65.jar:9.0.65]
	at org.apache.tomcat.websocket.server.WsFilter.doFilter(WsFilter.java:53) ~[tomcat-embed-websocket-9.0.65.jar:9.0.65]
	at org.apache.catalina.core.ApplicationFilterChain.internalDoFilter(ApplicationFilterChain.java:189) ~[tomcat-embed-core-9.0.65.jar:9.0.65]
	at org.apache.catalina.core.ApplicationFilterChain.doFilter(ApplicationFilterChain.java:162) ~[tomcat-embed-core-9.0.65.jar:9.0.65]
	at org.springframework.web.filter.RequestContextFilter.doFilterInternal(RequestContextFilter.java:100) ~[spring-web-5.3.22.jar:5.3.22]
	at org.springframework.web.filter.OncePerRequestFilter.doFilter(OncePerRequestFilter.java:117) ~[spring-web-5.3.22.jar:5.3.22]
	at org.apache.catalina.core.ApplicationFilterChain.internalDoFilter(ApplicationFilterChain.java:189) ~[tomcat-embed-core-9.0.65.jar:9.0.65]
	at org.apache.catalina.core.ApplicationFilterChain.doFilter(ApplicationFilterChain.java:162) ~[tomcat-embed-core-9.0.65.jar:9.0.65]
	at org.springframework.web.filter.FormContentFilter.doFilterInternal(FormContentFilter.java:93) ~[spring-web-5.3.22.jar:5.3.22]
	at org.springframework.web.filter.OncePerRequestFilter.doFilter(OncePerRequestFilter.java:117) ~[spring-web-5.3.22.jar:5.3.22]
	at org.apache.catalina.core.ApplicationFilterChain.internalDoFilter(ApplicationFilterChain.java:189) ~[tomcat-embed-core-9.0.65.jar:9.0.65]
	at org.apache.catalina.core.ApplicationFilterChain.doFilter(ApplicationFilterChain.java:162) ~[tomcat-embed-core-9.0.65.jar:9.0.65]
	at org.springframework.web.filter.CharacterEncodingFilter.doFilterInternal(CharacterEncodingFilter.java:201) ~[spring-web-5.3.22.jar:5.3.22]
	at org.springframework.web.filter.OncePerRequestFilter.doFilter(OncePerRequestFilter.java:117) ~[spring-web-5.3.22.jar:5.3.22]
	at org.apache.catalina.core.ApplicationFilterChain.internalDoFilter(ApplicationFilterChain.java:189) ~[tomcat-embed-core-9.0.65.jar:9.0.65]
	at org.apache.catalina.core.ApplicationFilterChain.doFilter(ApplicationFilterChain.java:162) ~[tomcat-embed-core-9.0.65.jar:9.0.65]
	at org.apache.catalina.core.StandardWrapperValve.invoke(StandardWrapperValve.java:197) ~[tomcat-embed-core-9.0.65.jar:9.0.65]
	at org.apache.catalina.core.StandardContextValve.invoke(StandardContextValve.java:97) ~[tomcat-embed-core-9.0.65.jar:9.0.65]
	at org.apache.catalina.authenticator.AuthenticatorBase.invoke(AuthenticatorBase.java:541) ~[tomcat-embed-core-9.0.65.jar:9.0.65]
	at org.apache.catalina.core.StandardHostValve.invoke(StandardHostValve.java:135) ~[tomcat-embed-core-9.0.65.jar:9.0.65]
	at org.apache.catalina.valves.ErrorReportValve.invoke(ErrorReportValve.java:92) ~[tomcat-embed-core-9.0.65.jar:9.0.65]
	at org.apache.catalina.core.StandardEngineValve.invoke(StandardEngineValve.java:78) ~[tomcat-embed-core-9.0.65.jar:9.0.65]
	at org.apache.catalina.connector.CoyoteAdapter.service(CoyoteAdapter.java:360) ~[tomcat-embed-core-9.0.65.jar:9.0.65]
	at org.apache.coyote.http11.Http11Processor.service(Http11Processor.java:399) ~[tomcat-embed-core-9.0.65.jar:9.0.65]
	at org.apache.coyote.AbstractProcessorLight.process(AbstractProcessorLight.java:65) ~[tomcat-embed-core-9.0.65.jar:9.0.65]
	at org.apache.coyote.AbstractProtocol$ConnectionHandler.process(AbstractProtocol.java:890) ~[tomcat-embed-core-9.0.65.jar:9.0.65]
	at org.apache.tomcat.util.net.NioEndpoint$SocketProcessor.doRun(NioEndpoint.java:1789) ~[tomcat-embed-core-9.0.65.jar:9.0.65]
	at org.apache.tomcat.util.net.SocketProcessorBase.run(SocketProcessorBase.java:49) ~[tomcat-embed-core-9.0.65.jar:9.0.65]
	at org.apache.tomcat.util.threads.ThreadPoolExecutor.runWorker(ThreadPoolExecutor.java:1191) ~[tomcat-embed-core-9.0.65.jar:9.0.65]
	at org.apache.tomcat.util.threads.ThreadPoolExecutor$Worker.run(ThreadPoolExecutor.java:659) ~[tomcat-embed-core-9.0.65.jar:9.0.65]
	at org.apache.tomcat.util.threads.TaskThread$WrappingRunnable.run(TaskThread.java:61) ~[tomcat-embed-core-9.0.65.jar:9.0.65]
	at java.base/java.lang.Thread.run(Thread.java:1447) ~[na:na]

Hibernate: 
    insert 
    into
        posts
        (id, content, create_date_time, description, title, update_date_time) 
    values
        (default, ?, ?, ?, ?, ?)
[2m2025-07-08 13:10:27.161[0;39m [33m WARN[0;39m [35m40136[0;39m [2m---[0;39m [2m[nio-8080-exec-7][0;39m [36mo.h.engine.jdbc.spi.SqlExceptionHelper  [0;39m [2m:[0;39m SQL Error: 23505, SQLState: 23505
[2m2025-07-08 13:10:27.161[0;39m [31mERROR[0;39m [35m40136[0;39m [2m---[0;39m [2m[nio-8080-exec-7][0;39m [36mo.h.engine.jdbc.spi.SqlExceptionHelper  [0;39m [2m:[0;39m Unique index or primary key violation: "PUBLIC.UKMCHCE1GM7F6OTPPHXD6IXSDPS_INDEX_4 ON PUBLIC.POSTS(TITLE NULLS FIRST) VALUES ( /* 5 */ 'New Post Title' )"; SQL statement:
insert into posts (id, content, create_date_time, description, title, update_date_time) values (default, ?, ?, ?, ?, ?) [23505-214]
[2m2025-07-08 13:10:27.163[0;39m [31mERROR[0;39m [35m40136[0;39m [2m---[0;39m [2m[nio-8080-exec-7][0;39m [36mo.a.c.c.C.[.[.[/].[dispatcherServlet]   [0;39m [2m:[0;39m Servlet.service() for servlet [dispatcherServlet] in context with path [] threw exception [Request processing failed; nested exception is org.springframework.dao.DataIntegrityViolationException: could not execute statement; SQL [n/a]; constraint ["PUBLIC.UKMCHCE1GM7F6OTPPHXD6IXSDPS_INDEX_4 ON PUBLIC.POSTS(TITLE NULLS FIRST) VALUES ( /* 5 */ 'New Post Title' )"; SQL statement:
insert into posts (id, content, create_date_time, description, title, update_date_time) values (default, ?, ?, ?, ?, ?) [23505-214]]; nested exception is org.hibernate.exception.ConstraintViolationException: could not execute statement] with root cause

org.h2.jdbc.JdbcSQLIntegrityConstraintViolationException: Unique index or primary key violation: "PUBLIC.UKMCHCE1GM7F6OTPPHXD6IXSDPS_INDEX_4 ON PUBLIC.POSTS(TITLE NULLS FIRST) VALUES ( /* 5 */ 'New Post Title' )"; SQL statement:
insert into posts (id, content, create_date_time, description, title, update_date_time) values (default, ?, ?, ?, ?, ?) [23505-214]
	at org.h2.message.DbException.getJdbcSQLException(DbException.java:508) ~[h2-2.1.214.jar:2.1.214]
	at org.h2.message.DbException.getJdbcSQLException(DbException.java:477) ~[h2-2.1.214.jar:2.1.214]
	at org.h2.message.DbException.get(DbException.java:223) ~[h2-2.1.214.jar:2.1.214]
	at org.h2.message.DbException.get(DbException.java:199) ~[h2-2.1.214.jar:2.1.214]
	at org.h2.index.Index.getDuplicateKeyException(Index.java:525) ~[h2-2.1.214.jar:2.1.214]
	at org.h2.mvstore.db.MVSecondaryIndex.checkUnique(MVSecondaryIndex.java:223) ~[h2-2.1.214.jar:2.1.214]
	at org.h2.mvstore.db.MVSecondaryIndex.add(MVSecondaryIndex.java:184) ~[h2-2.1.214.jar:2.1.214]
	at org.h2.mvstore.db.MVTable.addRow(MVTable.java:519) ~[h2-2.1.214.jar:2.1.214]
	at org.h2.command.dml.Insert.insertRows(Insert.java:174) ~[h2-2.1.214.jar:2.1.214]
	at org.h2.command.dml.Insert.update(Insert.java:135) ~[h2-2.1.214.jar:2.1.214]
	at org.h2.command.CommandContainer.executeUpdateWithGeneratedKeys(CommandContainer.java:242) ~[h2-2.1.214.jar:2.1.214]
	at org.h2.command.CommandContainer.update(CommandContainer.java:163) ~[h2-2.1.214.jar:2.1.214]
	at org.h2.command.Command.executeUpdate(Command.java:252) ~[h2-2.1.214.jar:2.1.214]
	at org.h2.jdbc.JdbcPreparedStatement.executeUpdateInternal(JdbcPreparedStatement.java:209) ~[h2-2.1.214.jar:2.1.214]
	at org.h2.jdbc.JdbcPreparedStatement.executeUpdate(JdbcPreparedStatement.java:169) ~[h2-2.1.214.jar:2.1.214]
	at com.zaxxer.hikari.pool.ProxyPreparedStatement.executeUpdate(ProxyPreparedStatement.java:61) ~[HikariCP-4.0.3.jar:na]
	at com.zaxxer.hikari.pool.HikariProxyPreparedStatement.executeUpdate(HikariProxyPreparedStatement.java) ~[HikariCP-4.0.3.jar:na]
	at org.hibernate.engine.jdbc.internal.ResultSetReturnImpl.executeUpdate(ResultSetReturnImpl.java:197) ~[hibernate-core-5.6.10.Final.jar:5.6.10.Final]
	at org.hibernate.dialect.identity.GetGeneratedKeysDelegate.executeAndExtract(GetGeneratedKeysDelegate.java:58) ~[hibernate-core-5.6.10.Final.jar:5.6.10.Final]
	at org.hibernate.id.insert.AbstractReturningDelegate.performInsert(AbstractReturningDelegate.java:43) ~[hibernate-core-5.6.10.Final.jar:5.6.10.Final]
	at org.hibernate.persister.entity.AbstractEntityPersister.insert(AbstractEntityPersister.java:3279) ~[hibernate-core-5.6.10.Final.jar:5.6.10.Final]
	at org.hibernate.persister.entity.AbstractEntityPersister.insert(AbstractEntityPersister.java:3885) ~[hibernate-core-5.6.10.Final.jar:5.6.10.Final]
	at org.hibernate.action.internal.EntityIdentityInsertAction.execute(EntityIdentityInsertAction.java:84) ~[hibernate-core-5.6.10.Final.jar:5.6.10.Final]
	at org.hibernate.engine.spi.ActionQueue.execute(ActionQueue.java:645) ~[hibernate-core-5.6.10.Final.jar:5.6.10.Final]
	at org.hibernate.engine.spi.ActionQueue.addResolvedEntityInsertAction(ActionQueue.java:282) ~[hibernate-core-5.6.10.Final.jar:5.6.10.Final]
	at org.hibernate.engine.spi.ActionQueue.addInsertAction(ActionQueue.java:263) ~[hibernate-core-5.6.10.Final.jar:5.6.10.Final]
	at org.hibernate.engine.spi.ActionQueue.addAction(ActionQueue.java:317) ~[hibernate-core-5.6.10.Final.jar:5.6.10.Final]
	at org.hibernate.event.internal.AbstractSaveEventListener.addInsertAction(AbstractSaveEventListener.java:330) ~[hibernate-core-5.6.10.Final.jar:5.6.10.Final]
	at org.hibernate.event.internal.AbstractSaveEventListener.performSaveOrReplicate(AbstractSaveEventListener.java:287) ~[hibernate-core-5.6.10.Final.jar:5.6.10.Final]
	at org.hibernate.event.internal.AbstractSaveEventListener.performSave(AbstractSaveEventListener.java:193) ~[hibernate-core-5.6.10.Final.jar:5.6.10.Final]
	at org.hibernate.event.internal.AbstractSaveEventListener.saveWithGeneratedId(AbstractSaveEventListener.java:123) ~[hibernate-core-5.6.10.Final.jar:5.6.10.Final]
	at org.hibernate.event.internal.DefaultPersistEventListener.entityIsTransient(DefaultPersistEventListener.java:185) ~[hibernate-core-5.6.10.Final.jar:5.6.10.Final]
	at org.hibernate.event.internal.DefaultPersistEventListener.onPersist(DefaultPersistEventListener.java:128) ~[hibernate-core-5.6.10.Final.jar:5.6.10.Final]
	at org.hibernate.event.internal.DefaultPersistEventListener.onPersist(DefaultPersistEventListener.java:55) ~[hibernate-core-5.6.10.Final.jar:5.6.10.Final]
	at org.hibernate.event.service.internal.EventListenerGroupImpl.fireEventOnEachListener(EventListenerGroupImpl.java:107) ~[hibernate-core-5.6.10.Final.jar:5.6.10.Final]
	at org.hibernate.internal.SessionImpl.firePersist(SessionImpl.java:756) ~[hibernate-core-5.6.10.Final.jar:5.6.10.Final]
	at org.hibernate.internal.SessionImpl.persist(SessionImpl.java:742) ~[hibernate-core-5.6.10.Final.jar:5.6.10.Final]
	at java.base/jdk.internal.reflect.DirectMethodHandleAccessor.invoke(DirectMethodHandleAccessor.java:104) ~[na:na]
	at java.base/java.lang.reflect.Method.invoke(Method.java:565) ~[na:na]
	at org.springframework.orm.jpa.ExtendedEntityManagerCreator$ExtendedEntityManagerInvocationHandler.invoke(ExtendedEntityManagerCreator.java:362) ~[spring-orm-5.3.22.jar:5.3.22]
	at jdk.proxy2/jdk.proxy2.$Proxy103.persist(Unknown Source) ~[na:na]
	at java.base/jdk.internal.reflect.DirectMethodHandleAccessor.invoke(DirectMethodHandleAccessor.java:104) ~[na:na]
	at java.base/java.lang.reflect.Method.invoke(Method.java:565) ~[na:na]
	at org.springframework.orm.jpa.SharedEntityManagerCreator$SharedEntityManagerInvocationHandler.invoke(SharedEntityManagerCreator.java:311) ~[spring-orm-5.3.22.jar:5.3.22]
	at jdk.proxy2/jdk.proxy2.$Proxy103.persist(Unknown Source) ~[na:na]
	at org.springframework.data.jpa.repository.support.SimpleJpaRepository.save(SimpleJpaRepository.java:666) ~[spring-data-jpa-2.7.2.jar:2.7.2]
	at java.base/jdk.internal.reflect.DirectMethodHandleAccessor.invoke(DirectMethodHandleAccessor.java:104) ~[na:na]
	at java.base/java.lang.reflect.Method.invoke(Method.java:565) ~[na:na]
	at org.springframework.data.repository.core.support.RepositoryMethodInvoker$RepositoryFragmentMethodInvoker.lambda$new$0(RepositoryMethodInvoker.java:289) ~[spring-data-commons-2.7.2.jar:2.7.2]
	at org.springframework.data.repository.core.support.RepositoryMethodInvoker.doInvoke(RepositoryMethodInvoker.java:137) ~[spring-data-commons-2.7.2.jar:2.7.2]
	at org.springframework.data.repository.core.support.RepositoryMethodInvoker.invoke(RepositoryMethodInvoker.java:121) ~[spring-data-commons-2.7.2.jar:2.7.2]
	at org.springframework.data.repository.core.support.RepositoryComposition$RepositoryFragments.invoke(RepositoryComposition.java:530) ~[spring-data-commons-2.7.2.jar:2.7.2]
	at org.springframework.data.repository.core.support.RepositoryComposition.invoke(RepositoryComposition.java:286) ~[spring-data-commons-2.7.2.jar:2.7.2]
	at org.springframework.data.repository.core.support.RepositoryFactorySupport$ImplementationMethodExecutionInterceptor.invoke(RepositoryFactorySupport.java:640) ~[spring-data-commons-2.7.2.jar:2.7.2]
	at org.springframework.aop.framework.ReflectiveMethodInvocation.proceed(ReflectiveMethodInvocation.java:186) ~[spring-aop-5.3.22.jar:5.3.22]
	at org.springframework.data.repository.core.support.QueryExecutorMethodInterceptor.doInvoke(QueryExecutorMethodInterceptor.java:164) ~[spring-data-commons-2.7.2.jar:2.7.2]
	at org.springframework.data.repository.core.support.QueryExecutorMethodInterceptor.invoke(QueryExecutorMethodInterceptor.java:139) ~[spring-data-commons-2.7.2.jar:2.7.2]
	at org.springframework.aop.framework.ReflectiveMethodInvocation.proceed(ReflectiveMethodInvocation.java:186) ~[spring-aop-5.3.22.jar:5.3.22]
	at org.springframework.data.projection.DefaultMethodInvokingMethodInterceptor.invoke(DefaultMethodInvokingMethodInterceptor.java:81) ~[spring-data-commons-2.7.2.jar:2.7.2]
	at org.springframework.aop.framework.ReflectiveMethodInvocation.proceed(ReflectiveMethodInvocation.java:186) ~[spring-aop-5.3.22.jar:5.3.22]
	at org.springframework.transaction.interceptor.TransactionInterceptor$1.proceedWithInvocation(TransactionInterceptor.java:123) ~[spring-tx-5.3.22.jar:5.3.22]
	at org.springframework.transaction.interceptor.TransactionAspectSupport.invokeWithinTransaction(TransactionAspectSupport.java:388) ~[spring-tx-5.3.22.jar:5.3.22]
	at org.springframework.transaction.interceptor.TransactionInterceptor.invoke(TransactionInterceptor.java:119) ~[spring-tx-5.3.22.jar:5.3.22]
	at org.springframework.aop.framework.ReflectiveMethodInvocation.proceed(ReflectiveMethodInvocation.java:186) ~[spring-aop-5.3.22.jar:5.3.22]
	at org.springframework.dao.support.PersistenceExceptionTranslationInterceptor.invoke(PersistenceExceptionTranslationInterceptor.java:137) ~[spring-tx-5.3.22.jar:5.3.22]
	at org.springframework.aop.framework.ReflectiveMethodInvocation.proceed(ReflectiveMethodInvocation.java:186) ~[spring-aop-5.3.22.jar:5.3.22]
	at org.springframework.data.jpa.repository.support.CrudMethodMetadataPostProcessor$CrudMethodMetadataPopulatingMethodInterceptor.invoke(CrudMethodMetadataPostProcessor.java:174) ~[spring-data-jpa-2.7.2.jar:2.7.2]
	at org.springframework.aop.framework.ReflectiveMethodInvocation.proceed(ReflectiveMethodInvocation.java:186) ~[spring-aop-5.3.22.jar:5.3.22]
	at org.springframework.aop.interceptor.ExposeInvocationInterceptor.invoke(ExposeInvocationInterceptor.java:97) ~[spring-aop-5.3.22.jar:5.3.22]
	at org.springframework.aop.framework.ReflectiveMethodInvocation.proceed(ReflectiveMethodInvocation.java:186) ~[spring-aop-5.3.22.jar:5.3.22]
	at org.springframework.aop.framework.JdkDynamicAopProxy.invoke(JdkDynamicAopProxy.java:215) ~[spring-aop-5.3.22.jar:5.3.22]
	at jdk.proxy2/jdk.proxy2.$Proxy107.save(Unknown Source) ~[na:na]
	at com.chuwa.redbook.service.impl.PostServiceImpl.createPost(PostServiceImpl.java:46) ~[classes/:na]
	at com.chuwa.redbook.controller.PostController.createPost(PostController.java:25) ~[classes/:na]
	at java.base/jdk.internal.reflect.DirectMethodHandleAccessor.invoke(DirectMethodHandleAccessor.java:104) ~[na:na]
	at java.base/java.lang.reflect.Method.invoke(Method.java:565) ~[na:na]
	at org.springframework.web.method.support.InvocableHandlerMethod.doInvoke(InvocableHandlerMethod.java:205) ~[spring-web-5.3.22.jar:5.3.22]
	at org.springframework.web.method.support.InvocableHandlerMethod.invokeForRequest(InvocableHandlerMethod.java:150) ~[spring-web-5.3.22.jar:5.3.22]
	at org.springframework.web.servlet.mvc.method.annotation.ServletInvocableHandlerMethod.invokeAndHandle(ServletInvocableHandlerMethod.java:117) ~[spring-webmvc-5.3.22.jar:5.3.22]
	at org.springframework.web.servlet.mvc.method.annotation.RequestMappingHandlerAdapter.invokeHandlerMethod(RequestMappingHandlerAdapter.java:895) ~[spring-webmvc-5.3.22.jar:5.3.22]
	at org.springframework.web.servlet.mvc.method.annotation.RequestMappingHandlerAdapter.handleInternal(RequestMappingHandlerAdapter.java:808) ~[spring-webmvc-5.3.22.jar:5.3.22]
	at org.springframework.web.servlet.mvc.method.AbstractHandlerMethodAdapter.handle(AbstractHandlerMethodAdapter.java:87) ~[spring-webmvc-5.3.22.jar:5.3.22]
	at org.springframework.web.servlet.DispatcherServlet.doDispatch(DispatcherServlet.java:1070) ~[spring-webmvc-5.3.22.jar:5.3.22]
	at org.springframework.web.servlet.DispatcherServlet.doService(DispatcherServlet.java:963) ~[spring-webmvc-5.3.22.jar:5.3.22]
	at org.springframework.web.servlet.FrameworkServlet.processRequest(FrameworkServlet.java:1006) ~[spring-webmvc-5.3.22.jar:5.3.22]
	at org.springframework.web.servlet.FrameworkServlet.doPost(FrameworkServlet.java:909) ~[spring-webmvc-5.3.22.jar:5.3.22]
	at javax.servlet.http.HttpServlet.service(HttpServlet.java:681) ~[tomcat-embed-core-9.0.65.jar:4.0.FR]
	at org.springframework.web.servlet.FrameworkServlet.service(FrameworkServlet.java:883) ~[spring-webmvc-5.3.22.jar:5.3.22]
	at javax.servlet.http.HttpServlet.service(HttpServlet.java:764) ~[tomcat-embed-core-9.0.65.jar:4.0.FR]
	at org.apache.catalina.core.ApplicationFilterChain.internalDoFilter(ApplicationFilterChain.java:227) ~[tomcat-embed-core-9.0.65.jar:9.0.65]
	at org.apache.catalina.core.ApplicationFilterChain.doFilter(ApplicationFilterChain.java:162) ~[tomcat-embed-core-9.0.65.jar:9.0.65]
	at org.apache.tomcat.websocket.server.WsFilter.doFilter(WsFilter.java:53) ~[tomcat-embed-websocket-9.0.65.jar:9.0.65]
	at org.apache.catalina.core.ApplicationFilterChain.internalDoFilter(ApplicationFilterChain.java:189) ~[tomcat-embed-core-9.0.65.jar:9.0.65]
	at org.apache.catalina.core.ApplicationFilterChain.doFilter(ApplicationFilterChain.java:162) ~[tomcat-embed-core-9.0.65.jar:9.0.65]
	at org.springframework.web.filter.RequestContextFilter.doFilterInternal(RequestContextFilter.java:100) ~[spring-web-5.3.22.jar:5.3.22]
	at org.springframework.web.filter.OncePerRequestFilter.doFilter(OncePerRequestFilter.java:117) ~[spring-web-5.3.22.jar:5.3.22]
	at org.apache.catalina.core.ApplicationFilterChain.internalDoFilter(ApplicationFilterChain.java:189) ~[tomcat-embed-core-9.0.65.jar:9.0.65]
	at org.apache.catalina.core.ApplicationFilterChain.doFilter(ApplicationFilterChain.java:162) ~[tomcat-embed-core-9.0.65.jar:9.0.65]
	at org.springframework.web.filter.FormContentFilter.doFilterInternal(FormContentFilter.java:93) ~[spring-web-5.3.22.jar:5.3.22]
	at org.springframework.web.filter.OncePerRequestFilter.doFilter(OncePerRequestFilter.java:117) ~[spring-web-5.3.22.jar:5.3.22]
	at org.apache.catalina.core.ApplicationFilterChain.internalDoFilter(ApplicationFilterChain.java:189) ~[tomcat-embed-core-9.0.65.jar:9.0.65]
	at org.apache.catalina.core.ApplicationFilterChain.doFilter(ApplicationFilterChain.java:162) ~[tomcat-embed-core-9.0.65.jar:9.0.65]
	at org.springframework.web.filter.CharacterEncodingFilter.doFilterInternal(CharacterEncodingFilter.java:201) ~[spring-web-5.3.22.jar:5.3.22]
	at org.springframework.web.filter.OncePerRequestFilter.doFilter(OncePerRequestFilter.java:117) ~[spring-web-5.3.22.jar:5.3.22]
	at org.apache.catalina.core.ApplicationFilterChain.internalDoFilter(ApplicationFilterChain.java:189) ~[tomcat-embed-core-9.0.65.jar:9.0.65]
	at org.apache.catalina.core.ApplicationFilterChain.doFilter(ApplicationFilterChain.java:162) ~[tomcat-embed-core-9.0.65.jar:9.0.65]
	at org.apache.catalina.core.StandardWrapperValve.invoke(StandardWrapperValve.java:197) ~[tomcat-embed-core-9.0.65.jar:9.0.65]
	at org.apache.catalina.core.StandardContextValve.invoke(StandardContextValve.java:97) ~[tomcat-embed-core-9.0.65.jar:9.0.65]
	at org.apache.catalina.authenticator.AuthenticatorBase.invoke(AuthenticatorBase.java:541) ~[tomcat-embed-core-9.0.65.jar:9.0.65]
	at org.apache.catalina.core.StandardHostValve.invoke(StandardHostValve.java:135) ~[tomcat-embed-core-9.0.65.jar:9.0.65]
	at org.apache.catalina.valves.ErrorReportValve.invoke(ErrorReportValve.java:92) ~[tomcat-embed-core-9.0.65.jar:9.0.65]
	at org.apache.catalina.core.StandardEngineValve.invoke(StandardEngineValve.java:78) ~[tomcat-embed-core-9.0.65.jar:9.0.65]
	at org.apache.catalina.connector.CoyoteAdapter.service(CoyoteAdapter.java:360) ~[tomcat-embed-core-9.0.65.jar:9.0.65]
	at org.apache.coyote.http11.Http11Processor.service(Http11Processor.java:399) ~[tomcat-embed-core-9.0.65.jar:9.0.65]
	at org.apache.coyote.AbstractProcessorLight.process(AbstractProcessorLight.java:65) ~[tomcat-embed-core-9.0.65.jar:9.0.65]
	at org.apache.coyote.AbstractProtocol$ConnectionHandler.process(AbstractProtocol.java:890) ~[tomcat-embed-core-9.0.65.jar:9.0.65]
	at org.apache.tomcat.util.net.NioEndpoint$SocketProcessor.doRun(NioEndpoint.java:1789) ~[tomcat-embed-core-9.0.65.jar:9.0.65]
	at org.apache.tomcat.util.net.SocketProcessorBase.run(SocketProcessorBase.java:49) ~[tomcat-embed-core-9.0.65.jar:9.0.65]
	at org.apache.tomcat.util.threads.ThreadPoolExecutor.runWorker(ThreadPoolExecutor.java:1191) ~[tomcat-embed-core-9.0.65.jar:9.0.65]
	at org.apache.tomcat.util.threads.ThreadPoolExecutor$Worker.run(ThreadPoolExecutor.java:659) ~[tomcat-embed-core-9.0.65.jar:9.0.65]
	at org.apache.tomcat.util.threads.TaskThread$WrappingRunnable.run(TaskThread.java:61) ~[tomcat-embed-core-9.0.65.jar:9.0.65]
	at java.base/java.lang.Thread.run(Thread.java:1447) ~[na:na]

Hibernate: 
    insert 
    into
        posts
        (id, content, create_date_time, description, title, update_date_time) 
    values
        (default, ?, ?, ?, ?, ?)
[2m2025-07-08 13:10:27.740[0;39m [33m WARN[0;39m [35m40136[0;39m [2m---[0;39m [2m[nio-8080-exec-3][0;39m [36mo.h.engine.jdbc.spi.SqlExceptionHelper  [0;39m [2m:[0;39m SQL Error: 23505, SQLState: 23505
[2m2025-07-08 13:10:27.741[0;39m [31mERROR[0;39m [35m40136[0;39m [2m---[0;39m [2m[nio-8080-exec-3][0;39m [36mo.h.engine.jdbc.spi.SqlExceptionHelper  [0;39m [2m:[0;39m Unique index or primary key violation: "PUBLIC.UKMCHCE1GM7F6OTPPHXD6IXSDPS_INDEX_4 ON PUBLIC.POSTS(TITLE NULLS FIRST) VALUES ( /* 5 */ 'New Post Title' )"; SQL statement:
insert into posts (id, content, create_date_time, description, title, update_date_time) values (default, ?, ?, ?, ?, ?) [23505-214]
[2m2025-07-08 13:10:27.742[0;39m [31mERROR[0;39m [35m40136[0;39m [2m---[0;39m [2m[nio-8080-exec-3][0;39m [36mo.a.c.c.C.[.[.[/].[dispatcherServlet]   [0;39m [2m:[0;39m Servlet.service() for servlet [dispatcherServlet] in context with path [] threw exception [Request processing failed; nested exception is org.springframework.dao.DataIntegrityViolationException: could not execute statement; SQL [n/a]; constraint ["PUBLIC.UKMCHCE1GM7F6OTPPHXD6IXSDPS_INDEX_4 ON PUBLIC.POSTS(TITLE NULLS FIRST) VALUES ( /* 5 */ 'New Post Title' )"; SQL statement:
insert into posts (id, content, create_date_time, description, title, update_date_time) values (default, ?, ?, ?, ?, ?) [23505-214]]; nested exception is org.hibernate.exception.ConstraintViolationException: could not execute statement] with root cause

org.h2.jdbc.JdbcSQLIntegrityConstraintViolationException: Unique index or primary key violation: "PUBLIC.UKMCHCE1GM7F6OTPPHXD6IXSDPS_INDEX_4 ON PUBLIC.POSTS(TITLE NULLS FIRST) VALUES ( /* 5 */ 'New Post Title' )"; SQL statement:
insert into posts (id, content, create_date_time, description, title, update_date_time) values (default, ?, ?, ?, ?, ?) [23505-214]
	at org.h2.message.DbException.getJdbcSQLException(DbException.java:508) ~[h2-2.1.214.jar:2.1.214]
	at org.h2.message.DbException.getJdbcSQLException(DbException.java:477) ~[h2-2.1.214.jar:2.1.214]
	at org.h2.message.DbException.get(DbException.java:223) ~[h2-2.1.214.jar:2.1.214]
	at org.h2.message.DbException.get(DbException.java:199) ~[h2-2.1.214.jar:2.1.214]
	at org.h2.index.Index.getDuplicateKeyException(Index.java:525) ~[h2-2.1.214.jar:2.1.214]
	at org.h2.mvstore.db.MVSecondaryIndex.checkUnique(MVSecondaryIndex.java:223) ~[h2-2.1.214.jar:2.1.214]
	at org.h2.mvstore.db.MVSecondaryIndex.add(MVSecondaryIndex.java:184) ~[h2-2.1.214.jar:2.1.214]
	at org.h2.mvstore.db.MVTable.addRow(MVTable.java:519) ~[h2-2.1.214.jar:2.1.214]
	at org.h2.command.dml.Insert.insertRows(Insert.java:174) ~[h2-2.1.214.jar:2.1.214]
	at org.h2.command.dml.Insert.update(Insert.java:135) ~[h2-2.1.214.jar:2.1.214]
	at org.h2.command.CommandContainer.executeUpdateWithGeneratedKeys(CommandContainer.java:242) ~[h2-2.1.214.jar:2.1.214]
	at org.h2.command.CommandContainer.update(CommandContainer.java:163) ~[h2-2.1.214.jar:2.1.214]
	at org.h2.command.Command.executeUpdate(Command.java:252) ~[h2-2.1.214.jar:2.1.214]
	at org.h2.jdbc.JdbcPreparedStatement.executeUpdateInternal(JdbcPreparedStatement.java:209) ~[h2-2.1.214.jar:2.1.214]
	at org.h2.jdbc.JdbcPreparedStatement.executeUpdate(JdbcPreparedStatement.java:169) ~[h2-2.1.214.jar:2.1.214]
	at com.zaxxer.hikari.pool.ProxyPreparedStatement.executeUpdate(ProxyPreparedStatement.java:61) ~[HikariCP-4.0.3.jar:na]
	at com.zaxxer.hikari.pool.HikariProxyPreparedStatement.executeUpdate(HikariProxyPreparedStatement.java) ~[HikariCP-4.0.3.jar:na]
	at org.hibernate.engine.jdbc.internal.ResultSetReturnImpl.executeUpdate(ResultSetReturnImpl.java:197) ~[hibernate-core-5.6.10.Final.jar:5.6.10.Final]
	at org.hibernate.dialect.identity.GetGeneratedKeysDelegate.executeAndExtract(GetGeneratedKeysDelegate.java:58) ~[hibernate-core-5.6.10.Final.jar:5.6.10.Final]
	at org.hibernate.id.insert.AbstractReturningDelegate.performInsert(AbstractReturningDelegate.java:43) ~[hibernate-core-5.6.10.Final.jar:5.6.10.Final]
	at org.hibernate.persister.entity.AbstractEntityPersister.insert(AbstractEntityPersister.java:3279) ~[hibernate-core-5.6.10.Final.jar:5.6.10.Final]
	at org.hibernate.persister.entity.AbstractEntityPersister.insert(AbstractEntityPersister.java:3885) ~[hibernate-core-5.6.10.Final.jar:5.6.10.Final]
	at org.hibernate.action.internal.EntityIdentityInsertAction.execute(EntityIdentityInsertAction.java:84) ~[hibernate-core-5.6.10.Final.jar:5.6.10.Final]
	at org.hibernate.engine.spi.ActionQueue.execute(ActionQueue.java:645) ~[hibernate-core-5.6.10.Final.jar:5.6.10.Final]
	at org.hibernate.engine.spi.ActionQueue.addResolvedEntityInsertAction(ActionQueue.java:282) ~[hibernate-core-5.6.10.Final.jar:5.6.10.Final]
	at org.hibernate.engine.spi.ActionQueue.addInsertAction(ActionQueue.java:263) ~[hibernate-core-5.6.10.Final.jar:5.6.10.Final]
	at org.hibernate.engine.spi.ActionQueue.addAction(ActionQueue.java:317) ~[hibernate-core-5.6.10.Final.jar:5.6.10.Final]
	at org.hibernate.event.internal.AbstractSaveEventListener.addInsertAction(AbstractSaveEventListener.java:330) ~[hibernate-core-5.6.10.Final.jar:5.6.10.Final]
	at org.hibernate.event.internal.AbstractSaveEventListener.performSaveOrReplicate(AbstractSaveEventListener.java:287) ~[hibernate-core-5.6.10.Final.jar:5.6.10.Final]
	at org.hibernate.event.internal.AbstractSaveEventListener.performSave(AbstractSaveEventListener.java:193) ~[hibernate-core-5.6.10.Final.jar:5.6.10.Final]
	at org.hibernate.event.internal.AbstractSaveEventListener.saveWithGeneratedId(AbstractSaveEventListener.java:123) ~[hibernate-core-5.6.10.Final.jar:5.6.10.Final]
	at org.hibernate.event.internal.DefaultPersistEventListener.entityIsTransient(DefaultPersistEventListener.java:185) ~[hibernate-core-5.6.10.Final.jar:5.6.10.Final]
	at org.hibernate.event.internal.DefaultPersistEventListener.onPersist(DefaultPersistEventListener.java:128) ~[hibernate-core-5.6.10.Final.jar:5.6.10.Final]
	at org.hibernate.event.internal.DefaultPersistEventListener.onPersist(DefaultPersistEventListener.java:55) ~[hibernate-core-5.6.10.Final.jar:5.6.10.Final]
	at org.hibernate.event.service.internal.EventListenerGroupImpl.fireEventOnEachListener(EventListenerGroupImpl.java:107) ~[hibernate-core-5.6.10.Final.jar:5.6.10.Final]
	at org.hibernate.internal.SessionImpl.firePersist(SessionImpl.java:756) ~[hibernate-core-5.6.10.Final.jar:5.6.10.Final]
	at org.hibernate.internal.SessionImpl.persist(SessionImpl.java:742) ~[hibernate-core-5.6.10.Final.jar:5.6.10.Final]
	at java.base/jdk.internal.reflect.DirectMethodHandleAccessor.invoke(DirectMethodHandleAccessor.java:104) ~[na:na]
	at java.base/java.lang.reflect.Method.invoke(Method.java:565) ~[na:na]
	at org.springframework.orm.jpa.ExtendedEntityManagerCreator$ExtendedEntityManagerInvocationHandler.invoke(ExtendedEntityManagerCreator.java:362) ~[spring-orm-5.3.22.jar:5.3.22]
	at jdk.proxy2/jdk.proxy2.$Proxy103.persist(Unknown Source) ~[na:na]
	at java.base/jdk.internal.reflect.DirectMethodHandleAccessor.invoke(DirectMethodHandleAccessor.java:104) ~[na:na]
	at java.base/java.lang.reflect.Method.invoke(Method.java:565) ~[na:na]
	at org.springframework.orm.jpa.SharedEntityManagerCreator$SharedEntityManagerInvocationHandler.invoke(SharedEntityManagerCreator.java:311) ~[spring-orm-5.3.22.jar:5.3.22]
	at jdk.proxy2/jdk.proxy2.$Proxy103.persist(Unknown Source) ~[na:na]
	at org.springframework.data.jpa.repository.support.SimpleJpaRepository.save(SimpleJpaRepository.java:666) ~[spring-data-jpa-2.7.2.jar:2.7.2]
	at java.base/jdk.internal.reflect.DirectMethodHandleAccessor.invoke(DirectMethodHandleAccessor.java:104) ~[na:na]
	at java.base/java.lang.reflect.Method.invoke(Method.java:565) ~[na:na]
	at org.springframework.data.repository.core.support.RepositoryMethodInvoker$RepositoryFragmentMethodInvoker.lambda$new$0(RepositoryMethodInvoker.java:289) ~[spring-data-commons-2.7.2.jar:2.7.2]
	at org.springframework.data.repository.core.support.RepositoryMethodInvoker.doInvoke(RepositoryMethodInvoker.java:137) ~[spring-data-commons-2.7.2.jar:2.7.2]
	at org.springframework.data.repository.core.support.RepositoryMethodInvoker.invoke(RepositoryMethodInvoker.java:121) ~[spring-data-commons-2.7.2.jar:2.7.2]
	at org.springframework.data.repository.core.support.RepositoryComposition$RepositoryFragments.invoke(RepositoryComposition.java:530) ~[spring-data-commons-2.7.2.jar:2.7.2]
	at org.springframework.data.repository.core.support.RepositoryComposition.invoke(RepositoryComposition.java:286) ~[spring-data-commons-2.7.2.jar:2.7.2]
	at org.springframework.data.repository.core.support.RepositoryFactorySupport$ImplementationMethodExecutionInterceptor.invoke(RepositoryFactorySupport.java:640) ~[spring-data-commons-2.7.2.jar:2.7.2]
	at org.springframework.aop.framework.ReflectiveMethodInvocation.proceed(ReflectiveMethodInvocation.java:186) ~[spring-aop-5.3.22.jar:5.3.22]
	at org.springframework.data.repository.core.support.QueryExecutorMethodInterceptor.doInvoke(QueryExecutorMethodInterceptor.java:164) ~[spring-data-commons-2.7.2.jar:2.7.2]
	at org.springframework.data.repository.core.support.QueryExecutorMethodInterceptor.invoke(QueryExecutorMethodInterceptor.java:139) ~[spring-data-commons-2.7.2.jar:2.7.2]
	at org.springframework.aop.framework.ReflectiveMethodInvocation.proceed(ReflectiveMethodInvocation.java:186) ~[spring-aop-5.3.22.jar:5.3.22]
	at org.springframework.data.projection.DefaultMethodInvokingMethodInterceptor.invoke(DefaultMethodInvokingMethodInterceptor.java:81) ~[spring-data-commons-2.7.2.jar:2.7.2]
	at org.springframework.aop.framework.ReflectiveMethodInvocation.proceed(ReflectiveMethodInvocation.java:186) ~[spring-aop-5.3.22.jar:5.3.22]
	at org.springframework.transaction.interceptor.TransactionInterceptor$1.proceedWithInvocation(TransactionInterceptor.java:123) ~[spring-tx-5.3.22.jar:5.3.22]
	at org.springframework.transaction.interceptor.TransactionAspectSupport.invokeWithinTransaction(TransactionAspectSupport.java:388) ~[spring-tx-5.3.22.jar:5.3.22]
	at org.springframework.transaction.interceptor.TransactionInterceptor.invoke(TransactionInterceptor.java:119) ~[spring-tx-5.3.22.jar:5.3.22]
	at org.springframework.aop.framework.ReflectiveMethodInvocation.proceed(ReflectiveMethodInvocation.java:186) ~[spring-aop-5.3.22.jar:5.3.22]
	at org.springframework.dao.support.PersistenceExceptionTranslationInterceptor.invoke(PersistenceExceptionTranslationInterceptor.java:137) ~[spring-tx-5.3.22.jar:5.3.22]
	at org.springframework.aop.framework.ReflectiveMethodInvocation.proceed(ReflectiveMethodInvocation.java:186) ~[spring-aop-5.3.22.jar:5.3.22]
	at org.springframework.data.jpa.repository.support.CrudMethodMetadataPostProcessor$CrudMethodMetadataPopulatingMethodInterceptor.invoke(CrudMethodMetadataPostProcessor.java:174) ~[spring-data-jpa-2.7.2.jar:2.7.2]
	at org.springframework.aop.framework.ReflectiveMethodInvocation.proceed(ReflectiveMethodInvocation.java:186) ~[spring-aop-5.3.22.jar:5.3.22]
	at org.springframework.aop.interceptor.ExposeInvocationInterceptor.invoke(ExposeInvocationInterceptor.java:97) ~[spring-aop-5.3.22.jar:5.3.22]
	at org.springframework.aop.framework.ReflectiveMethodInvocation.proceed(ReflectiveMethodInvocation.java:186) ~[spring-aop-5.3.22.jar:5.3.22]
	at org.springframework.aop.framework.JdkDynamicAopProxy.invoke(JdkDynamicAopProxy.java:215) ~[spring-aop-5.3.22.jar:5.3.22]
	at jdk.proxy2/jdk.proxy2.$Proxy107.save(Unknown Source) ~[na:na]
	at com.chuwa.redbook.service.impl.PostServiceImpl.createPost(PostServiceImpl.java:46) ~[classes/:na]
	at com.chuwa.redbook.controller.PostController.createPost(PostController.java:25) ~[classes/:na]
	at java.base/jdk.internal.reflect.DirectMethodHandleAccessor.invoke(DirectMethodHandleAccessor.java:104) ~[na:na]
	at java.base/java.lang.reflect.Method.invoke(Method.java:565) ~[na:na]
	at org.springframework.web.method.support.InvocableHandlerMethod.doInvoke(InvocableHandlerMethod.java:205) ~[spring-web-5.3.22.jar:5.3.22]
	at org.springframework.web.method.support.InvocableHandlerMethod.invokeForRequest(InvocableHandlerMethod.java:150) ~[spring-web-5.3.22.jar:5.3.22]
	at org.springframework.web.servlet.mvc.method.annotation.ServletInvocableHandlerMethod.invokeAndHandle(ServletInvocableHandlerMethod.java:117) ~[spring-webmvc-5.3.22.jar:5.3.22]
	at org.springframework.web.servlet.mvc.method.annotation.RequestMappingHandlerAdapter.invokeHandlerMethod(RequestMappingHandlerAdapter.java:895) ~[spring-webmvc-5.3.22.jar:5.3.22]
	at org.springframework.web.servlet.mvc.method.annotation.RequestMappingHandlerAdapter.handleInternal(RequestMappingHandlerAdapter.java:808) ~[spring-webmvc-5.3.22.jar:5.3.22]
	at org.springframework.web.servlet.mvc.method.AbstractHandlerMethodAdapter.handle(AbstractHandlerMethodAdapter.java:87) ~[spring-webmvc-5.3.22.jar:5.3.22]
	at org.springframework.web.servlet.DispatcherServlet.doDispatch(DispatcherServlet.java:1070) ~[spring-webmvc-5.3.22.jar:5.3.22]
	at org.springframework.web.servlet.DispatcherServlet.doService(DispatcherServlet.java:963) ~[spring-webmvc-5.3.22.jar:5.3.22]
	at org.springframework.web.servlet.FrameworkServlet.processRequest(FrameworkServlet.java:1006) ~[spring-webmvc-5.3.22.jar:5.3.22]
	at org.springframework.web.servlet.FrameworkServlet.doPost(FrameworkServlet.java:909) ~[spring-webmvc-5.3.22.jar:5.3.22]
	at javax.servlet.http.HttpServlet.service(HttpServlet.java:681) ~[tomcat-embed-core-9.0.65.jar:4.0.FR]
	at org.springframework.web.servlet.FrameworkServlet.service(FrameworkServlet.java:883) ~[spring-webmvc-5.3.22.jar:5.3.22]
	at javax.servlet.http.HttpServlet.service(HttpServlet.java:764) ~[tomcat-embed-core-9.0.65.jar:4.0.FR]
	at org.apache.catalina.core.ApplicationFilterChain.internalDoFilter(ApplicationFilterChain.java:227) ~[tomcat-embed-core-9.0.65.jar:9.0.65]
	at org.apache.catalina.core.ApplicationFilterChain.doFilter(ApplicationFilterChain.java:162) ~[tomcat-embed-core-9.0.65.jar:9.0.65]
	at org.apache.tomcat.websocket.server.WsFilter.doFilter(WsFilter.java:53) ~[tomcat-embed-websocket-9.0.65.jar:9.0.65]
	at org.apache.catalina.core.ApplicationFilterChain.internalDoFilter(ApplicationFilterChain.java:189) ~[tomcat-embed-core-9.0.65.jar:9.0.65]
	at org.apache.catalina.core.ApplicationFilterChain.doFilter(ApplicationFilterChain.java:162) ~[tomcat-embed-core-9.0.65.jar:9.0.65]
	at org.springframework.web.filter.RequestContextFilter.doFilterInternal(RequestContextFilter.java:100) ~[spring-web-5.3.22.jar:5.3.22]
	at org.springframework.web.filter.OncePerRequestFilter.doFilter(OncePerRequestFilter.java:117) ~[spring-web-5.3.22.jar:5.3.22]
	at org.apache.catalina.core.ApplicationFilterChain.internalDoFilter(ApplicationFilterChain.java:189) ~[tomcat-embed-core-9.0.65.jar:9.0.65]
	at org.apache.catalina.core.ApplicationFilterChain.doFilter(ApplicationFilterChain.java:162) ~[tomcat-embed-core-9.0.65.jar:9.0.65]
	at org.springframework.web.filter.FormContentFilter.doFilterInternal(FormContentFilter.java:93) ~[spring-web-5.3.22.jar:5.3.22]
	at org.springframework.web.filter.OncePerRequestFilter.doFilter(OncePerRequestFilter.java:117) ~[spring-web-5.3.22.jar:5.3.22]
	at org.apache.catalina.core.ApplicationFilterChain.internalDoFilter(ApplicationFilterChain.java:189) ~[tomcat-embed-core-9.0.65.jar:9.0.65]
	at org.apache.catalina.core.ApplicationFilterChain.doFilter(ApplicationFilterChain.java:162) ~[tomcat-embed-core-9.0.65.jar:9.0.65]
	at org.springframework.web.filter.CharacterEncodingFilter.doFilterInternal(CharacterEncodingFilter.java:201) ~[spring-web-5.3.22.jar:5.3.22]
	at org.springframework.web.filter.OncePerRequestFilter.doFilter(OncePerRequestFilter.java:117) ~[spring-web-5.3.22.jar:5.3.22]
	at org.apache.catalina.core.ApplicationFilterChain.internalDoFilter(ApplicationFilterChain.java:189) ~[tomcat-embed-core-9.0.65.jar:9.0.65]
	at org.apache.catalina.core.ApplicationFilterChain.doFilter(ApplicationFilterChain.java:162) ~[tomcat-embed-core-9.0.65.jar:9.0.65]
	at org.apache.catalina.core.StandardWrapperValve.invoke(StandardWrapperValve.java:197) ~[tomcat-embed-core-9.0.65.jar:9.0.65]
	at org.apache.catalina.core.StandardContextValve.invoke(StandardContextValve.java:97) ~[tomcat-embed-core-9.0.65.jar:9.0.65]
	at org.apache.catalina.authenticator.AuthenticatorBase.invoke(AuthenticatorBase.java:541) ~[tomcat-embed-core-9.0.65.jar:9.0.65]
	at org.apache.catalina.core.StandardHostValve.invoke(StandardHostValve.java:135) ~[tomcat-embed-core-9.0.65.jar:9.0.65]
	at org.apache.catalina.valves.ErrorReportValve.invoke(ErrorReportValve.java:92) ~[tomcat-embed-core-9.0.65.jar:9.0.65]
	at org.apache.catalina.core.StandardEngineValve.invoke(StandardEngineValve.java:78) ~[tomcat-embed-core-9.0.65.jar:9.0.65]
	at org.apache.catalina.connector.CoyoteAdapter.service(CoyoteAdapter.java:360) ~[tomcat-embed-core-9.0.65.jar:9.0.65]
	at org.apache.coyote.http11.Http11Processor.service(Http11Processor.java:399) ~[tomcat-embed-core-9.0.65.jar:9.0.65]
	at org.apache.coyote.AbstractProcessorLight.process(AbstractProcessorLight.java:65) ~[tomcat-embed-core-9.0.65.jar:9.0.65]
	at org.apache.coyote.AbstractProtocol$ConnectionHandler.process(AbstractProtocol.java:890) ~[tomcat-embed-core-9.0.65.jar:9.0.65]
	at org.apache.tomcat.util.net.NioEndpoint$SocketProcessor.doRun(NioEndpoint.java:1789) ~[tomcat-embed-core-9.0.65.jar:9.0.65]
	at org.apache.tomcat.util.net.SocketProcessorBase.run(SocketProcessorBase.java:49) ~[tomcat-embed-core-9.0.65.jar:9.0.65]
	at org.apache.tomcat.util.threads.ThreadPoolExecutor.runWorker(ThreadPoolExecutor.java:1191) ~[tomcat-embed-core-9.0.65.jar:9.0.65]
	at org.apache.tomcat.util.threads.ThreadPoolExecutor$Worker.run(ThreadPoolExecutor.java:659) ~[tomcat-embed-core-9.0.65.jar:9.0.65]
	at org.apache.tomcat.util.threads.TaskThread$WrappingRunnable.run(TaskThread.java:61) ~[tomcat-embed-core-9.0.65.jar:9.0.65]
	at java.base/java.lang.Thread.run(Thread.java:1447) ~[na:na]

Hibernate: 
    insert 
    into
        posts
        (id, content, create_date_time, description, title, update_date_time) 
    values
        (default, ?, ?, ?, ?, ?)
[2m2025-07-08 13:10:28.235[0;39m [33m WARN[0;39m [35m40136[0;39m [2m---[0;39m [2m[nio-8080-exec-5][0;39m [36mo.h.engine.jdbc.spi.SqlExceptionHelper  [0;39m [2m:[0;39m SQL Error: 23505, SQLState: 23505
[2m2025-07-08 13:10:28.235[0;39m [31mERROR[0;39m [35m40136[0;39m [2m---[0;39m [2m[nio-8080-exec-5][0;39m [36mo.h.engine.jdbc.spi.SqlExceptionHelper  [0;39m [2m:[0;39m Unique index or primary key violation: "PUBLIC.UKMCHCE1GM7F6OTPPHXD6IXSDPS_INDEX_4 ON PUBLIC.POSTS(TITLE NULLS FIRST) VALUES ( /* 5 */ 'New Post Title' )"; SQL statement:
insert into posts (id, content, create_date_time, description, title, update_date_time) values (default, ?, ?, ?, ?, ?) [23505-214]
[2m2025-07-08 13:10:28.237[0;39m [31mERROR[0;39m [35m40136[0;39m [2m---[0;39m [2m[nio-8080-exec-5][0;39m [36mo.a.c.c.C.[.[.[/].[dispatcherServlet]   [0;39m [2m:[0;39m Servlet.service() for servlet [dispatcherServlet] in context with path [] threw exception [Request processing failed; nested exception is org.springframework.dao.DataIntegrityViolationException: could not execute statement; SQL [n/a]; constraint ["PUBLIC.UKMCHCE1GM7F6OTPPHXD6IXSDPS_INDEX_4 ON PUBLIC.POSTS(TITLE NULLS FIRST) VALUES ( /* 5 */ 'New Post Title' )"; SQL statement:
insert into posts (id, content, create_date_time, description, title, update_date_time) values (default, ?, ?, ?, ?, ?) [23505-214]]; nested exception is org.hibernate.exception.ConstraintViolationException: could not execute statement] with root cause

org.h2.jdbc.JdbcSQLIntegrityConstraintViolationException: Unique index or primary key violation: "PUBLIC.UKMCHCE1GM7F6OTPPHXD6IXSDPS_INDEX_4 ON PUBLIC.POSTS(TITLE NULLS FIRST) VALUES ( /* 5 */ 'New Post Title' )"; SQL statement:
insert into posts (id, content, create_date_time, description, title, update_date_time) values (default, ?, ?, ?, ?, ?) [23505-214]
	at org.h2.message.DbException.getJdbcSQLException(DbException.java:508) ~[h2-2.1.214.jar:2.1.214]
	at org.h2.message.DbException.getJdbcSQLException(DbException.java:477) ~[h2-2.1.214.jar:2.1.214]
	at org.h2.message.DbException.get(DbException.java:223) ~[h2-2.1.214.jar:2.1.214]
	at org.h2.message.DbException.get(DbException.java:199) ~[h2-2.1.214.jar:2.1.214]
	at org.h2.index.Index.getDuplicateKeyException(Index.java:525) ~[h2-2.1.214.jar:2.1.214]
	at org.h2.mvstore.db.MVSecondaryIndex.checkUnique(MVSecondaryIndex.java:223) ~[h2-2.1.214.jar:2.1.214]
	at org.h2.mvstore.db.MVSecondaryIndex.add(MVSecondaryIndex.java:184) ~[h2-2.1.214.jar:2.1.214]
	at org.h2.mvstore.db.MVTable.addRow(MVTable.java:519) ~[h2-2.1.214.jar:2.1.214]
	at org.h2.command.dml.Insert.insertRows(Insert.java:174) ~[h2-2.1.214.jar:2.1.214]
	at org.h2.command.dml.Insert.update(Insert.java:135) ~[h2-2.1.214.jar:2.1.214]
	at org.h2.command.CommandContainer.executeUpdateWithGeneratedKeys(CommandContainer.java:242) ~[h2-2.1.214.jar:2.1.214]
	at org.h2.command.CommandContainer.update(CommandContainer.java:163) ~[h2-2.1.214.jar:2.1.214]
	at org.h2.command.Command.executeUpdate(Command.java:252) ~[h2-2.1.214.jar:2.1.214]
	at org.h2.jdbc.JdbcPreparedStatement.executeUpdateInternal(JdbcPreparedStatement.java:209) ~[h2-2.1.214.jar:2.1.214]
	at org.h2.jdbc.JdbcPreparedStatement.executeUpdate(JdbcPreparedStatement.java:169) ~[h2-2.1.214.jar:2.1.214]
	at com.zaxxer.hikari.pool.ProxyPreparedStatement.executeUpdate(ProxyPreparedStatement.java:61) ~[HikariCP-4.0.3.jar:na]
	at com.zaxxer.hikari.pool.HikariProxyPreparedStatement.executeUpdate(HikariProxyPreparedStatement.java) ~[HikariCP-4.0.3.jar:na]
	at org.hibernate.engine.jdbc.internal.ResultSetReturnImpl.executeUpdate(ResultSetReturnImpl.java:197) ~[hibernate-core-5.6.10.Final.jar:5.6.10.Final]
	at org.hibernate.dialect.identity.GetGeneratedKeysDelegate.executeAndExtract(GetGeneratedKeysDelegate.java:58) ~[hibernate-core-5.6.10.Final.jar:5.6.10.Final]
	at org.hibernate.id.insert.AbstractReturningDelegate.performInsert(AbstractReturningDelegate.java:43) ~[hibernate-core-5.6.10.Final.jar:5.6.10.Final]
	at org.hibernate.persister.entity.AbstractEntityPersister.insert(AbstractEntityPersister.java:3279) ~[hibernate-core-5.6.10.Final.jar:5.6.10.Final]
	at org.hibernate.persister.entity.AbstractEntityPersister.insert(AbstractEntityPersister.java:3885) ~[hibernate-core-5.6.10.Final.jar:5.6.10.Final]
	at org.hibernate.action.internal.EntityIdentityInsertAction.execute(EntityIdentityInsertAction.java:84) ~[hibernate-core-5.6.10.Final.jar:5.6.10.Final]
	at org.hibernate.engine.spi.ActionQueue.execute(ActionQueue.java:645) ~[hibernate-core-5.6.10.Final.jar:5.6.10.Final]
	at org.hibernate.engine.spi.ActionQueue.addResolvedEntityInsertAction(ActionQueue.java:282) ~[hibernate-core-5.6.10.Final.jar:5.6.10.Final]
	at org.hibernate.engine.spi.ActionQueue.addInsertAction(ActionQueue.java:263) ~[hibernate-core-5.6.10.Final.jar:5.6.10.Final]
	at org.hibernate.engine.spi.ActionQueue.addAction(ActionQueue.java:317) ~[hibernate-core-5.6.10.Final.jar:5.6.10.Final]
	at org.hibernate.event.internal.AbstractSaveEventListener.addInsertAction(AbstractSaveEventListener.java:330) ~[hibernate-core-5.6.10.Final.jar:5.6.10.Final]
	at org.hibernate.event.internal.AbstractSaveEventListener.performSaveOrReplicate(AbstractSaveEventListener.java:287) ~[hibernate-core-5.6.10.Final.jar:5.6.10.Final]
	at org.hibernate.event.internal.AbstractSaveEventListener.performSave(AbstractSaveEventListener.java:193) ~[hibernate-core-5.6.10.Final.jar:5.6.10.Final]
	at org.hibernate.event.internal.AbstractSaveEventListener.saveWithGeneratedId(AbstractSaveEventListener.java:123) ~[hibernate-core-5.6.10.Final.jar:5.6.10.Final]
	at org.hibernate.event.internal.DefaultPersistEventListener.entityIsTransient(DefaultPersistEventListener.java:185) ~[hibernate-core-5.6.10.Final.jar:5.6.10.Final]
	at org.hibernate.event.internal.DefaultPersistEventListener.onPersist(DefaultPersistEventListener.java:128) ~[hibernate-core-5.6.10.Final.jar:5.6.10.Final]
	at org.hibernate.event.internal.DefaultPersistEventListener.onPersist(DefaultPersistEventListener.java:55) ~[hibernate-core-5.6.10.Final.jar:5.6.10.Final]
	at org.hibernate.event.service.internal.EventListenerGroupImpl.fireEventOnEachListener(EventListenerGroupImpl.java:107) ~[hibernate-core-5.6.10.Final.jar:5.6.10.Final]
	at org.hibernate.internal.SessionImpl.firePersist(SessionImpl.java:756) ~[hibernate-core-5.6.10.Final.jar:5.6.10.Final]
	at org.hibernate.internal.SessionImpl.persist(SessionImpl.java:742) ~[hibernate-core-5.6.10.Final.jar:5.6.10.Final]
	at java.base/jdk.internal.reflect.DirectMethodHandleAccessor.invoke(DirectMethodHandleAccessor.java:104) ~[na:na]
	at java.base/java.lang.reflect.Method.invoke(Method.java:565) ~[na:na]
	at org.springframework.orm.jpa.ExtendedEntityManagerCreator$ExtendedEntityManagerInvocationHandler.invoke(ExtendedEntityManagerCreator.java:362) ~[spring-orm-5.3.22.jar:5.3.22]
	at jdk.proxy2/jdk.proxy2.$Proxy103.persist(Unknown Source) ~[na:na]
	at java.base/jdk.internal.reflect.DirectMethodHandleAccessor.invoke(DirectMethodHandleAccessor.java:104) ~[na:na]
	at java.base/java.lang.reflect.Method.invoke(Method.java:565) ~[na:na]
	at org.springframework.orm.jpa.SharedEntityManagerCreator$SharedEntityManagerInvocationHandler.invoke(SharedEntityManagerCreator.java:311) ~[spring-orm-5.3.22.jar:5.3.22]
	at jdk.proxy2/jdk.proxy2.$Proxy103.persist(Unknown Source) ~[na:na]
	at org.springframework.data.jpa.repository.support.SimpleJpaRepository.save(SimpleJpaRepository.java:666) ~[spring-data-jpa-2.7.2.jar:2.7.2]
	at java.base/jdk.internal.reflect.DirectMethodHandleAccessor.invoke(DirectMethodHandleAccessor.java:104) ~[na:na]
	at java.base/java.lang.reflect.Method.invoke(Method.java:565) ~[na:na]
	at org.springframework.data.repository.core.support.RepositoryMethodInvoker$RepositoryFragmentMethodInvoker.lambda$new$0(RepositoryMethodInvoker.java:289) ~[spring-data-commons-2.7.2.jar:2.7.2]
	at org.springframework.data.repository.core.support.RepositoryMethodInvoker.doInvoke(RepositoryMethodInvoker.java:137) ~[spring-data-commons-2.7.2.jar:2.7.2]
	at org.springframework.data.repository.core.support.RepositoryMethodInvoker.invoke(RepositoryMethodInvoker.java:121) ~[spring-data-commons-2.7.2.jar:2.7.2]
	at org.springframework.data.repository.core.support.RepositoryComposition$RepositoryFragments.invoke(RepositoryComposition.java:530) ~[spring-data-commons-2.7.2.jar:2.7.2]
	at org.springframework.data.repository.core.support.RepositoryComposition.invoke(RepositoryComposition.java:286) ~[spring-data-commons-2.7.2.jar:2.7.2]
	at org.springframework.data.repository.core.support.RepositoryFactorySupport$ImplementationMethodExecutionInterceptor.invoke(RepositoryFactorySupport.java:640) ~[spring-data-commons-2.7.2.jar:2.7.2]
	at org.springframework.aop.framework.ReflectiveMethodInvocation.proceed(ReflectiveMethodInvocation.java:186) ~[spring-aop-5.3.22.jar:5.3.22]
	at org.springframework.data.repository.core.support.QueryExecutorMethodInterceptor.doInvoke(QueryExecutorMethodInterceptor.java:164) ~[spring-data-commons-2.7.2.jar:2.7.2]
	at org.springframework.data.repository.core.support.QueryExecutorMethodInterceptor.invoke(QueryExecutorMethodInterceptor.java:139) ~[spring-data-commons-2.7.2.jar:2.7.2]
	at org.springframework.aop.framework.ReflectiveMethodInvocation.proceed(ReflectiveMethodInvocation.java:186) ~[spring-aop-5.3.22.jar:5.3.22]
	at org.springframework.data.projection.DefaultMethodInvokingMethodInterceptor.invoke(DefaultMethodInvokingMethodInterceptor.java:81) ~[spring-data-commons-2.7.2.jar:2.7.2]
	at org.springframework.aop.framework.ReflectiveMethodInvocation.proceed(ReflectiveMethodInvocation.java:186) ~[spring-aop-5.3.22.jar:5.3.22]
	at org.springframework.transaction.interceptor.TransactionInterceptor$1.proceedWithInvocation(TransactionInterceptor.java:123) ~[spring-tx-5.3.22.jar:5.3.22]
	at org.springframework.transaction.interceptor.TransactionAspectSupport.invokeWithinTransaction(TransactionAspectSupport.java:388) ~[spring-tx-5.3.22.jar:5.3.22]
	at org.springframework.transaction.interceptor.TransactionInterceptor.invoke(TransactionInterceptor.java:119) ~[spring-tx-5.3.22.jar:5.3.22]
	at org.springframework.aop.framework.ReflectiveMethodInvocation.proceed(ReflectiveMethodInvocation.java:186) ~[spring-aop-5.3.22.jar:5.3.22]
	at org.springframework.dao.support.PersistenceExceptionTranslationInterceptor.invoke(PersistenceExceptionTranslationInterceptor.java:137) ~[spring-tx-5.3.22.jar:5.3.22]
	at org.springframework.aop.framework.ReflectiveMethodInvocation.proceed(ReflectiveMethodInvocation.java:186) ~[spring-aop-5.3.22.jar:5.3.22]
	at org.springframework.data.jpa.repository.support.CrudMethodMetadataPostProcessor$CrudMethodMetadataPopulatingMethodInterceptor.invoke(CrudMethodMetadataPostProcessor.java:174) ~[spring-data-jpa-2.7.2.jar:2.7.2]
	at org.springframework.aop.framework.ReflectiveMethodInvocation.proceed(ReflectiveMethodInvocation.java:186) ~[spring-aop-5.3.22.jar:5.3.22]
	at org.springframework.aop.interceptor.ExposeInvocationInterceptor.invoke(ExposeInvocationInterceptor.java:97) ~[spring-aop-5.3.22.jar:5.3.22]
	at org.springframework.aop.framework.ReflectiveMethodInvocation.proceed(ReflectiveMethodInvocation.java:186) ~[spring-aop-5.3.22.jar:5.3.22]
	at org.springframework.aop.framework.JdkDynamicAopProxy.invoke(JdkDynamicAopProxy.java:215) ~[spring-aop-5.3.22.jar:5.3.22]
	at jdk.proxy2/jdk.proxy2.$Proxy107.save(Unknown Source) ~[na:na]
	at com.chuwa.redbook.service.impl.PostServiceImpl.createPost(PostServiceImpl.java:46) ~[classes/:na]
	at com.chuwa.redbook.controller.PostController.createPost(PostController.java:25) ~[classes/:na]
	at java.base/jdk.internal.reflect.DirectMethodHandleAccessor.invoke(DirectMethodHandleAccessor.java:104) ~[na:na]
	at java.base/java.lang.reflect.Method.invoke(Method.java:565) ~[na:na]
	at org.springframework.web.method.support.InvocableHandlerMethod.doInvoke(InvocableHandlerMethod.java:205) ~[spring-web-5.3.22.jar:5.3.22]
	at org.springframework.web.method.support.InvocableHandlerMethod.invokeForRequest(InvocableHandlerMethod.java:150) ~[spring-web-5.3.22.jar:5.3.22]
	at org.springframework.web.servlet.mvc.method.annotation.ServletInvocableHandlerMethod.invokeAndHandle(ServletInvocableHandlerMethod.java:117) ~[spring-webmvc-5.3.22.jar:5.3.22]
	at org.springframework.web.servlet.mvc.method.annotation.RequestMappingHandlerAdapter.invokeHandlerMethod(RequestMappingHandlerAdapter.java:895) ~[spring-webmvc-5.3.22.jar:5.3.22]
	at org.springframework.web.servlet.mvc.method.annotation.RequestMappingHandlerAdapter.handleInternal(RequestMappingHandlerAdapter.java:808) ~[spring-webmvc-5.3.22.jar:5.3.22]
	at org.springframework.web.servlet.mvc.method.AbstractHandlerMethodAdapter.handle(AbstractHandlerMethodAdapter.java:87) ~[spring-webmvc-5.3.22.jar:5.3.22]
	at org.springframework.web.servlet.DispatcherServlet.doDispatch(DispatcherServlet.java:1070) ~[spring-webmvc-5.3.22.jar:5.3.22]
	at org.springframework.web.servlet.DispatcherServlet.doService(DispatcherServlet.java:963) ~[spring-webmvc-5.3.22.jar:5.3.22]
	at org.springframework.web.servlet.FrameworkServlet.processRequest(FrameworkServlet.java:1006) ~[spring-webmvc-5.3.22.jar:5.3.22]
	at org.springframework.web.servlet.FrameworkServlet.doPost(FrameworkServlet.java:909) ~[spring-webmvc-5.3.22.jar:5.3.22]
	at javax.servlet.http.HttpServlet.service(HttpServlet.java:681) ~[tomcat-embed-core-9.0.65.jar:4.0.FR]
	at org.springframework.web.servlet.FrameworkServlet.service(FrameworkServlet.java:883) ~[spring-webmvc-5.3.22.jar:5.3.22]
	at javax.servlet.http.HttpServlet.service(HttpServlet.java:764) ~[tomcat-embed-core-9.0.65.jar:4.0.FR]
	at org.apache.catalina.core.ApplicationFilterChain.internalDoFilter(ApplicationFilterChain.java:227) ~[tomcat-embed-core-9.0.65.jar:9.0.65]
	at org.apache.catalina.core.ApplicationFilterChain.doFilter(ApplicationFilterChain.java:162) ~[tomcat-embed-core-9.0.65.jar:9.0.65]
	at org.apache.tomcat.websocket.server.WsFilter.doFilter(WsFilter.java:53) ~[tomcat-embed-websocket-9.0.65.jar:9.0.65]
	at org.apache.catalina.core.ApplicationFilterChain.internalDoFilter(ApplicationFilterChain.java:189) ~[tomcat-embed-core-9.0.65.jar:9.0.65]
	at org.apache.catalina.core.ApplicationFilterChain.doFilter(ApplicationFilterChain.java:162) ~[tomcat-embed-core-9.0.65.jar:9.0.65]
	at org.springframework.web.filter.RequestContextFilter.doFilterInternal(RequestContextFilter.java:100) ~[spring-web-5.3.22.jar:5.3.22]
	at org.springframework.web.filter.OncePerRequestFilter.doFilter(OncePerRequestFilter.java:117) ~[spring-web-5.3.22.jar:5.3.22]
	at org.apache.catalina.core.ApplicationFilterChain.internalDoFilter(ApplicationFilterChain.java:189) ~[tomcat-embed-core-9.0.65.jar:9.0.65]
	at org.apache.catalina.core.ApplicationFilterChain.doFilter(ApplicationFilterChain.java:162) ~[tomcat-embed-core-9.0.65.jar:9.0.65]
	at org.springframework.web.filter.FormContentFilter.doFilterInternal(FormContentFilter.java:93) ~[spring-web-5.3.22.jar:5.3.22]
	at org.springframework.web.filter.OncePerRequestFilter.doFilter(OncePerRequestFilter.java:117) ~[spring-web-5.3.22.jar:5.3.22]
	at org.apache.catalina.core.ApplicationFilterChain.internalDoFilter(ApplicationFilterChain.java:189) ~[tomcat-embed-core-9.0.65.jar:9.0.65]
	at org.apache.catalina.core.ApplicationFilterChain.doFilter(ApplicationFilterChain.java:162) ~[tomcat-embed-core-9.0.65.jar:9.0.65]
	at org.springframework.web.filter.CharacterEncodingFilter.doFilterInternal(CharacterEncodingFilter.java:201) ~[spring-web-5.3.22.jar:5.3.22]
	at org.springframework.web.filter.OncePerRequestFilter.doFilter(OncePerRequestFilter.java:117) ~[spring-web-5.3.22.jar:5.3.22]
	at org.apache.catalina.core.ApplicationFilterChain.internalDoFilter(ApplicationFilterChain.java:189) ~[tomcat-embed-core-9.0.65.jar:9.0.65]
	at org.apache.catalina.core.ApplicationFilterChain.doFilter(ApplicationFilterChain.java:162) ~[tomcat-embed-core-9.0.65.jar:9.0.65]
	at org.apache.catalina.core.StandardWrapperValve.invoke(StandardWrapperValve.java:197) ~[tomcat-embed-core-9.0.65.jar:9.0.65]
	at org.apache.catalina.core.StandardContextValve.invoke(StandardContextValve.java:97) ~[tomcat-embed-core-9.0.65.jar:9.0.65]
	at org.apache.catalina.authenticator.AuthenticatorBase.invoke(AuthenticatorBase.java:541) ~[tomcat-embed-core-9.0.65.jar:9.0.65]
	at org.apache.catalina.core.StandardHostValve.invoke(StandardHostValve.java:135) ~[tomcat-embed-core-9.0.65.jar:9.0.65]
	at org.apache.catalina.valves.ErrorReportValve.invoke(ErrorReportValve.java:92) ~[tomcat-embed-core-9.0.65.jar:9.0.65]
	at org.apache.catalina.core.StandardEngineValve.invoke(StandardEngineValve.java:78) ~[tomcat-embed-core-9.0.65.jar:9.0.65]
	at org.apache.catalina.connector.CoyoteAdapter.service(CoyoteAdapter.java:360) ~[tomcat-embed-core-9.0.65.jar:9.0.65]
	at org.apache.coyote.http11.Http11Processor.service(Http11Processor.java:399) ~[tomcat-embed-core-9.0.65.jar:9.0.65]
	at org.apache.coyote.AbstractProcessorLight.process(AbstractProcessorLight.java:65) ~[tomcat-embed-core-9.0.65.jar:9.0.65]
	at org.apache.coyote.AbstractProtocol$ConnectionHandler.process(AbstractProtocol.java:890) ~[tomcat-embed-core-9.0.65.jar:9.0.65]
	at org.apache.tomcat.util.net.NioEndpoint$SocketProcessor.doRun(NioEndpoint.java:1789) ~[tomcat-embed-core-9.0.65.jar:9.0.65]
	at org.apache.tomcat.util.net.SocketProcessorBase.run(SocketProcessorBase.java:49) ~[tomcat-embed-core-9.0.65.jar:9.0.65]
	at org.apache.tomcat.util.threads.ThreadPoolExecutor.runWorker(ThreadPoolExecutor.java:1191) ~[tomcat-embed-core-9.0.65.jar:9.0.65]
	at org.apache.tomcat.util.threads.ThreadPoolExecutor$Worker.run(ThreadPoolExecutor.java:659) ~[tomcat-embed-core-9.0.65.jar:9.0.65]
	at org.apache.tomcat.util.threads.TaskThread$WrappingRunnable.run(TaskThread.java:61) ~[tomcat-embed-core-9.0.65.jar:9.0.65]
	at java.base/java.lang.Thread.run(Thread.java:1447) ~[na:na]

Hibernate: 
    insert 
    into
        posts
        (id, content, create_date_time, description, title, update_date_time) 
    values
        (default, ?, ?, ?, ?, ?)
[2m2025-07-08 13:10:28.892[0;39m [33m WARN[0;39m [35m40136[0;39m [2m---[0;39m [2m[io-8080-exec-10][0;39m [36mo.h.engine.jdbc.spi.SqlExceptionHelper  [0;39m [2m:[0;39m SQL Error: 23505, SQLState: 23505
[2m2025-07-08 13:10:28.892[0;39m [31mERROR[0;39m [35m40136[0;39m [2m---[0;39m [2m[io-8080-exec-10][0;39m [36mo.h.engine.jdbc.spi.SqlExceptionHelper  [0;39m [2m:[0;39m Unique index or primary key violation: "PUBLIC.UKMCHCE1GM7F6OTPPHXD6IXSDPS_INDEX_4 ON PUBLIC.POSTS(TITLE NULLS FIRST) VALUES ( /* 5 */ 'New Post Title' )"; SQL statement:
insert into posts (id, content, create_date_time, description, title, update_date_time) values (default, ?, ?, ?, ?, ?) [23505-214]
[2m2025-07-08 13:10:28.895[0;39m [31mERROR[0;39m [35m40136[0;39m [2m---[0;39m [2m[io-8080-exec-10][0;39m [36mo.a.c.c.C.[.[.[/].[dispatcherServlet]   [0;39m [2m:[0;39m Servlet.service() for servlet [dispatcherServlet] in context with path [] threw exception [Request processing failed; nested exception is org.springframework.dao.DataIntegrityViolationException: could not execute statement; SQL [n/a]; constraint ["PUBLIC.UKMCHCE1GM7F6OTPPHXD6IXSDPS_INDEX_4 ON PUBLIC.POSTS(TITLE NULLS FIRST) VALUES ( /* 5 */ 'New Post Title' )"; SQL statement:
insert into posts (id, content, create_date_time, description, title, update_date_time) values (default, ?, ?, ?, ?, ?) [23505-214]]; nested exception is org.hibernate.exception.ConstraintViolationException: could not execute statement] with root cause

org.h2.jdbc.JdbcSQLIntegrityConstraintViolationException: Unique index or primary key violation: "PUBLIC.UKMCHCE1GM7F6OTPPHXD6IXSDPS_INDEX_4 ON PUBLIC.POSTS(TITLE NULLS FIRST) VALUES ( /* 5 */ 'New Post Title' )"; SQL statement:
insert into posts (id, content, create_date_time, description, title, update_date_time) values (default, ?, ?, ?, ?, ?) [23505-214]
	at org.h2.message.DbException.getJdbcSQLException(DbException.java:508) ~[h2-2.1.214.jar:2.1.214]
	at org.h2.message.DbException.getJdbcSQLException(DbException.java:477) ~[h2-2.1.214.jar:2.1.214]
	at org.h2.message.DbException.get(DbException.java:223) ~[h2-2.1.214.jar:2.1.214]
	at org.h2.message.DbException.get(DbException.java:199) ~[h2-2.1.214.jar:2.1.214]
	at org.h2.index.Index.getDuplicateKeyException(Index.java:525) ~[h2-2.1.214.jar:2.1.214]
	at org.h2.mvstore.db.MVSecondaryIndex.checkUnique(MVSecondaryIndex.java:223) ~[h2-2.1.214.jar:2.1.214]
	at org.h2.mvstore.db.MVSecondaryIndex.add(MVSecondaryIndex.java:184) ~[h2-2.1.214.jar:2.1.214]
	at org.h2.mvstore.db.MVTable.addRow(MVTable.java:519) ~[h2-2.1.214.jar:2.1.214]
	at org.h2.command.dml.Insert.insertRows(Insert.java:174) ~[h2-2.1.214.jar:2.1.214]
	at org.h2.command.dml.Insert.update(Insert.java:135) ~[h2-2.1.214.jar:2.1.214]
	at org.h2.command.CommandContainer.executeUpdateWithGeneratedKeys(CommandContainer.java:242) ~[h2-2.1.214.jar:2.1.214]
	at org.h2.command.CommandContainer.update(CommandContainer.java:163) ~[h2-2.1.214.jar:2.1.214]
	at org.h2.command.Command.executeUpdate(Command.java:252) ~[h2-2.1.214.jar:2.1.214]
	at org.h2.jdbc.JdbcPreparedStatement.executeUpdateInternal(JdbcPreparedStatement.java:209) ~[h2-2.1.214.jar:2.1.214]
	at org.h2.jdbc.JdbcPreparedStatement.executeUpdate(JdbcPreparedStatement.java:169) ~[h2-2.1.214.jar:2.1.214]
	at com.zaxxer.hikari.pool.ProxyPreparedStatement.executeUpdate(ProxyPreparedStatement.java:61) ~[HikariCP-4.0.3.jar:na]
	at com.zaxxer.hikari.pool.HikariProxyPreparedStatement.executeUpdate(HikariProxyPreparedStatement.java) ~[HikariCP-4.0.3.jar:na]
	at org.hibernate.engine.jdbc.internal.ResultSetReturnImpl.executeUpdate(ResultSetReturnImpl.java:197) ~[hibernate-core-5.6.10.Final.jar:5.6.10.Final]
	at org.hibernate.dialect.identity.GetGeneratedKeysDelegate.executeAndExtract(GetGeneratedKeysDelegate.java:58) ~[hibernate-core-5.6.10.Final.jar:5.6.10.Final]
	at org.hibernate.id.insert.AbstractReturningDelegate.performInsert(AbstractReturningDelegate.java:43) ~[hibernate-core-5.6.10.Final.jar:5.6.10.Final]
	at org.hibernate.persister.entity.AbstractEntityPersister.insert(AbstractEntityPersister.java:3279) ~[hibernate-core-5.6.10.Final.jar:5.6.10.Final]
	at org.hibernate.persister.entity.AbstractEntityPersister.insert(AbstractEntityPersister.java:3885) ~[hibernate-core-5.6.10.Final.jar:5.6.10.Final]
	at org.hibernate.action.internal.EntityIdentityInsertAction.execute(EntityIdentityInsertAction.java:84) ~[hibernate-core-5.6.10.Final.jar:5.6.10.Final]
	at org.hibernate.engine.spi.ActionQueue.execute(ActionQueue.java:645) ~[hibernate-core-5.6.10.Final.jar:5.6.10.Final]
	at org.hibernate.engine.spi.ActionQueue.addResolvedEntityInsertAction(ActionQueue.java:282) ~[hibernate-core-5.6.10.Final.jar:5.6.10.Final]
	at org.hibernate.engine.spi.ActionQueue.addInsertAction(ActionQueue.java:263) ~[hibernate-core-5.6.10.Final.jar:5.6.10.Final]
	at org.hibernate.engine.spi.ActionQueue.addAction(ActionQueue.java:317) ~[hibernate-core-5.6.10.Final.jar:5.6.10.Final]
	at org.hibernate.event.internal.AbstractSaveEventListener.addInsertAction(AbstractSaveEventListener.java:330) ~[hibernate-core-5.6.10.Final.jar:5.6.10.Final]
	at org.hibernate.event.internal.AbstractSaveEventListener.performSaveOrReplicate(AbstractSaveEventListener.java:287) ~[hibernate-core-5.6.10.Final.jar:5.6.10.Final]
	at org.hibernate.event.internal.AbstractSaveEventListener.performSave(AbstractSaveEventListener.java:193) ~[hibernate-core-5.6.10.Final.jar:5.6.10.Final]
	at org.hibernate.event.internal.AbstractSaveEventListener.saveWithGeneratedId(AbstractSaveEventListener.java:123) ~[hibernate-core-5.6.10.Final.jar:5.6.10.Final]
	at org.hibernate.event.internal.DefaultPersistEventListener.entityIsTransient(DefaultPersistEventListener.java:185) ~[hibernate-core-5.6.10.Final.jar:5.6.10.Final]
	at org.hibernate.event.internal.DefaultPersistEventListener.onPersist(DefaultPersistEventListener.java:128) ~[hibernate-core-5.6.10.Final.jar:5.6.10.Final]
	at org.hibernate.event.internal.DefaultPersistEventListener.onPersist(DefaultPersistEventListener.java:55) ~[hibernate-core-5.6.10.Final.jar:5.6.10.Final]
	at org.hibernate.event.service.internal.EventListenerGroupImpl.fireEventOnEachListener(EventListenerGroupImpl.java:107) ~[hibernate-core-5.6.10.Final.jar:5.6.10.Final]
	at org.hibernate.internal.SessionImpl.firePersist(SessionImpl.java:756) ~[hibernate-core-5.6.10.Final.jar:5.6.10.Final]
	at org.hibernate.internal.SessionImpl.persist(SessionImpl.java:742) ~[hibernate-core-5.6.10.Final.jar:5.6.10.Final]
	at java.base/jdk.internal.reflect.DirectMethodHandleAccessor.invoke(DirectMethodHandleAccessor.java:104) ~[na:na]
	at java.base/java.lang.reflect.Method.invoke(Method.java:565) ~[na:na]
	at org.springframework.orm.jpa.ExtendedEntityManagerCreator$ExtendedEntityManagerInvocationHandler.invoke(ExtendedEntityManagerCreator.java:362) ~[spring-orm-5.3.22.jar:5.3.22]
	at jdk.proxy2/jdk.proxy2.$Proxy103.persist(Unknown Source) ~[na:na]
	at java.base/jdk.internal.reflect.DirectMethodHandleAccessor.invoke(DirectMethodHandleAccessor.java:104) ~[na:na]
	at java.base/java.lang.reflect.Method.invoke(Method.java:565) ~[na:na]
	at org.springframework.orm.jpa.SharedEntityManagerCreator$SharedEntityManagerInvocationHandler.invoke(SharedEntityManagerCreator.java:311) ~[spring-orm-5.3.22.jar:5.3.22]
	at jdk.proxy2/jdk.proxy2.$Proxy103.persist(Unknown Source) ~[na:na]
	at org.springframework.data.jpa.repository.support.SimpleJpaRepository.save(SimpleJpaRepository.java:666) ~[spring-data-jpa-2.7.2.jar:2.7.2]
	at java.base/jdk.internal.reflect.DirectMethodHandleAccessor.invoke(DirectMethodHandleAccessor.java:104) ~[na:na]
	at java.base/java.lang.reflect.Method.invoke(Method.java:565) ~[na:na]
	at org.springframework.data.repository.core.support.RepositoryMethodInvoker$RepositoryFragmentMethodInvoker.lambda$new$0(RepositoryMethodInvoker.java:289) ~[spring-data-commons-2.7.2.jar:2.7.2]
	at org.springframework.data.repository.core.support.RepositoryMethodInvoker.doInvoke(RepositoryMethodInvoker.java:137) ~[spring-data-commons-2.7.2.jar:2.7.2]
	at org.springframework.data.repository.core.support.RepositoryMethodInvoker.invoke(RepositoryMethodInvoker.java:121) ~[spring-data-commons-2.7.2.jar:2.7.2]
	at org.springframework.data.repository.core.support.RepositoryComposition$RepositoryFragments.invoke(RepositoryComposition.java:530) ~[spring-data-commons-2.7.2.jar:2.7.2]
	at org.springframework.data.repository.core.support.RepositoryComposition.invoke(RepositoryComposition.java:286) ~[spring-data-commons-2.7.2.jar:2.7.2]
	at org.springframework.data.repository.core.support.RepositoryFactorySupport$ImplementationMethodExecutionInterceptor.invoke(RepositoryFactorySupport.java:640) ~[spring-data-commons-2.7.2.jar:2.7.2]
	at org.springframework.aop.framework.ReflectiveMethodInvocation.proceed(ReflectiveMethodInvocation.java:186) ~[spring-aop-5.3.22.jar:5.3.22]
	at org.springframework.data.repository.core.support.QueryExecutorMethodInterceptor.doInvoke(QueryExecutorMethodInterceptor.java:164) ~[spring-data-commons-2.7.2.jar:2.7.2]
	at org.springframework.data.repository.core.support.QueryExecutorMethodInterceptor.invoke(QueryExecutorMethodInterceptor.java:139) ~[spring-data-commons-2.7.2.jar:2.7.2]
	at org.springframework.aop.framework.ReflectiveMethodInvocation.proceed(ReflectiveMethodInvocation.java:186) ~[spring-aop-5.3.22.jar:5.3.22]
	at org.springframework.data.projection.DefaultMethodInvokingMethodInterceptor.invoke(DefaultMethodInvokingMethodInterceptor.java:81) ~[spring-data-commons-2.7.2.jar:2.7.2]
	at org.springframework.aop.framework.ReflectiveMethodInvocation.proceed(ReflectiveMethodInvocation.java:186) ~[spring-aop-5.3.22.jar:5.3.22]
	at org.springframework.transaction.interceptor.TransactionInterceptor$1.proceedWithInvocation(TransactionInterceptor.java:123) ~[spring-tx-5.3.22.jar:5.3.22]
	at org.springframework.transaction.interceptor.TransactionAspectSupport.invokeWithinTransaction(TransactionAspectSupport.java:388) ~[spring-tx-5.3.22.jar:5.3.22]
	at org.springframework.transaction.interceptor.TransactionInterceptor.invoke(TransactionInterceptor.java:119) ~[spring-tx-5.3.22.jar:5.3.22]
	at org.springframework.aop.framework.ReflectiveMethodInvocation.proceed(ReflectiveMethodInvocation.java:186) ~[spring-aop-5.3.22.jar:5.3.22]
	at org.springframework.dao.support.PersistenceExceptionTranslationInterceptor.invoke(PersistenceExceptionTranslationInterceptor.java:137) ~[spring-tx-5.3.22.jar:5.3.22]
	at org.springframework.aop.framework.ReflectiveMethodInvocation.proceed(ReflectiveMethodInvocation.java:186) ~[spring-aop-5.3.22.jar:5.3.22]
	at org.springframework.data.jpa.repository.support.CrudMethodMetadataPostProcessor$CrudMethodMetadataPopulatingMethodInterceptor.invoke(CrudMethodMetadataPostProcessor.java:174) ~[spring-data-jpa-2.7.2.jar:2.7.2]
	at org.springframework.aop.framework.ReflectiveMethodInvocation.proceed(ReflectiveMethodInvocation.java:186) ~[spring-aop-5.3.22.jar:5.3.22]
	at org.springframework.aop.interceptor.ExposeInvocationInterceptor.invoke(ExposeInvocationInterceptor.java:97) ~[spring-aop-5.3.22.jar:5.3.22]
	at org.springframework.aop.framework.ReflectiveMethodInvocation.proceed(ReflectiveMethodInvocation.java:186) ~[spring-aop-5.3.22.jar:5.3.22]
	at org.springframework.aop.framework.JdkDynamicAopProxy.invoke(JdkDynamicAopProxy.java:215) ~[spring-aop-5.3.22.jar:5.3.22]
	at jdk.proxy2/jdk.proxy2.$Proxy107.save(Unknown Source) ~[na:na]
	at com.chuwa.redbook.service.impl.PostServiceImpl.createPost(PostServiceImpl.java:46) ~[classes/:na]
	at com.chuwa.redbook.controller.PostController.createPost(PostController.java:25) ~[classes/:na]
	at java.base/jdk.internal.reflect.DirectMethodHandleAccessor.invoke(DirectMethodHandleAccessor.java:104) ~[na:na]
	at java.base/java.lang.reflect.Method.invoke(Method.java:565) ~[na:na]
	at org.springframework.web.method.support.InvocableHandlerMethod.doInvoke(InvocableHandlerMethod.java:205) ~[spring-web-5.3.22.jar:5.3.22]
	at org.springframework.web.method.support.InvocableHandlerMethod.invokeForRequest(InvocableHandlerMethod.java:150) ~[spring-web-5.3.22.jar:5.3.22]
	at org.springframework.web.servlet.mvc.method.annotation.ServletInvocableHandlerMethod.invokeAndHandle(ServletInvocableHandlerMethod.java:117) ~[spring-webmvc-5.3.22.jar:5.3.22]
	at org.springframework.web.servlet.mvc.method.annotation.RequestMappingHandlerAdapter.invokeHandlerMethod(RequestMappingHandlerAdapter.java:895) ~[spring-webmvc-5.3.22.jar:5.3.22]
	at org.springframework.web.servlet.mvc.method.annotation.RequestMappingHandlerAdapter.handleInternal(RequestMappingHandlerAdapter.java:808) ~[spring-webmvc-5.3.22.jar:5.3.22]
	at org.springframework.web.servlet.mvc.method.AbstractHandlerMethodAdapter.handle(AbstractHandlerMethodAdapter.java:87) ~[spring-webmvc-5.3.22.jar:5.3.22]
	at org.springframework.web.servlet.DispatcherServlet.doDispatch(DispatcherServlet.java:1070) ~[spring-webmvc-5.3.22.jar:5.3.22]
	at org.springframework.web.servlet.DispatcherServlet.doService(DispatcherServlet.java:963) ~[spring-webmvc-5.3.22.jar:5.3.22]
	at org.springframework.web.servlet.FrameworkServlet.processRequest(FrameworkServlet.java:1006) ~[spring-webmvc-5.3.22.jar:5.3.22]
	at org.springframework.web.servlet.FrameworkServlet.doPost(FrameworkServlet.java:909) ~[spring-webmvc-5.3.22.jar:5.3.22]
	at javax.servlet.http.HttpServlet.service(HttpServlet.java:681) ~[tomcat-embed-core-9.0.65.jar:4.0.FR]
	at org.springframework.web.servlet.FrameworkServlet.service(FrameworkServlet.java:883) ~[spring-webmvc-5.3.22.jar:5.3.22]
	at javax.servlet.http.HttpServlet.service(HttpServlet.java:764) ~[tomcat-embed-core-9.0.65.jar:4.0.FR]
	at org.apache.catalina.core.ApplicationFilterChain.internalDoFilter(ApplicationFilterChain.java:227) ~[tomcat-embed-core-9.0.65.jar:9.0.65]
	at org.apache.catalina.core.ApplicationFilterChain.doFilter(ApplicationFilterChain.java:162) ~[tomcat-embed-core-9.0.65.jar:9.0.65]
	at org.apache.tomcat.websocket.server.WsFilter.doFilter(WsFilter.java:53) ~[tomcat-embed-websocket-9.0.65.jar:9.0.65]
	at org.apache.catalina.core.ApplicationFilterChain.internalDoFilter(ApplicationFilterChain.java:189) ~[tomcat-embed-core-9.0.65.jar:9.0.65]
	at org.apache.catalina.core.ApplicationFilterChain.doFilter(ApplicationFilterChain.java:162) ~[tomcat-embed-core-9.0.65.jar:9.0.65]
	at org.springframework.web.filter.RequestContextFilter.doFilterInternal(RequestContextFilter.java:100) ~[spring-web-5.3.22.jar:5.3.22]
	at org.springframework.web.filter.OncePerRequestFilter.doFilter(OncePerRequestFilter.java:117) ~[spring-web-5.3.22.jar:5.3.22]
	at org.apache.catalina.core.ApplicationFilterChain.internalDoFilter(ApplicationFilterChain.java:189) ~[tomcat-embed-core-9.0.65.jar:9.0.65]
	at org.apache.catalina.core.ApplicationFilterChain.doFilter(ApplicationFilterChain.java:162) ~[tomcat-embed-core-9.0.65.jar:9.0.65]
	at org.springframework.web.filter.FormContentFilter.doFilterInternal(FormContentFilter.java:93) ~[spring-web-5.3.22.jar:5.3.22]
	at org.springframework.web.filter.OncePerRequestFilter.doFilter(OncePerRequestFilter.java:117) ~[spring-web-5.3.22.jar:5.3.22]
	at org.apache.catalina.core.ApplicationFilterChain.internalDoFilter(ApplicationFilterChain.java:189) ~[tomcat-embed-core-9.0.65.jar:9.0.65]
	at org.apache.catalina.core.ApplicationFilterChain.doFilter(ApplicationFilterChain.java:162) ~[tomcat-embed-core-9.0.65.jar:9.0.65]
	at org.springframework.web.filter.CharacterEncodingFilter.doFilterInternal(CharacterEncodingFilter.java:201) ~[spring-web-5.3.22.jar:5.3.22]
	at org.springframework.web.filter.OncePerRequestFilter.doFilter(OncePerRequestFilter.java:117) ~[spring-web-5.3.22.jar:5.3.22]
	at org.apache.catalina.core.ApplicationFilterChain.internalDoFilter(ApplicationFilterChain.java:189) ~[tomcat-embed-core-9.0.65.jar:9.0.65]
	at org.apache.catalina.core.ApplicationFilterChain.doFilter(ApplicationFilterChain.java:162) ~[tomcat-embed-core-9.0.65.jar:9.0.65]
	at org.apache.catalina.core.StandardWrapperValve.invoke(StandardWrapperValve.java:197) ~[tomcat-embed-core-9.0.65.jar:9.0.65]
	at org.apache.catalina.core.StandardContextValve.invoke(StandardContextValve.java:97) ~[tomcat-embed-core-9.0.65.jar:9.0.65]
	at org.apache.catalina.authenticator.AuthenticatorBase.invoke(AuthenticatorBase.java:541) ~[tomcat-embed-core-9.0.65.jar:9.0.65]
	at org.apache.catalina.core.StandardHostValve.invoke(StandardHostValve.java:135) ~[tomcat-embed-core-9.0.65.jar:9.0.65]
	at org.apache.catalina.valves.ErrorReportValve.invoke(ErrorReportValve.java:92) ~[tomcat-embed-core-9.0.65.jar:9.0.65]
	at org.apache.catalina.core.StandardEngineValve.invoke(StandardEngineValve.java:78) ~[tomcat-embed-core-9.0.65.jar:9.0.65]
	at org.apache.catalina.connector.CoyoteAdapter.service(CoyoteAdapter.java:360) ~[tomcat-embed-core-9.0.65.jar:9.0.65]
	at org.apache.coyote.http11.Http11Processor.service(Http11Processor.java:399) ~[tomcat-embed-core-9.0.65.jar:9.0.65]
	at org.apache.coyote.AbstractProcessorLight.process(AbstractProcessorLight.java:65) ~[tomcat-embed-core-9.0.65.jar:9.0.65]
	at org.apache.coyote.AbstractProtocol$ConnectionHandler.process(AbstractProtocol.java:890) ~[tomcat-embed-core-9.0.65.jar:9.0.65]
	at org.apache.tomcat.util.net.NioEndpoint$SocketProcessor.doRun(NioEndpoint.java:1789) ~[tomcat-embed-core-9.0.65.jar:9.0.65]
	at org.apache.tomcat.util.net.SocketProcessorBase.run(SocketProcessorBase.java:49) ~[tomcat-embed-core-9.0.65.jar:9.0.65]
	at org.apache.tomcat.util.threads.ThreadPoolExecutor.runWorker(ThreadPoolExecutor.java:1191) ~[tomcat-embed-core-9.0.65.jar:9.0.65]
	at org.apache.tomcat.util.threads.ThreadPoolExecutor$Worker.run(ThreadPoolExecutor.java:659) ~[tomcat-embed-core-9.0.65.jar:9.0.65]
	at org.apache.tomcat.util.threads.TaskThread$WrappingRunnable.run(TaskThread.java:61) ~[tomcat-embed-core-9.0.65.jar:9.0.65]
	at java.base/java.lang.Thread.run(Thread.java:1447) ~[na:na]

Hibernate: 
    insert 
    into
        posts
        (id, content, create_date_time, description, title, update_date_time) 
    values
        (default, ?, ?, ?, ?, ?)
[2m2025-07-08 13:10:29.371[0;39m [33m WARN[0;39m [35m40136[0;39m [2m---[0;39m [2m[nio-8080-exec-1][0;39m [36mo.h.engine.jdbc.spi.SqlExceptionHelper  [0;39m [2m:[0;39m SQL Error: 23505, SQLState: 23505
[2m2025-07-08 13:10:29.372[0;39m [31mERROR[0;39m [35m40136[0;39m [2m---[0;39m [2m[nio-8080-exec-1][0;39m [36mo.h.engine.jdbc.spi.SqlExceptionHelper  [0;39m [2m:[0;39m Unique index or primary key violation: "PUBLIC.UKMCHCE1GM7F6OTPPHXD6IXSDPS_INDEX_4 ON PUBLIC.POSTS(TITLE NULLS FIRST) VALUES ( /* 5 */ 'New Post Title' )"; SQL statement:
insert into posts (id, content, create_date_time, description, title, update_date_time) values (default, ?, ?, ?, ?, ?) [23505-214]
[2m2025-07-08 13:10:29.374[0;39m [31mERROR[0;39m [35m40136[0;39m [2m---[0;39m [2m[nio-8080-exec-1][0;39m [36mo.a.c.c.C.[.[.[/].[dispatcherServlet]   [0;39m [2m:[0;39m Servlet.service() for servlet [dispatcherServlet] in context with path [] threw exception [Request processing failed; nested exception is org.springframework.dao.DataIntegrityViolationException: could not execute statement; SQL [n/a]; constraint ["PUBLIC.UKMCHCE1GM7F6OTPPHXD6IXSDPS_INDEX_4 ON PUBLIC.POSTS(TITLE NULLS FIRST) VALUES ( /* 5 */ 'New Post Title' )"; SQL statement:
insert into posts (id, content, create_date_time, description, title, update_date_time) values (default, ?, ?, ?, ?, ?) [23505-214]]; nested exception is org.hibernate.exception.ConstraintViolationException: could not execute statement] with root cause

org.h2.jdbc.JdbcSQLIntegrityConstraintViolationException: Unique index or primary key violation: "PUBLIC.UKMCHCE1GM7F6OTPPHXD6IXSDPS_INDEX_4 ON PUBLIC.POSTS(TITLE NULLS FIRST) VALUES ( /* 5 */ 'New Post Title' )"; SQL statement:
insert into posts (id, content, create_date_time, description, title, update_date_time) values (default, ?, ?, ?, ?, ?) [23505-214]
	at org.h2.message.DbException.getJdbcSQLException(DbException.java:508) ~[h2-2.1.214.jar:2.1.214]
	at org.h2.message.DbException.getJdbcSQLException(DbException.java:477) ~[h2-2.1.214.jar:2.1.214]
	at org.h2.message.DbException.get(DbException.java:223) ~[h2-2.1.214.jar:2.1.214]
	at org.h2.message.DbException.get(DbException.java:199) ~[h2-2.1.214.jar:2.1.214]
	at org.h2.index.Index.getDuplicateKeyException(Index.java:525) ~[h2-2.1.214.jar:2.1.214]
	at org.h2.mvstore.db.MVSecondaryIndex.checkUnique(MVSecondaryIndex.java:223) ~[h2-2.1.214.jar:2.1.214]
	at org.h2.mvstore.db.MVSecondaryIndex.add(MVSecondaryIndex.java:184) ~[h2-2.1.214.jar:2.1.214]
	at org.h2.mvstore.db.MVTable.addRow(MVTable.java:519) ~[h2-2.1.214.jar:2.1.214]
	at org.h2.command.dml.Insert.insertRows(Insert.java:174) ~[h2-2.1.214.jar:2.1.214]
	at org.h2.command.dml.Insert.update(Insert.java:135) ~[h2-2.1.214.jar:2.1.214]
	at org.h2.command.CommandContainer.executeUpdateWithGeneratedKeys(CommandContainer.java:242) ~[h2-2.1.214.jar:2.1.214]
	at org.h2.command.CommandContainer.update(CommandContainer.java:163) ~[h2-2.1.214.jar:2.1.214]
	at org.h2.command.Command.executeUpdate(Command.java:252) ~[h2-2.1.214.jar:2.1.214]
	at org.h2.jdbc.JdbcPreparedStatement.executeUpdateInternal(JdbcPreparedStatement.java:209) ~[h2-2.1.214.jar:2.1.214]
	at org.h2.jdbc.JdbcPreparedStatement.executeUpdate(JdbcPreparedStatement.java:169) ~[h2-2.1.214.jar:2.1.214]
	at com.zaxxer.hikari.pool.ProxyPreparedStatement.executeUpdate(ProxyPreparedStatement.java:61) ~[HikariCP-4.0.3.jar:na]
	at com.zaxxer.hikari.pool.HikariProxyPreparedStatement.executeUpdate(HikariProxyPreparedStatement.java) ~[HikariCP-4.0.3.jar:na]
	at org.hibernate.engine.jdbc.internal.ResultSetReturnImpl.executeUpdate(ResultSetReturnImpl.java:197) ~[hibernate-core-5.6.10.Final.jar:5.6.10.Final]
	at org.hibernate.dialect.identity.GetGeneratedKeysDelegate.executeAndExtract(GetGeneratedKeysDelegate.java:58) ~[hibernate-core-5.6.10.Final.jar:5.6.10.Final]
	at org.hibernate.id.insert.AbstractReturningDelegate.performInsert(AbstractReturningDelegate.java:43) ~[hibernate-core-5.6.10.Final.jar:5.6.10.Final]
	at org.hibernate.persister.entity.AbstractEntityPersister.insert(AbstractEntityPersister.java:3279) ~[hibernate-core-5.6.10.Final.jar:5.6.10.Final]
	at org.hibernate.persister.entity.AbstractEntityPersister.insert(AbstractEntityPersister.java:3885) ~[hibernate-core-5.6.10.Final.jar:5.6.10.Final]
	at org.hibernate.action.internal.EntityIdentityInsertAction.execute(EntityIdentityInsertAction.java:84) ~[hibernate-core-5.6.10.Final.jar:5.6.10.Final]
	at org.hibernate.engine.spi.ActionQueue.execute(ActionQueue.java:645) ~[hibernate-core-5.6.10.Final.jar:5.6.10.Final]
	at org.hibernate.engine.spi.ActionQueue.addResolvedEntityInsertAction(ActionQueue.java:282) ~[hibernate-core-5.6.10.Final.jar:5.6.10.Final]
	at org.hibernate.engine.spi.ActionQueue.addInsertAction(ActionQueue.java:263) ~[hibernate-core-5.6.10.Final.jar:5.6.10.Final]
	at org.hibernate.engine.spi.ActionQueue.addAction(ActionQueue.java:317) ~[hibernate-core-5.6.10.Final.jar:5.6.10.Final]
	at org.hibernate.event.internal.AbstractSaveEventListener.addInsertAction(AbstractSaveEventListener.java:330) ~[hibernate-core-5.6.10.Final.jar:5.6.10.Final]
	at org.hibernate.event.internal.AbstractSaveEventListener.performSaveOrReplicate(AbstractSaveEventListener.java:287) ~[hibernate-core-5.6.10.Final.jar:5.6.10.Final]
	at org.hibernate.event.internal.AbstractSaveEventListener.performSave(AbstractSaveEventListener.java:193) ~[hibernate-core-5.6.10.Final.jar:5.6.10.Final]
	at org.hibernate.event.internal.AbstractSaveEventListener.saveWithGeneratedId(AbstractSaveEventListener.java:123) ~[hibernate-core-5.6.10.Final.jar:5.6.10.Final]
	at org.hibernate.event.internal.DefaultPersistEventListener.entityIsTransient(DefaultPersistEventListener.java:185) ~[hibernate-core-5.6.10.Final.jar:5.6.10.Final]
	at org.hibernate.event.internal.DefaultPersistEventListener.onPersist(DefaultPersistEventListener.java:128) ~[hibernate-core-5.6.10.Final.jar:5.6.10.Final]
	at org.hibernate.event.internal.DefaultPersistEventListener.onPersist(DefaultPersistEventListener.java:55) ~[hibernate-core-5.6.10.Final.jar:5.6.10.Final]
	at org.hibernate.event.service.internal.EventListenerGroupImpl.fireEventOnEachListener(EventListenerGroupImpl.java:107) ~[hibernate-core-5.6.10.Final.jar:5.6.10.Final]
	at org.hibernate.internal.SessionImpl.firePersist(SessionImpl.java:756) ~[hibernate-core-5.6.10.Final.jar:5.6.10.Final]
	at org.hibernate.internal.SessionImpl.persist(SessionImpl.java:742) ~[hibernate-core-5.6.10.Final.jar:5.6.10.Final]
	at java.base/jdk.internal.reflect.DirectMethodHandleAccessor.invoke(DirectMethodHandleAccessor.java:104) ~[na:na]
	at java.base/java.lang.reflect.Method.invoke(Method.java:565) ~[na:na]
	at org.springframework.orm.jpa.ExtendedEntityManagerCreator$ExtendedEntityManagerInvocationHandler.invoke(ExtendedEntityManagerCreator.java:362) ~[spring-orm-5.3.22.jar:5.3.22]
	at jdk.proxy2/jdk.proxy2.$Proxy103.persist(Unknown Source) ~[na:na]
	at java.base/jdk.internal.reflect.DirectMethodHandleAccessor.invoke(DirectMethodHandleAccessor.java:104) ~[na:na]
	at java.base/java.lang.reflect.Method.invoke(Method.java:565) ~[na:na]
	at org.springframework.orm.jpa.SharedEntityManagerCreator$SharedEntityManagerInvocationHandler.invoke(SharedEntityManagerCreator.java:311) ~[spring-orm-5.3.22.jar:5.3.22]
	at jdk.proxy2/jdk.proxy2.$Proxy103.persist(Unknown Source) ~[na:na]
	at org.springframework.data.jpa.repository.support.SimpleJpaRepository.save(SimpleJpaRepository.java:666) ~[spring-data-jpa-2.7.2.jar:2.7.2]
	at java.base/jdk.internal.reflect.DirectMethodHandleAccessor.invoke(DirectMethodHandleAccessor.java:104) ~[na:na]
	at java.base/java.lang.reflect.Method.invoke(Method.java:565) ~[na:na]
	at org.springframework.data.repository.core.support.RepositoryMethodInvoker$RepositoryFragmentMethodInvoker.lambda$new$0(RepositoryMethodInvoker.java:289) ~[spring-data-commons-2.7.2.jar:2.7.2]
	at org.springframework.data.repository.core.support.RepositoryMethodInvoker.doInvoke(RepositoryMethodInvoker.java:137) ~[spring-data-commons-2.7.2.jar:2.7.2]
	at org.springframework.data.repository.core.support.RepositoryMethodInvoker.invoke(RepositoryMethodInvoker.java:121) ~[spring-data-commons-2.7.2.jar:2.7.2]
	at org.springframework.data.repository.core.support.RepositoryComposition$RepositoryFragments.invoke(RepositoryComposition.java:530) ~[spring-data-commons-2.7.2.jar:2.7.2]
	at org.springframework.data.repository.core.support.RepositoryComposition.invoke(RepositoryComposition.java:286) ~[spring-data-commons-2.7.2.jar:2.7.2]
	at org.springframework.data.repository.core.support.RepositoryFactorySupport$ImplementationMethodExecutionInterceptor.invoke(RepositoryFactorySupport.java:640) ~[spring-data-commons-2.7.2.jar:2.7.2]
	at org.springframework.aop.framework.ReflectiveMethodInvocation.proceed(ReflectiveMethodInvocation.java:186) ~[spring-aop-5.3.22.jar:5.3.22]
	at org.springframework.data.repository.core.support.QueryExecutorMethodInterceptor.doInvoke(QueryExecutorMethodInterceptor.java:164) ~[spring-data-commons-2.7.2.jar:2.7.2]
	at org.springframework.data.repository.core.support.QueryExecutorMethodInterceptor.invoke(QueryExecutorMethodInterceptor.java:139) ~[spring-data-commons-2.7.2.jar:2.7.2]
	at org.springframework.aop.framework.ReflectiveMethodInvocation.proceed(ReflectiveMethodInvocation.java:186) ~[spring-aop-5.3.22.jar:5.3.22]
	at org.springframework.data.projection.DefaultMethodInvokingMethodInterceptor.invoke(DefaultMethodInvokingMethodInterceptor.java:81) ~[spring-data-commons-2.7.2.jar:2.7.2]
	at org.springframework.aop.framework.ReflectiveMethodInvocation.proceed(ReflectiveMethodInvocation.java:186) ~[spring-aop-5.3.22.jar:5.3.22]
	at org.springframework.transaction.interceptor.TransactionInterceptor$1.proceedWithInvocation(TransactionInterceptor.java:123) ~[spring-tx-5.3.22.jar:5.3.22]
	at org.springframework.transaction.interceptor.TransactionAspectSupport.invokeWithinTransaction(TransactionAspectSupport.java:388) ~[spring-tx-5.3.22.jar:5.3.22]
	at org.springframework.transaction.interceptor.TransactionInterceptor.invoke(TransactionInterceptor.java:119) ~[spring-tx-5.3.22.jar:5.3.22]
	at org.springframework.aop.framework.ReflectiveMethodInvocation.proceed(ReflectiveMethodInvocation.java:186) ~[spring-aop-5.3.22.jar:5.3.22]
	at org.springframework.dao.support.PersistenceExceptionTranslationInterceptor.invoke(PersistenceExceptionTranslationInterceptor.java:137) ~[spring-tx-5.3.22.jar:5.3.22]
	at org.springframework.aop.framework.ReflectiveMethodInvocation.proceed(ReflectiveMethodInvocation.java:186) ~[spring-aop-5.3.22.jar:5.3.22]
	at org.springframework.data.jpa.repository.support.CrudMethodMetadataPostProcessor$CrudMethodMetadataPopulatingMethodInterceptor.invoke(CrudMethodMetadataPostProcessor.java:174) ~[spring-data-jpa-2.7.2.jar:2.7.2]
	at org.springframework.aop.framework.ReflectiveMethodInvocation.proceed(ReflectiveMethodInvocation.java:186) ~[spring-aop-5.3.22.jar:5.3.22]
	at org.springframework.aop.interceptor.ExposeInvocationInterceptor.invoke(ExposeInvocationInterceptor.java:97) ~[spring-aop-5.3.22.jar:5.3.22]
	at org.springframework.aop.framework.ReflectiveMethodInvocation.proceed(ReflectiveMethodInvocation.java:186) ~[spring-aop-5.3.22.jar:5.3.22]
	at org.springframework.aop.framework.JdkDynamicAopProxy.invoke(JdkDynamicAopProxy.java:215) ~[spring-aop-5.3.22.jar:5.3.22]
	at jdk.proxy2/jdk.proxy2.$Proxy107.save(Unknown Source) ~[na:na]
	at com.chuwa.redbook.service.impl.PostServiceImpl.createPost(PostServiceImpl.java:46) ~[classes/:na]
	at com.chuwa.redbook.controller.PostController.createPost(PostController.java:25) ~[classes/:na]
	at java.base/jdk.internal.reflect.DirectMethodHandleAccessor.invoke(DirectMethodHandleAccessor.java:104) ~[na:na]
	at java.base/java.lang.reflect.Method.invoke(Method.java:565) ~[na:na]
	at org.springframework.web.method.support.InvocableHandlerMethod.doInvoke(InvocableHandlerMethod.java:205) ~[spring-web-5.3.22.jar:5.3.22]
	at org.springframework.web.method.support.InvocableHandlerMethod.invokeForRequest(InvocableHandlerMethod.java:150) ~[spring-web-5.3.22.jar:5.3.22]
	at org.springframework.web.servlet.mvc.method.annotation.ServletInvocableHandlerMethod.invokeAndHandle(ServletInvocableHandlerMethod.java:117) ~[spring-webmvc-5.3.22.jar:5.3.22]
	at org.springframework.web.servlet.mvc.method.annotation.RequestMappingHandlerAdapter.invokeHandlerMethod(RequestMappingHandlerAdapter.java:895) ~[spring-webmvc-5.3.22.jar:5.3.22]
	at org.springframework.web.servlet.mvc.method.annotation.RequestMappingHandlerAdapter.handleInternal(RequestMappingHandlerAdapter.java:808) ~[spring-webmvc-5.3.22.jar:5.3.22]
	at org.springframework.web.servlet.mvc.method.AbstractHandlerMethodAdapter.handle(AbstractHandlerMethodAdapter.java:87) ~[spring-webmvc-5.3.22.jar:5.3.22]
	at org.springframework.web.servlet.DispatcherServlet.doDispatch(DispatcherServlet.java:1070) ~[spring-webmvc-5.3.22.jar:5.3.22]
	at org.springframework.web.servlet.DispatcherServlet.doService(DispatcherServlet.java:963) ~[spring-webmvc-5.3.22.jar:5.3.22]
	at org.springframework.web.servlet.FrameworkServlet.processRequest(FrameworkServlet.java:1006) ~[spring-webmvc-5.3.22.jar:5.3.22]
	at org.springframework.web.servlet.FrameworkServlet.doPost(FrameworkServlet.java:909) ~[spring-webmvc-5.3.22.jar:5.3.22]
	at javax.servlet.http.HttpServlet.service(HttpServlet.java:681) ~[tomcat-embed-core-9.0.65.jar:4.0.FR]
	at org.springframework.web.servlet.FrameworkServlet.service(FrameworkServlet.java:883) ~[spring-webmvc-5.3.22.jar:5.3.22]
	at javax.servlet.http.HttpServlet.service(HttpServlet.java:764) ~[tomcat-embed-core-9.0.65.jar:4.0.FR]
	at org.apache.catalina.core.ApplicationFilterChain.internalDoFilter(ApplicationFilterChain.java:227) ~[tomcat-embed-core-9.0.65.jar:9.0.65]
	at org.apache.catalina.core.ApplicationFilterChain.doFilter(ApplicationFilterChain.java:162) ~[tomcat-embed-core-9.0.65.jar:9.0.65]
	at org.apache.tomcat.websocket.server.WsFilter.doFilter(WsFilter.java:53) ~[tomcat-embed-websocket-9.0.65.jar:9.0.65]
	at org.apache.catalina.core.ApplicationFilterChain.internalDoFilter(ApplicationFilterChain.java:189) ~[tomcat-embed-core-9.0.65.jar:9.0.65]
	at org.apache.catalina.core.ApplicationFilterChain.doFilter(ApplicationFilterChain.java:162) ~[tomcat-embed-core-9.0.65.jar:9.0.65]
	at org.springframework.web.filter.RequestContextFilter.doFilterInternal(RequestContextFilter.java:100) ~[spring-web-5.3.22.jar:5.3.22]
	at org.springframework.web.filter.OncePerRequestFilter.doFilter(OncePerRequestFilter.java:117) ~[spring-web-5.3.22.jar:5.3.22]
	at org.apache.catalina.core.ApplicationFilterChain.internalDoFilter(ApplicationFilterChain.java:189) ~[tomcat-embed-core-9.0.65.jar:9.0.65]
	at org.apache.catalina.core.ApplicationFilterChain.doFilter(ApplicationFilterChain.java:162) ~[tomcat-embed-core-9.0.65.jar:9.0.65]
	at org.springframework.web.filter.FormContentFilter.doFilterInternal(FormContentFilter.java:93) ~[spring-web-5.3.22.jar:5.3.22]
	at org.springframework.web.filter.OncePerRequestFilter.doFilter(OncePerRequestFilter.java:117) ~[spring-web-5.3.22.jar:5.3.22]
	at org.apache.catalina.core.ApplicationFilterChain.internalDoFilter(ApplicationFilterChain.java:189) ~[tomcat-embed-core-9.0.65.jar:9.0.65]
	at org.apache.catalina.core.ApplicationFilterChain.doFilter(ApplicationFilterChain.java:162) ~[tomcat-embed-core-9.0.65.jar:9.0.65]
	at org.springframework.web.filter.CharacterEncodingFilter.doFilterInternal(CharacterEncodingFilter.java:201) ~[spring-web-5.3.22.jar:5.3.22]
	at org.springframework.web.filter.OncePerRequestFilter.doFilter(OncePerRequestFilter.java:117) ~[spring-web-5.3.22.jar:5.3.22]
	at org.apache.catalina.core.ApplicationFilterChain.internalDoFilter(ApplicationFilterChain.java:189) ~[tomcat-embed-core-9.0.65.jar:9.0.65]
	at org.apache.catalina.core.ApplicationFilterChain.doFilter(ApplicationFilterChain.java:162) ~[tomcat-embed-core-9.0.65.jar:9.0.65]
	at org.apache.catalina.core.StandardWrapperValve.invoke(StandardWrapperValve.java:197) ~[tomcat-embed-core-9.0.65.jar:9.0.65]
	at org.apache.catalina.core.StandardContextValve.invoke(StandardContextValve.java:97) ~[tomcat-embed-core-9.0.65.jar:9.0.65]
	at org.apache.catalina.authenticator.AuthenticatorBase.invoke(AuthenticatorBase.java:541) ~[tomcat-embed-core-9.0.65.jar:9.0.65]
	at org.apache.catalina.core.StandardHostValve.invoke(StandardHostValve.java:135) ~[tomcat-embed-core-9.0.65.jar:9.0.65]
	at org.apache.catalina.valves.ErrorReportValve.invoke(ErrorReportValve.java:92) ~[tomcat-embed-core-9.0.65.jar:9.0.65]
	at org.apache.catalina.core.StandardEngineValve.invoke(StandardEngineValve.java:78) ~[tomcat-embed-core-9.0.65.jar:9.0.65]
	at org.apache.catalina.connector.CoyoteAdapter.service(CoyoteAdapter.java:360) ~[tomcat-embed-core-9.0.65.jar:9.0.65]
	at org.apache.coyote.http11.Http11Processor.service(Http11Processor.java:399) ~[tomcat-embed-core-9.0.65.jar:9.0.65]
	at org.apache.coyote.AbstractProcessorLight.process(AbstractProcessorLight.java:65) ~[tomcat-embed-core-9.0.65.jar:9.0.65]
	at org.apache.coyote.AbstractProtocol$ConnectionHandler.process(AbstractProtocol.java:890) ~[tomcat-embed-core-9.0.65.jar:9.0.65]
	at org.apache.tomcat.util.net.NioEndpoint$SocketProcessor.doRun(NioEndpoint.java:1789) ~[tomcat-embed-core-9.0.65.jar:9.0.65]
	at org.apache.tomcat.util.net.SocketProcessorBase.run(SocketProcessorBase.java:49) ~[tomcat-embed-core-9.0.65.jar:9.0.65]
	at org.apache.tomcat.util.threads.ThreadPoolExecutor.runWorker(ThreadPoolExecutor.java:1191) ~[tomcat-embed-core-9.0.65.jar:9.0.65]
	at org.apache.tomcat.util.threads.ThreadPoolExecutor$Worker.run(ThreadPoolExecutor.java:659) ~[tomcat-embed-core-9.0.65.jar:9.0.65]
	at org.apache.tomcat.util.threads.TaskThread$WrappingRunnable.run(TaskThread.java:61) ~[tomcat-embed-core-9.0.65.jar:9.0.65]
	at java.base/java.lang.Thread.run(Thread.java:1447) ~[na:na]

Hibernate: 
    insert 
    into
        posts
        (id, content, create_date_time, description, title, update_date_time) 
    values
        (default, ?, ?, ?, ?, ?)
[2m2025-07-08 13:10:29.758[0;39m [33m WARN[0;39m [35m40136[0;39m [2m---[0;39m [2m[nio-8080-exec-7][0;39m [36mo.h.engine.jdbc.spi.SqlExceptionHelper  [0;39m [2m:[0;39m SQL Error: 23505, SQLState: 23505
[2m2025-07-08 13:10:29.758[0;39m [31mERROR[0;39m [35m40136[0;39m [2m---[0;39m [2m[nio-8080-exec-7][0;39m [36mo.h.engine.jdbc.spi.SqlExceptionHelper  [0;39m [2m:[0;39m Unique index or primary key violation: "PUBLIC.UKMCHCE1GM7F6OTPPHXD6IXSDPS_INDEX_4 ON PUBLIC.POSTS(TITLE NULLS FIRST) VALUES ( /* 5 */ 'New Post Title' )"; SQL statement:
insert into posts (id, content, create_date_time, description, title, update_date_time) values (default, ?, ?, ?, ?, ?) [23505-214]
[2m2025-07-08 13:10:29.760[0;39m [31mERROR[0;39m [35m40136[0;39m [2m---[0;39m [2m[nio-8080-exec-7][0;39m [36mo.a.c.c.C.[.[.[/].[dispatcherServlet]   [0;39m [2m:[0;39m Servlet.service() for servlet [dispatcherServlet] in context with path [] threw exception [Request processing failed; nested exception is org.springframework.dao.DataIntegrityViolationException: could not execute statement; SQL [n/a]; constraint ["PUBLIC.UKMCHCE1GM7F6OTPPHXD6IXSDPS_INDEX_4 ON PUBLIC.POSTS(TITLE NULLS FIRST) VALUES ( /* 5 */ 'New Post Title' )"; SQL statement:
insert into posts (id, content, create_date_time, description, title, update_date_time) values (default, ?, ?, ?, ?, ?) [23505-214]]; nested exception is org.hibernate.exception.ConstraintViolationException: could not execute statement] with root cause

org.h2.jdbc.JdbcSQLIntegrityConstraintViolationException: Unique index or primary key violation: "PUBLIC.UKMCHCE1GM7F6OTPPHXD6IXSDPS_INDEX_4 ON PUBLIC.POSTS(TITLE NULLS FIRST) VALUES ( /* 5 */ 'New Post Title' )"; SQL statement:
insert into posts (id, content, create_date_time, description, title, update_date_time) values (default, ?, ?, ?, ?, ?) [23505-214]
	at org.h2.message.DbException.getJdbcSQLException(DbException.java:508) ~[h2-2.1.214.jar:2.1.214]
	at org.h2.message.DbException.getJdbcSQLException(DbException.java:477) ~[h2-2.1.214.jar:2.1.214]
	at org.h2.message.DbException.get(DbException.java:223) ~[h2-2.1.214.jar:2.1.214]
	at org.h2.message.DbException.get(DbException.java:199) ~[h2-2.1.214.jar:2.1.214]
	at org.h2.index.Index.getDuplicateKeyException(Index.java:525) ~[h2-2.1.214.jar:2.1.214]
	at org.h2.mvstore.db.MVSecondaryIndex.checkUnique(MVSecondaryIndex.java:223) ~[h2-2.1.214.jar:2.1.214]
	at org.h2.mvstore.db.MVSecondaryIndex.add(MVSecondaryIndex.java:184) ~[h2-2.1.214.jar:2.1.214]
	at org.h2.mvstore.db.MVTable.addRow(MVTable.java:519) ~[h2-2.1.214.jar:2.1.214]
	at org.h2.command.dml.Insert.insertRows(Insert.java:174) ~[h2-2.1.214.jar:2.1.214]
	at org.h2.command.dml.Insert.update(Insert.java:135) ~[h2-2.1.214.jar:2.1.214]
	at org.h2.command.CommandContainer.executeUpdateWithGeneratedKeys(CommandContainer.java:242) ~[h2-2.1.214.jar:2.1.214]
	at org.h2.command.CommandContainer.update(CommandContainer.java:163) ~[h2-2.1.214.jar:2.1.214]
	at org.h2.command.Command.executeUpdate(Command.java:252) ~[h2-2.1.214.jar:2.1.214]
	at org.h2.jdbc.JdbcPreparedStatement.executeUpdateInternal(JdbcPreparedStatement.java:209) ~[h2-2.1.214.jar:2.1.214]
	at org.h2.jdbc.JdbcPreparedStatement.executeUpdate(JdbcPreparedStatement.java:169) ~[h2-2.1.214.jar:2.1.214]
	at com.zaxxer.hikari.pool.ProxyPreparedStatement.executeUpdate(ProxyPreparedStatement.java:61) ~[HikariCP-4.0.3.jar:na]
	at com.zaxxer.hikari.pool.HikariProxyPreparedStatement.executeUpdate(HikariProxyPreparedStatement.java) ~[HikariCP-4.0.3.jar:na]
	at org.hibernate.engine.jdbc.internal.ResultSetReturnImpl.executeUpdate(ResultSetReturnImpl.java:197) ~[hibernate-core-5.6.10.Final.jar:5.6.10.Final]
	at org.hibernate.dialect.identity.GetGeneratedKeysDelegate.executeAndExtract(GetGeneratedKeysDelegate.java:58) ~[hibernate-core-5.6.10.Final.jar:5.6.10.Final]
	at org.hibernate.id.insert.AbstractReturningDelegate.performInsert(AbstractReturningDelegate.java:43) ~[hibernate-core-5.6.10.Final.jar:5.6.10.Final]
	at org.hibernate.persister.entity.AbstractEntityPersister.insert(AbstractEntityPersister.java:3279) ~[hibernate-core-5.6.10.Final.jar:5.6.10.Final]
	at org.hibernate.persister.entity.AbstractEntityPersister.insert(AbstractEntityPersister.java:3885) ~[hibernate-core-5.6.10.Final.jar:5.6.10.Final]
	at org.hibernate.action.internal.EntityIdentityInsertAction.execute(EntityIdentityInsertAction.java:84) ~[hibernate-core-5.6.10.Final.jar:5.6.10.Final]
	at org.hibernate.engine.spi.ActionQueue.execute(ActionQueue.java:645) ~[hibernate-core-5.6.10.Final.jar:5.6.10.Final]
	at org.hibernate.engine.spi.ActionQueue.addResolvedEntityInsertAction(ActionQueue.java:282) ~[hibernate-core-5.6.10.Final.jar:5.6.10.Final]
	at org.hibernate.engine.spi.ActionQueue.addInsertAction(ActionQueue.java:263) ~[hibernate-core-5.6.10.Final.jar:5.6.10.Final]
	at org.hibernate.engine.spi.ActionQueue.addAction(ActionQueue.java:317) ~[hibernate-core-5.6.10.Final.jar:5.6.10.Final]
	at org.hibernate.event.internal.AbstractSaveEventListener.addInsertAction(AbstractSaveEventListener.java:330) ~[hibernate-core-5.6.10.Final.jar:5.6.10.Final]
	at org.hibernate.event.internal.AbstractSaveEventListener.performSaveOrReplicate(AbstractSaveEventListener.java:287) ~[hibernate-core-5.6.10.Final.jar:5.6.10.Final]
	at org.hibernate.event.internal.AbstractSaveEventListener.performSave(AbstractSaveEventListener.java:193) ~[hibernate-core-5.6.10.Final.jar:5.6.10.Final]
	at org.hibernate.event.internal.AbstractSaveEventListener.saveWithGeneratedId(AbstractSaveEventListener.java:123) ~[hibernate-core-5.6.10.Final.jar:5.6.10.Final]
	at org.hibernate.event.internal.DefaultPersistEventListener.entityIsTransient(DefaultPersistEventListener.java:185) ~[hibernate-core-5.6.10.Final.jar:5.6.10.Final]
	at org.hibernate.event.internal.DefaultPersistEventListener.onPersist(DefaultPersistEventListener.java:128) ~[hibernate-core-5.6.10.Final.jar:5.6.10.Final]
	at org.hibernate.event.internal.DefaultPersistEventListener.onPersist(DefaultPersistEventListener.java:55) ~[hibernate-core-5.6.10.Final.jar:5.6.10.Final]
	at org.hibernate.event.service.internal.EventListenerGroupImpl.fireEventOnEachListener(EventListenerGroupImpl.java:107) ~[hibernate-core-5.6.10.Final.jar:5.6.10.Final]
	at org.hibernate.internal.SessionImpl.firePersist(SessionImpl.java:756) ~[hibernate-core-5.6.10.Final.jar:5.6.10.Final]
	at org.hibernate.internal.SessionImpl.persist(SessionImpl.java:742) ~[hibernate-core-5.6.10.Final.jar:5.6.10.Final]
	at java.base/jdk.internal.reflect.DirectMethodHandleAccessor.invoke(DirectMethodHandleAccessor.java:104) ~[na:na]
	at java.base/java.lang.reflect.Method.invoke(Method.java:565) ~[na:na]
	at org.springframework.orm.jpa.ExtendedEntityManagerCreator$ExtendedEntityManagerInvocationHandler.invoke(ExtendedEntityManagerCreator.java:362) ~[spring-orm-5.3.22.jar:5.3.22]
	at jdk.proxy2/jdk.proxy2.$Proxy103.persist(Unknown Source) ~[na:na]
	at java.base/jdk.internal.reflect.DirectMethodHandleAccessor.invoke(DirectMethodHandleAccessor.java:104) ~[na:na]
	at java.base/java.lang.reflect.Method.invoke(Method.java:565) ~[na:na]
	at org.springframework.orm.jpa.SharedEntityManagerCreator$SharedEntityManagerInvocationHandler.invoke(SharedEntityManagerCreator.java:311) ~[spring-orm-5.3.22.jar:5.3.22]
	at jdk.proxy2/jdk.proxy2.$Proxy103.persist(Unknown Source) ~[na:na]
	at org.springframework.data.jpa.repository.support.SimpleJpaRepository.save(SimpleJpaRepository.java:666) ~[spring-data-jpa-2.7.2.jar:2.7.2]
	at java.base/jdk.internal.reflect.DirectMethodHandleAccessor.invoke(DirectMethodHandleAccessor.java:104) ~[na:na]
	at java.base/java.lang.reflect.Method.invoke(Method.java:565) ~[na:na]
	at org.springframework.data.repository.core.support.RepositoryMethodInvoker$RepositoryFragmentMethodInvoker.lambda$new$0(RepositoryMethodInvoker.java:289) ~[spring-data-commons-2.7.2.jar:2.7.2]
	at org.springframework.data.repository.core.support.RepositoryMethodInvoker.doInvoke(RepositoryMethodInvoker.java:137) ~[spring-data-commons-2.7.2.jar:2.7.2]
	at org.springframework.data.repository.core.support.RepositoryMethodInvoker.invoke(RepositoryMethodInvoker.java:121) ~[spring-data-commons-2.7.2.jar:2.7.2]
	at org.springframework.data.repository.core.support.RepositoryComposition$RepositoryFragments.invoke(RepositoryComposition.java:530) ~[spring-data-commons-2.7.2.jar:2.7.2]
	at org.springframework.data.repository.core.support.RepositoryComposition.invoke(RepositoryComposition.java:286) ~[spring-data-commons-2.7.2.jar:2.7.2]
	at org.springframework.data.repository.core.support.RepositoryFactorySupport$ImplementationMethodExecutionInterceptor.invoke(RepositoryFactorySupport.java:640) ~[spring-data-commons-2.7.2.jar:2.7.2]
	at org.springframework.aop.framework.ReflectiveMethodInvocation.proceed(ReflectiveMethodInvocation.java:186) ~[spring-aop-5.3.22.jar:5.3.22]
	at org.springframework.data.repository.core.support.QueryExecutorMethodInterceptor.doInvoke(QueryExecutorMethodInterceptor.java:164) ~[spring-data-commons-2.7.2.jar:2.7.2]
	at org.springframework.data.repository.core.support.QueryExecutorMethodInterceptor.invoke(QueryExecutorMethodInterceptor.java:139) ~[spring-data-commons-2.7.2.jar:2.7.2]
	at org.springframework.aop.framework.ReflectiveMethodInvocation.proceed(ReflectiveMethodInvocation.java:186) ~[spring-aop-5.3.22.jar:5.3.22]
	at org.springframework.data.projection.DefaultMethodInvokingMethodInterceptor.invoke(DefaultMethodInvokingMethodInterceptor.java:81) ~[spring-data-commons-2.7.2.jar:2.7.2]
	at org.springframework.aop.framework.ReflectiveMethodInvocation.proceed(ReflectiveMethodInvocation.java:186) ~[spring-aop-5.3.22.jar:5.3.22]
	at org.springframework.transaction.interceptor.TransactionInterceptor$1.proceedWithInvocation(TransactionInterceptor.java:123) ~[spring-tx-5.3.22.jar:5.3.22]
	at org.springframework.transaction.interceptor.TransactionAspectSupport.invokeWithinTransaction(TransactionAspectSupport.java:388) ~[spring-tx-5.3.22.jar:5.3.22]
	at org.springframework.transaction.interceptor.TransactionInterceptor.invoke(TransactionInterceptor.java:119) ~[spring-tx-5.3.22.jar:5.3.22]
	at org.springframework.aop.framework.ReflectiveMethodInvocation.proceed(ReflectiveMethodInvocation.java:186) ~[spring-aop-5.3.22.jar:5.3.22]
	at org.springframework.dao.support.PersistenceExceptionTranslationInterceptor.invoke(PersistenceExceptionTranslationInterceptor.java:137) ~[spring-tx-5.3.22.jar:5.3.22]
	at org.springframework.aop.framework.ReflectiveMethodInvocation.proceed(ReflectiveMethodInvocation.java:186) ~[spring-aop-5.3.22.jar:5.3.22]
	at org.springframework.data.jpa.repository.support.CrudMethodMetadataPostProcessor$CrudMethodMetadataPopulatingMethodInterceptor.invoke(CrudMethodMetadataPostProcessor.java:174) ~[spring-data-jpa-2.7.2.jar:2.7.2]
	at org.springframework.aop.framework.ReflectiveMethodInvocation.proceed(ReflectiveMethodInvocation.java:186) ~[spring-aop-5.3.22.jar:5.3.22]
	at org.springframework.aop.interceptor.ExposeInvocationInterceptor.invoke(ExposeInvocationInterceptor.java:97) ~[spring-aop-5.3.22.jar:5.3.22]
	at org.springframework.aop.framework.ReflectiveMethodInvocation.proceed(ReflectiveMethodInvocation.java:186) ~[spring-aop-5.3.22.jar:5.3.22]
	at org.springframework.aop.framework.JdkDynamicAopProxy.invoke(JdkDynamicAopProxy.java:215) ~[spring-aop-5.3.22.jar:5.3.22]
	at jdk.proxy2/jdk.proxy2.$Proxy107.save(Unknown Source) ~[na:na]
	at com.chuwa.redbook.service.impl.PostServiceImpl.createPost(PostServiceImpl.java:46) ~[classes/:na]
	at com.chuwa.redbook.controller.PostController.createPost(PostController.java:25) ~[classes/:na]
	at java.base/jdk.internal.reflect.DirectMethodHandleAccessor.invoke(DirectMethodHandleAccessor.java:104) ~[na:na]
	at java.base/java.lang.reflect.Method.invoke(Method.java:565) ~[na:na]
	at org.springframework.web.method.support.InvocableHandlerMethod.doInvoke(InvocableHandlerMethod.java:205) ~[spring-web-5.3.22.jar:5.3.22]
	at org.springframework.web.method.support.InvocableHandlerMethod.invokeForRequest(InvocableHandlerMethod.java:150) ~[spring-web-5.3.22.jar:5.3.22]
	at org.springframework.web.servlet.mvc.method.annotation.ServletInvocableHandlerMethod.invokeAndHandle(ServletInvocableHandlerMethod.java:117) ~[spring-webmvc-5.3.22.jar:5.3.22]
	at org.springframework.web.servlet.mvc.method.annotation.RequestMappingHandlerAdapter.invokeHandlerMethod(RequestMappingHandlerAdapter.java:895) ~[spring-webmvc-5.3.22.jar:5.3.22]
	at org.springframework.web.servlet.mvc.method.annotation.RequestMappingHandlerAdapter.handleInternal(RequestMappingHandlerAdapter.java:808) ~[spring-webmvc-5.3.22.jar:5.3.22]
	at org.springframework.web.servlet.mvc.method.AbstractHandlerMethodAdapter.handle(AbstractHandlerMethodAdapter.java:87) ~[spring-webmvc-5.3.22.jar:5.3.22]
	at org.springframework.web.servlet.DispatcherServlet.doDispatch(DispatcherServlet.java:1070) ~[spring-webmvc-5.3.22.jar:5.3.22]
	at org.springframework.web.servlet.DispatcherServlet.doService(DispatcherServlet.java:963) ~[spring-webmvc-5.3.22.jar:5.3.22]
	at org.springframework.web.servlet.FrameworkServlet.processRequest(FrameworkServlet.java:1006) ~[spring-webmvc-5.3.22.jar:5.3.22]
	at org.springframework.web.servlet.FrameworkServlet.doPost(FrameworkServlet.java:909) ~[spring-webmvc-5.3.22.jar:5.3.22]
	at javax.servlet.http.HttpServlet.service(HttpServlet.java:681) ~[tomcat-embed-core-9.0.65.jar:4.0.FR]
	at org.springframework.web.servlet.FrameworkServlet.service(FrameworkServlet.java:883) ~[spring-webmvc-5.3.22.jar:5.3.22]
	at javax.servlet.http.HttpServlet.service(HttpServlet.java:764) ~[tomcat-embed-core-9.0.65.jar:4.0.FR]
	at org.apache.catalina.core.ApplicationFilterChain.internalDoFilter(ApplicationFilterChain.java:227) ~[tomcat-embed-core-9.0.65.jar:9.0.65]
	at org.apache.catalina.core.ApplicationFilterChain.doFilter(ApplicationFilterChain.java:162) ~[tomcat-embed-core-9.0.65.jar:9.0.65]
	at org.apache.tomcat.websocket.server.WsFilter.doFilter(WsFilter.java:53) ~[tomcat-embed-websocket-9.0.65.jar:9.0.65]
	at org.apache.catalina.core.ApplicationFilterChain.internalDoFilter(ApplicationFilterChain.java:189) ~[tomcat-embed-core-9.0.65.jar:9.0.65]
	at org.apache.catalina.core.ApplicationFilterChain.doFilter(ApplicationFilterChain.java:162) ~[tomcat-embed-core-9.0.65.jar:9.0.65]
	at org.springframework.web.filter.RequestContextFilter.doFilterInternal(RequestContextFilter.java:100) ~[spring-web-5.3.22.jar:5.3.22]
	at org.springframework.web.filter.OncePerRequestFilter.doFilter(OncePerRequestFilter.java:117) ~[spring-web-5.3.22.jar:5.3.22]
	at org.apache.catalina.core.ApplicationFilterChain.internalDoFilter(ApplicationFilterChain.java:189) ~[tomcat-embed-core-9.0.65.jar:9.0.65]
	at org.apache.catalina.core.ApplicationFilterChain.doFilter(ApplicationFilterChain.java:162) ~[tomcat-embed-core-9.0.65.jar:9.0.65]
	at org.springframework.web.filter.FormContentFilter.doFilterInternal(FormContentFilter.java:93) ~[spring-web-5.3.22.jar:5.3.22]
	at org.springframework.web.filter.OncePerRequestFilter.doFilter(OncePerRequestFilter.java:117) ~[spring-web-5.3.22.jar:5.3.22]
	at org.apache.catalina.core.ApplicationFilterChain.internalDoFilter(ApplicationFilterChain.java:189) ~[tomcat-embed-core-9.0.65.jar:9.0.65]
	at org.apache.catalina.core.ApplicationFilterChain.doFilter(ApplicationFilterChain.java:162) ~[tomcat-embed-core-9.0.65.jar:9.0.65]
	at org.springframework.web.filter.CharacterEncodingFilter.doFilterInternal(CharacterEncodingFilter.java:201) ~[spring-web-5.3.22.jar:5.3.22]
	at org.springframework.web.filter.OncePerRequestFilter.doFilter(OncePerRequestFilter.java:117) ~[spring-web-5.3.22.jar:5.3.22]
	at org.apache.catalina.core.ApplicationFilterChain.internalDoFilter(ApplicationFilterChain.java:189) ~[tomcat-embed-core-9.0.65.jar:9.0.65]
	at org.apache.catalina.core.ApplicationFilterChain.doFilter(ApplicationFilterChain.java:162) ~[tomcat-embed-core-9.0.65.jar:9.0.65]
	at org.apache.catalina.core.StandardWrapperValve.invoke(StandardWrapperValve.java:197) ~[tomcat-embed-core-9.0.65.jar:9.0.65]
	at org.apache.catalina.core.StandardContextValve.invoke(StandardContextValve.java:97) ~[tomcat-embed-core-9.0.65.jar:9.0.65]
	at org.apache.catalina.authenticator.AuthenticatorBase.invoke(AuthenticatorBase.java:541) ~[tomcat-embed-core-9.0.65.jar:9.0.65]
	at org.apache.catalina.core.StandardHostValve.invoke(StandardHostValve.java:135) ~[tomcat-embed-core-9.0.65.jar:9.0.65]
	at org.apache.catalina.valves.ErrorReportValve.invoke(ErrorReportValve.java:92) ~[tomcat-embed-core-9.0.65.jar:9.0.65]
	at org.apache.catalina.core.StandardEngineValve.invoke(StandardEngineValve.java:78) ~[tomcat-embed-core-9.0.65.jar:9.0.65]
	at org.apache.catalina.connector.CoyoteAdapter.service(CoyoteAdapter.java:360) ~[tomcat-embed-core-9.0.65.jar:9.0.65]
	at org.apache.coyote.http11.Http11Processor.service(Http11Processor.java:399) ~[tomcat-embed-core-9.0.65.jar:9.0.65]
	at org.apache.coyote.AbstractProcessorLight.process(AbstractProcessorLight.java:65) ~[tomcat-embed-core-9.0.65.jar:9.0.65]
	at org.apache.coyote.AbstractProtocol$ConnectionHandler.process(AbstractProtocol.java:890) ~[tomcat-embed-core-9.0.65.jar:9.0.65]
	at org.apache.tomcat.util.net.NioEndpoint$SocketProcessor.doRun(NioEndpoint.java:1789) ~[tomcat-embed-core-9.0.65.jar:9.0.65]
	at org.apache.tomcat.util.net.SocketProcessorBase.run(SocketProcessorBase.java:49) ~[tomcat-embed-core-9.0.65.jar:9.0.65]
	at org.apache.tomcat.util.threads.ThreadPoolExecutor.runWorker(ThreadPoolExecutor.java:1191) ~[tomcat-embed-core-9.0.65.jar:9.0.65]
	at org.apache.tomcat.util.threads.ThreadPoolExecutor$Worker.run(ThreadPoolExecutor.java:659) ~[tomcat-embed-core-9.0.65.jar:9.0.65]
	at org.apache.tomcat.util.threads.TaskThread$WrappingRunnable.run(TaskThread.java:61) ~[tomcat-embed-core-9.0.65.jar:9.0.65]
	at java.base/java.lang.Thread.run(Thread.java:1447) ~[na:na]

Hibernate: 
    insert 
    into
        posts
        (id, content, create_date_time, description, title, update_date_time) 
    values
        (default, ?, ?, ?, ?, ?)
[2m2025-07-08 13:10:31.152[0;39m [33m WARN[0;39m [35m40136[0;39m [2m---[0;39m [2m[nio-8080-exec-3][0;39m [36mo.h.engine.jdbc.spi.SqlExceptionHelper  [0;39m [2m:[0;39m SQL Error: 23505, SQLState: 23505
[2m2025-07-08 13:10:31.152[0;39m [31mERROR[0;39m [35m40136[0;39m [2m---[0;39m [2m[nio-8080-exec-3][0;39m [36mo.h.engine.jdbc.spi.SqlExceptionHelper  [0;39m [2m:[0;39m Unique index or primary key violation: "PUBLIC.UKMCHCE1GM7F6OTPPHXD6IXSDPS_INDEX_4 ON PUBLIC.POSTS(TITLE NULLS FIRST) VALUES ( /* 5 */ 'New Post Title' )"; SQL statement:
insert into posts (id, content, create_date_time, description, title, update_date_time) values (default, ?, ?, ?, ?, ?) [23505-214]
[2m2025-07-08 13:10:31.155[0;39m [31mERROR[0;39m [35m40136[0;39m [2m---[0;39m [2m[nio-8080-exec-3][0;39m [36mo.a.c.c.C.[.[.[/].[dispatcherServlet]   [0;39m [2m:[0;39m Servlet.service() for servlet [dispatcherServlet] in context with path [] threw exception [Request processing failed; nested exception is org.springframework.dao.DataIntegrityViolationException: could not execute statement; SQL [n/a]; constraint ["PUBLIC.UKMCHCE1GM7F6OTPPHXD6IXSDPS_INDEX_4 ON PUBLIC.POSTS(TITLE NULLS FIRST) VALUES ( /* 5 */ 'New Post Title' )"; SQL statement:
insert into posts (id, content, create_date_time, description, title, update_date_time) values (default, ?, ?, ?, ?, ?) [23505-214]]; nested exception is org.hibernate.exception.ConstraintViolationException: could not execute statement] with root cause

org.h2.jdbc.JdbcSQLIntegrityConstraintViolationException: Unique index or primary key violation: "PUBLIC.UKMCHCE1GM7F6OTPPHXD6IXSDPS_INDEX_4 ON PUBLIC.POSTS(TITLE NULLS FIRST) VALUES ( /* 5 */ 'New Post Title' )"; SQL statement:
insert into posts (id, content, create_date_time, description, title, update_date_time) values (default, ?, ?, ?, ?, ?) [23505-214]
	at org.h2.message.DbException.getJdbcSQLException(DbException.java:508) ~[h2-2.1.214.jar:2.1.214]
	at org.h2.message.DbException.getJdbcSQLException(DbException.java:477) ~[h2-2.1.214.jar:2.1.214]
	at org.h2.message.DbException.get(DbException.java:223) ~[h2-2.1.214.jar:2.1.214]
	at org.h2.message.DbException.get(DbException.java:199) ~[h2-2.1.214.jar:2.1.214]
	at org.h2.index.Index.getDuplicateKeyException(Index.java:525) ~[h2-2.1.214.jar:2.1.214]
	at org.h2.mvstore.db.MVSecondaryIndex.checkUnique(MVSecondaryIndex.java:223) ~[h2-2.1.214.jar:2.1.214]
	at org.h2.mvstore.db.MVSecondaryIndex.add(MVSecondaryIndex.java:184) ~[h2-2.1.214.jar:2.1.214]
	at org.h2.mvstore.db.MVTable.addRow(MVTable.java:519) ~[h2-2.1.214.jar:2.1.214]
	at org.h2.command.dml.Insert.insertRows(Insert.java:174) ~[h2-2.1.214.jar:2.1.214]
	at org.h2.command.dml.Insert.update(Insert.java:135) ~[h2-2.1.214.jar:2.1.214]
	at org.h2.command.CommandContainer.executeUpdateWithGeneratedKeys(CommandContainer.java:242) ~[h2-2.1.214.jar:2.1.214]
	at org.h2.command.CommandContainer.update(CommandContainer.java:163) ~[h2-2.1.214.jar:2.1.214]
	at org.h2.command.Command.executeUpdate(Command.java:252) ~[h2-2.1.214.jar:2.1.214]
	at org.h2.jdbc.JdbcPreparedStatement.executeUpdateInternal(JdbcPreparedStatement.java:209) ~[h2-2.1.214.jar:2.1.214]
	at org.h2.jdbc.JdbcPreparedStatement.executeUpdate(JdbcPreparedStatement.java:169) ~[h2-2.1.214.jar:2.1.214]
	at com.zaxxer.hikari.pool.ProxyPreparedStatement.executeUpdate(ProxyPreparedStatement.java:61) ~[HikariCP-4.0.3.jar:na]
	at com.zaxxer.hikari.pool.HikariProxyPreparedStatement.executeUpdate(HikariProxyPreparedStatement.java) ~[HikariCP-4.0.3.jar:na]
	at org.hibernate.engine.jdbc.internal.ResultSetReturnImpl.executeUpdate(ResultSetReturnImpl.java:197) ~[hibernate-core-5.6.10.Final.jar:5.6.10.Final]
	at org.hibernate.dialect.identity.GetGeneratedKeysDelegate.executeAndExtract(GetGeneratedKeysDelegate.java:58) ~[hibernate-core-5.6.10.Final.jar:5.6.10.Final]
	at org.hibernate.id.insert.AbstractReturningDelegate.performInsert(AbstractReturningDelegate.java:43) ~[hibernate-core-5.6.10.Final.jar:5.6.10.Final]
	at org.hibernate.persister.entity.AbstractEntityPersister.insert(AbstractEntityPersister.java:3279) ~[hibernate-core-5.6.10.Final.jar:5.6.10.Final]
	at org.hibernate.persister.entity.AbstractEntityPersister.insert(AbstractEntityPersister.java:3885) ~[hibernate-core-5.6.10.Final.jar:5.6.10.Final]
	at org.hibernate.action.internal.EntityIdentityInsertAction.execute(EntityIdentityInsertAction.java:84) ~[hibernate-core-5.6.10.Final.jar:5.6.10.Final]
	at org.hibernate.engine.spi.ActionQueue.execute(ActionQueue.java:645) ~[hibernate-core-5.6.10.Final.jar:5.6.10.Final]
	at org.hibernate.engine.spi.ActionQueue.addResolvedEntityInsertAction(ActionQueue.java:282) ~[hibernate-core-5.6.10.Final.jar:5.6.10.Final]
	at org.hibernate.engine.spi.ActionQueue.addInsertAction(ActionQueue.java:263) ~[hibernate-core-5.6.10.Final.jar:5.6.10.Final]
	at org.hibernate.engine.spi.ActionQueue.addAction(ActionQueue.java:317) ~[hibernate-core-5.6.10.Final.jar:5.6.10.Final]
	at org.hibernate.event.internal.AbstractSaveEventListener.addInsertAction(AbstractSaveEventListener.java:330) ~[hibernate-core-5.6.10.Final.jar:5.6.10.Final]
	at org.hibernate.event.internal.AbstractSaveEventListener.performSaveOrReplicate(AbstractSaveEventListener.java:287) ~[hibernate-core-5.6.10.Final.jar:5.6.10.Final]
	at org.hibernate.event.internal.AbstractSaveEventListener.performSave(AbstractSaveEventListener.java:193) ~[hibernate-core-5.6.10.Final.jar:5.6.10.Final]
	at org.hibernate.event.internal.AbstractSaveEventListener.saveWithGeneratedId(AbstractSaveEventListener.java:123) ~[hibernate-core-5.6.10.Final.jar:5.6.10.Final]
	at org.hibernate.event.internal.DefaultPersistEventListener.entityIsTransient(DefaultPersistEventListener.java:185) ~[hibernate-core-5.6.10.Final.jar:5.6.10.Final]
	at org.hibernate.event.internal.DefaultPersistEventListener.onPersist(DefaultPersistEventListener.java:128) ~[hibernate-core-5.6.10.Final.jar:5.6.10.Final]
	at org.hibernate.event.internal.DefaultPersistEventListener.onPersist(DefaultPersistEventListener.java:55) ~[hibernate-core-5.6.10.Final.jar:5.6.10.Final]
	at org.hibernate.event.service.internal.EventListenerGroupImpl.fireEventOnEachListener(EventListenerGroupImpl.java:107) ~[hibernate-core-5.6.10.Final.jar:5.6.10.Final]
	at org.hibernate.internal.SessionImpl.firePersist(SessionImpl.java:756) ~[hibernate-core-5.6.10.Final.jar:5.6.10.Final]
	at org.hibernate.internal.SessionImpl.persist(SessionImpl.java:742) ~[hibernate-core-5.6.10.Final.jar:5.6.10.Final]
	at java.base/jdk.internal.reflect.DirectMethodHandleAccessor.invoke(DirectMethodHandleAccessor.java:104) ~[na:na]
	at java.base/java.lang.reflect.Method.invoke(Method.java:565) ~[na:na]
	at org.springframework.orm.jpa.ExtendedEntityManagerCreator$ExtendedEntityManagerInvocationHandler.invoke(ExtendedEntityManagerCreator.java:362) ~[spring-orm-5.3.22.jar:5.3.22]
	at jdk.proxy2/jdk.proxy2.$Proxy103.persist(Unknown Source) ~[na:na]
	at java.base/jdk.internal.reflect.DirectMethodHandleAccessor.invoke(DirectMethodHandleAccessor.java:104) ~[na:na]
	at java.base/java.lang.reflect.Method.invoke(Method.java:565) ~[na:na]
	at org.springframework.orm.jpa.SharedEntityManagerCreator$SharedEntityManagerInvocationHandler.invoke(SharedEntityManagerCreator.java:311) ~[spring-orm-5.3.22.jar:5.3.22]
	at jdk.proxy2/jdk.proxy2.$Proxy103.persist(Unknown Source) ~[na:na]
	at org.springframework.data.jpa.repository.support.SimpleJpaRepository.save(SimpleJpaRepository.java:666) ~[spring-data-jpa-2.7.2.jar:2.7.2]
	at java.base/jdk.internal.reflect.DirectMethodHandleAccessor.invoke(DirectMethodHandleAccessor.java:104) ~[na:na]
	at java.base/java.lang.reflect.Method.invoke(Method.java:565) ~[na:na]
	at org.springframework.data.repository.core.support.RepositoryMethodInvoker$RepositoryFragmentMethodInvoker.lambda$new$0(RepositoryMethodInvoker.java:289) ~[spring-data-commons-2.7.2.jar:2.7.2]
	at org.springframework.data.repository.core.support.RepositoryMethodInvoker.doInvoke(RepositoryMethodInvoker.java:137) ~[spring-data-commons-2.7.2.jar:2.7.2]
	at org.springframework.data.repository.core.support.RepositoryMethodInvoker.invoke(RepositoryMethodInvoker.java:121) ~[spring-data-commons-2.7.2.jar:2.7.2]
	at org.springframework.data.repository.core.support.RepositoryComposition$RepositoryFragments.invoke(RepositoryComposition.java:530) ~[spring-data-commons-2.7.2.jar:2.7.2]
	at org.springframework.data.repository.core.support.RepositoryComposition.invoke(RepositoryComposition.java:286) ~[spring-data-commons-2.7.2.jar:2.7.2]
	at org.springframework.data.repository.core.support.RepositoryFactorySupport$ImplementationMethodExecutionInterceptor.invoke(RepositoryFactorySupport.java:640) ~[spring-data-commons-2.7.2.jar:2.7.2]
	at org.springframework.aop.framework.ReflectiveMethodInvocation.proceed(ReflectiveMethodInvocation.java:186) ~[spring-aop-5.3.22.jar:5.3.22]
	at org.springframework.data.repository.core.support.QueryExecutorMethodInterceptor.doInvoke(QueryExecutorMethodInterceptor.java:164) ~[spring-data-commons-2.7.2.jar:2.7.2]
	at org.springframework.data.repository.core.support.QueryExecutorMethodInterceptor.invoke(QueryExecutorMethodInterceptor.java:139) ~[spring-data-commons-2.7.2.jar:2.7.2]
	at org.springframework.aop.framework.ReflectiveMethodInvocation.proceed(ReflectiveMethodInvocation.java:186) ~[spring-aop-5.3.22.jar:5.3.22]
	at org.springframework.data.projection.DefaultMethodInvokingMethodInterceptor.invoke(DefaultMethodInvokingMethodInterceptor.java:81) ~[spring-data-commons-2.7.2.jar:2.7.2]
	at org.springframework.aop.framework.ReflectiveMethodInvocation.proceed(ReflectiveMethodInvocation.java:186) ~[spring-aop-5.3.22.jar:5.3.22]
	at org.springframework.transaction.interceptor.TransactionInterceptor$1.proceedWithInvocation(TransactionInterceptor.java:123) ~[spring-tx-5.3.22.jar:5.3.22]
	at org.springframework.transaction.interceptor.TransactionAspectSupport.invokeWithinTransaction(TransactionAspectSupport.java:388) ~[spring-tx-5.3.22.jar:5.3.22]
	at org.springframework.transaction.interceptor.TransactionInterceptor.invoke(TransactionInterceptor.java:119) ~[spring-tx-5.3.22.jar:5.3.22]
	at org.springframework.aop.framework.ReflectiveMethodInvocation.proceed(ReflectiveMethodInvocation.java:186) ~[spring-aop-5.3.22.jar:5.3.22]
	at org.springframework.dao.support.PersistenceExceptionTranslationInterceptor.invoke(PersistenceExceptionTranslationInterceptor.java:137) ~[spring-tx-5.3.22.jar:5.3.22]
	at org.springframework.aop.framework.ReflectiveMethodInvocation.proceed(ReflectiveMethodInvocation.java:186) ~[spring-aop-5.3.22.jar:5.3.22]
	at org.springframework.data.jpa.repository.support.CrudMethodMetadataPostProcessor$CrudMethodMetadataPopulatingMethodInterceptor.invoke(CrudMethodMetadataPostProcessor.java:174) ~[spring-data-jpa-2.7.2.jar:2.7.2]
	at org.springframework.aop.framework.ReflectiveMethodInvocation.proceed(ReflectiveMethodInvocation.java:186) ~[spring-aop-5.3.22.jar:5.3.22]
	at org.springframework.aop.interceptor.ExposeInvocationInterceptor.invoke(ExposeInvocationInterceptor.java:97) ~[spring-aop-5.3.22.jar:5.3.22]
	at org.springframework.aop.framework.ReflectiveMethodInvocation.proceed(ReflectiveMethodInvocation.java:186) ~[spring-aop-5.3.22.jar:5.3.22]
	at org.springframework.aop.framework.JdkDynamicAopProxy.invoke(JdkDynamicAopProxy.java:215) ~[spring-aop-5.3.22.jar:5.3.22]
	at jdk.proxy2/jdk.proxy2.$Proxy107.save(Unknown Source) ~[na:na]
	at com.chuwa.redbook.service.impl.PostServiceImpl.createPost(PostServiceImpl.java:46) ~[classes/:na]
	at com.chuwa.redbook.controller.PostController.createPost(PostController.java:25) ~[classes/:na]
	at java.base/jdk.internal.reflect.DirectMethodHandleAccessor.invoke(DirectMethodHandleAccessor.java:104) ~[na:na]
	at java.base/java.lang.reflect.Method.invoke(Method.java:565) ~[na:na]
	at org.springframework.web.method.support.InvocableHandlerMethod.doInvoke(InvocableHandlerMethod.java:205) ~[spring-web-5.3.22.jar:5.3.22]
	at org.springframework.web.method.support.InvocableHandlerMethod.invokeForRequest(InvocableHandlerMethod.java:150) ~[spring-web-5.3.22.jar:5.3.22]
	at org.springframework.web.servlet.mvc.method.annotation.ServletInvocableHandlerMethod.invokeAndHandle(ServletInvocableHandlerMethod.java:117) ~[spring-webmvc-5.3.22.jar:5.3.22]
	at org.springframework.web.servlet.mvc.method.annotation.RequestMappingHandlerAdapter.invokeHandlerMethod(RequestMappingHandlerAdapter.java:895) ~[spring-webmvc-5.3.22.jar:5.3.22]
	at org.springframework.web.servlet.mvc.method.annotation.RequestMappingHandlerAdapter.handleInternal(RequestMappingHandlerAdapter.java:808) ~[spring-webmvc-5.3.22.jar:5.3.22]
	at org.springframework.web.servlet.mvc.method.AbstractHandlerMethodAdapter.handle(AbstractHandlerMethodAdapter.java:87) ~[spring-webmvc-5.3.22.jar:5.3.22]
	at org.springframework.web.servlet.DispatcherServlet.doDispatch(DispatcherServlet.java:1070) ~[spring-webmvc-5.3.22.jar:5.3.22]
	at org.springframework.web.servlet.DispatcherServlet.doService(DispatcherServlet.java:963) ~[spring-webmvc-5.3.22.jar:5.3.22]
	at org.springframework.web.servlet.FrameworkServlet.processRequest(FrameworkServlet.java:1006) ~[spring-webmvc-5.3.22.jar:5.3.22]
	at org.springframework.web.servlet.FrameworkServlet.doPost(FrameworkServlet.java:909) ~[spring-webmvc-5.3.22.jar:5.3.22]
	at javax.servlet.http.HttpServlet.service(HttpServlet.java:681) ~[tomcat-embed-core-9.0.65.jar:4.0.FR]
	at org.springframework.web.servlet.FrameworkServlet.service(FrameworkServlet.java:883) ~[spring-webmvc-5.3.22.jar:5.3.22]
	at javax.servlet.http.HttpServlet.service(HttpServlet.java:764) ~[tomcat-embed-core-9.0.65.jar:4.0.FR]
	at org.apache.catalina.core.ApplicationFilterChain.internalDoFilter(ApplicationFilterChain.java:227) ~[tomcat-embed-core-9.0.65.jar:9.0.65]
	at org.apache.catalina.core.ApplicationFilterChain.doFilter(ApplicationFilterChain.java:162) ~[tomcat-embed-core-9.0.65.jar:9.0.65]
	at org.apache.tomcat.websocket.server.WsFilter.doFilter(WsFilter.java:53) ~[tomcat-embed-websocket-9.0.65.jar:9.0.65]
	at org.apache.catalina.core.ApplicationFilterChain.internalDoFilter(ApplicationFilterChain.java:189) ~[tomcat-embed-core-9.0.65.jar:9.0.65]
	at org.apache.catalina.core.ApplicationFilterChain.doFilter(ApplicationFilterChain.java:162) ~[tomcat-embed-core-9.0.65.jar:9.0.65]
	at org.springframework.web.filter.RequestContextFilter.doFilterInternal(RequestContextFilter.java:100) ~[spring-web-5.3.22.jar:5.3.22]
	at org.springframework.web.filter.OncePerRequestFilter.doFilter(OncePerRequestFilter.java:117) ~[spring-web-5.3.22.jar:5.3.22]
	at org.apache.catalina.core.ApplicationFilterChain.internalDoFilter(ApplicationFilterChain.java:189) ~[tomcat-embed-core-9.0.65.jar:9.0.65]
	at org.apache.catalina.core.ApplicationFilterChain.doFilter(ApplicationFilterChain.java:162) ~[tomcat-embed-core-9.0.65.jar:9.0.65]
	at org.springframework.web.filter.FormContentFilter.doFilterInternal(FormContentFilter.java:93) ~[spring-web-5.3.22.jar:5.3.22]
	at org.springframework.web.filter.OncePerRequestFilter.doFilter(OncePerRequestFilter.java:117) ~[spring-web-5.3.22.jar:5.3.22]
	at org.apache.catalina.core.ApplicationFilterChain.internalDoFilter(ApplicationFilterChain.java:189) ~[tomcat-embed-core-9.0.65.jar:9.0.65]
	at org.apache.catalina.core.ApplicationFilterChain.doFilter(ApplicationFilterChain.java:162) ~[tomcat-embed-core-9.0.65.jar:9.0.65]
	at org.springframework.web.filter.CharacterEncodingFilter.doFilterInternal(CharacterEncodingFilter.java:201) ~[spring-web-5.3.22.jar:5.3.22]
	at org.springframework.web.filter.OncePerRequestFilter.doFilter(OncePerRequestFilter.java:117) ~[spring-web-5.3.22.jar:5.3.22]
	at org.apache.catalina.core.ApplicationFilterChain.internalDoFilter(ApplicationFilterChain.java:189) ~[tomcat-embed-core-9.0.65.jar:9.0.65]
	at org.apache.catalina.core.ApplicationFilterChain.doFilter(ApplicationFilterChain.java:162) ~[tomcat-embed-core-9.0.65.jar:9.0.65]
	at org.apache.catalina.core.StandardWrapperValve.invoke(StandardWrapperValve.java:197) ~[tomcat-embed-core-9.0.65.jar:9.0.65]
	at org.apache.catalina.core.StandardContextValve.invoke(StandardContextValve.java:97) ~[tomcat-embed-core-9.0.65.jar:9.0.65]
	at org.apache.catalina.authenticator.AuthenticatorBase.invoke(AuthenticatorBase.java:541) ~[tomcat-embed-core-9.0.65.jar:9.0.65]
	at org.apache.catalina.core.StandardHostValve.invoke(StandardHostValve.java:135) ~[tomcat-embed-core-9.0.65.jar:9.0.65]
	at org.apache.catalina.valves.ErrorReportValve.invoke(ErrorReportValve.java:92) ~[tomcat-embed-core-9.0.65.jar:9.0.65]
	at org.apache.catalina.core.StandardEngineValve.invoke(StandardEngineValve.java:78) ~[tomcat-embed-core-9.0.65.jar:9.0.65]
	at org.apache.catalina.connector.CoyoteAdapter.service(CoyoteAdapter.java:360) ~[tomcat-embed-core-9.0.65.jar:9.0.65]
	at org.apache.coyote.http11.Http11Processor.service(Http11Processor.java:399) ~[tomcat-embed-core-9.0.65.jar:9.0.65]
	at org.apache.coyote.AbstractProcessorLight.process(AbstractProcessorLight.java:65) ~[tomcat-embed-core-9.0.65.jar:9.0.65]
	at org.apache.coyote.AbstractProtocol$ConnectionHandler.process(AbstractProtocol.java:890) ~[tomcat-embed-core-9.0.65.jar:9.0.65]
	at org.apache.tomcat.util.net.NioEndpoint$SocketProcessor.doRun(NioEndpoint.java:1789) ~[tomcat-embed-core-9.0.65.jar:9.0.65]
	at org.apache.tomcat.util.net.SocketProcessorBase.run(SocketProcessorBase.java:49) ~[tomcat-embed-core-9.0.65.jar:9.0.65]
	at org.apache.tomcat.util.threads.ThreadPoolExecutor.runWorker(ThreadPoolExecutor.java:1191) ~[tomcat-embed-core-9.0.65.jar:9.0.65]
	at org.apache.tomcat.util.threads.ThreadPoolExecutor$Worker.run(ThreadPoolExecutor.java:659) ~[tomcat-embed-core-9.0.65.jar:9.0.65]
	at org.apache.tomcat.util.threads.TaskThread$WrappingRunnable.run(TaskThread.java:61) ~[tomcat-embed-core-9.0.65.jar:9.0.65]
	at java.base/java.lang.Thread.run(Thread.java:1447) ~[na:na]

Hibernate: 
    insert 
    into
        posts
        (id, content, create_date_time, description, title, update_date_time) 
    values
        (default, ?, ?, ?, ?, ?)
[2m2025-07-08 13:10:31.770[0;39m [33m WARN[0;39m [35m40136[0;39m [2m---[0;39m [2m[nio-8080-exec-5][0;39m [36mo.h.engine.jdbc.spi.SqlExceptionHelper  [0;39m [2m:[0;39m SQL Error: 23505, SQLState: 23505
[2m2025-07-08 13:10:31.770[0;39m [31mERROR[0;39m [35m40136[0;39m [2m---[0;39m [2m[nio-8080-exec-5][0;39m [36mo.h.engine.jdbc.spi.SqlExceptionHelper  [0;39m [2m:[0;39m Unique index or primary key violation: "PUBLIC.UKMCHCE1GM7F6OTPPHXD6IXSDPS_INDEX_4 ON PUBLIC.POSTS(TITLE NULLS FIRST) VALUES ( /* 5 */ 'New Post Title' )"; SQL statement:
insert into posts (id, content, create_date_time, description, title, update_date_time) values (default, ?, ?, ?, ?, ?) [23505-214]
[2m2025-07-08 13:10:31.771[0;39m [31mERROR[0;39m [35m40136[0;39m [2m---[0;39m [2m[nio-8080-exec-5][0;39m [36mo.a.c.c.C.[.[.[/].[dispatcherServlet]   [0;39m [2m:[0;39m Servlet.service() for servlet [dispatcherServlet] in context with path [] threw exception [Request processing failed; nested exception is org.springframework.dao.DataIntegrityViolationException: could not execute statement; SQL [n/a]; constraint ["PUBLIC.UKMCHCE1GM7F6OTPPHXD6IXSDPS_INDEX_4 ON PUBLIC.POSTS(TITLE NULLS FIRST) VALUES ( /* 5 */ 'New Post Title' )"; SQL statement:
insert into posts (id, content, create_date_time, description, title, update_date_time) values (default, ?, ?, ?, ?, ?) [23505-214]]; nested exception is org.hibernate.exception.ConstraintViolationException: could not execute statement] with root cause

org.h2.jdbc.JdbcSQLIntegrityConstraintViolationException: Unique index or primary key violation: "PUBLIC.UKMCHCE1GM7F6OTPPHXD6IXSDPS_INDEX_4 ON PUBLIC.POSTS(TITLE NULLS FIRST) VALUES ( /* 5 */ 'New Post Title' )"; SQL statement:
insert into posts (id, content, create_date_time, description, title, update_date_time) values (default, ?, ?, ?, ?, ?) [23505-214]
	at org.h2.message.DbException.getJdbcSQLException(DbException.java:508) ~[h2-2.1.214.jar:2.1.214]
	at org.h2.message.DbException.getJdbcSQLException(DbException.java:477) ~[h2-2.1.214.jar:2.1.214]
	at org.h2.message.DbException.get(DbException.java:223) ~[h2-2.1.214.jar:2.1.214]
	at org.h2.message.DbException.get(DbException.java:199) ~[h2-2.1.214.jar:2.1.214]
	at org.h2.index.Index.getDuplicateKeyException(Index.java:525) ~[h2-2.1.214.jar:2.1.214]
	at org.h2.mvstore.db.MVSecondaryIndex.checkUnique(MVSecondaryIndex.java:223) ~[h2-2.1.214.jar:2.1.214]
	at org.h2.mvstore.db.MVSecondaryIndex.add(MVSecondaryIndex.java:184) ~[h2-2.1.214.jar:2.1.214]
	at org.h2.mvstore.db.MVTable.addRow(MVTable.java:519) ~[h2-2.1.214.jar:2.1.214]
	at org.h2.command.dml.Insert.insertRows(Insert.java:174) ~[h2-2.1.214.jar:2.1.214]
	at org.h2.command.dml.Insert.update(Insert.java:135) ~[h2-2.1.214.jar:2.1.214]
	at org.h2.command.CommandContainer.executeUpdateWithGeneratedKeys(CommandContainer.java:242) ~[h2-2.1.214.jar:2.1.214]
	at org.h2.command.CommandContainer.update(CommandContainer.java:163) ~[h2-2.1.214.jar:2.1.214]
	at org.h2.command.Command.executeUpdate(Command.java:252) ~[h2-2.1.214.jar:2.1.214]
	at org.h2.jdbc.JdbcPreparedStatement.executeUpdateInternal(JdbcPreparedStatement.java:209) ~[h2-2.1.214.jar:2.1.214]
	at org.h2.jdbc.JdbcPreparedStatement.executeUpdate(JdbcPreparedStatement.java:169) ~[h2-2.1.214.jar:2.1.214]
	at com.zaxxer.hikari.pool.ProxyPreparedStatement.executeUpdate(ProxyPreparedStatement.java:61) ~[HikariCP-4.0.3.jar:na]
	at com.zaxxer.hikari.pool.HikariProxyPreparedStatement.executeUpdate(HikariProxyPreparedStatement.java) ~[HikariCP-4.0.3.jar:na]
	at org.hibernate.engine.jdbc.internal.ResultSetReturnImpl.executeUpdate(ResultSetReturnImpl.java:197) ~[hibernate-core-5.6.10.Final.jar:5.6.10.Final]
	at org.hibernate.dialect.identity.GetGeneratedKeysDelegate.executeAndExtract(GetGeneratedKeysDelegate.java:58) ~[hibernate-core-5.6.10.Final.jar:5.6.10.Final]
	at org.hibernate.id.insert.AbstractReturningDelegate.performInsert(AbstractReturningDelegate.java:43) ~[hibernate-core-5.6.10.Final.jar:5.6.10.Final]
	at org.hibernate.persister.entity.AbstractEntityPersister.insert(AbstractEntityPersister.java:3279) ~[hibernate-core-5.6.10.Final.jar:5.6.10.Final]
	at org.hibernate.persister.entity.AbstractEntityPersister.insert(AbstractEntityPersister.java:3885) ~[hibernate-core-5.6.10.Final.jar:5.6.10.Final]
	at org.hibernate.action.internal.EntityIdentityInsertAction.execute(EntityIdentityInsertAction.java:84) ~[hibernate-core-5.6.10.Final.jar:5.6.10.Final]
	at org.hibernate.engine.spi.ActionQueue.execute(ActionQueue.java:645) ~[hibernate-core-5.6.10.Final.jar:5.6.10.Final]
	at org.hibernate.engine.spi.ActionQueue.addResolvedEntityInsertAction(ActionQueue.java:282) ~[hibernate-core-5.6.10.Final.jar:5.6.10.Final]
	at org.hibernate.engine.spi.ActionQueue.addInsertAction(ActionQueue.java:263) ~[hibernate-core-5.6.10.Final.jar:5.6.10.Final]
	at org.hibernate.engine.spi.ActionQueue.addAction(ActionQueue.java:317) ~[hibernate-core-5.6.10.Final.jar:5.6.10.Final]
	at org.hibernate.event.internal.AbstractSaveEventListener.addInsertAction(AbstractSaveEventListener.java:330) ~[hibernate-core-5.6.10.Final.jar:5.6.10.Final]
	at org.hibernate.event.internal.AbstractSaveEventListener.performSaveOrReplicate(AbstractSaveEventListener.java:287) ~[hibernate-core-5.6.10.Final.jar:5.6.10.Final]
	at org.hibernate.event.internal.AbstractSaveEventListener.performSave(AbstractSaveEventListener.java:193) ~[hibernate-core-5.6.10.Final.jar:5.6.10.Final]
	at org.hibernate.event.internal.AbstractSaveEventListener.saveWithGeneratedId(AbstractSaveEventListener.java:123) ~[hibernate-core-5.6.10.Final.jar:5.6.10.Final]
	at org.hibernate.event.internal.DefaultPersistEventListener.entityIsTransient(DefaultPersistEventListener.java:185) ~[hibernate-core-5.6.10.Final.jar:5.6.10.Final]
	at org.hibernate.event.internal.DefaultPersistEventListener.onPersist(DefaultPersistEventListener.java:128) ~[hibernate-core-5.6.10.Final.jar:5.6.10.Final]
	at org.hibernate.event.internal.DefaultPersistEventListener.onPersist(DefaultPersistEventListener.java:55) ~[hibernate-core-5.6.10.Final.jar:5.6.10.Final]
	at org.hibernate.event.service.internal.EventListenerGroupImpl.fireEventOnEachListener(EventListenerGroupImpl.java:107) ~[hibernate-core-5.6.10.Final.jar:5.6.10.Final]
	at org.hibernate.internal.SessionImpl.firePersist(SessionImpl.java:756) ~[hibernate-core-5.6.10.Final.jar:5.6.10.Final]
	at org.hibernate.internal.SessionImpl.persist(SessionImpl.java:742) ~[hibernate-core-5.6.10.Final.jar:5.6.10.Final]
	at java.base/jdk.internal.reflect.DirectMethodHandleAccessor.invoke(DirectMethodHandleAccessor.java:104) ~[na:na]
	at java.base/java.lang.reflect.Method.invoke(Method.java:565) ~[na:na]
	at org.springframework.orm.jpa.ExtendedEntityManagerCreator$ExtendedEntityManagerInvocationHandler.invoke(ExtendedEntityManagerCreator.java:362) ~[spring-orm-5.3.22.jar:5.3.22]
	at jdk.proxy2/jdk.proxy2.$Proxy103.persist(Unknown Source) ~[na:na]
	at java.base/jdk.internal.reflect.DirectMethodHandleAccessor.invoke(DirectMethodHandleAccessor.java:104) ~[na:na]
	at java.base/java.lang.reflect.Method.invoke(Method.java:565) ~[na:na]
	at org.springframework.orm.jpa.SharedEntityManagerCreator$SharedEntityManagerInvocationHandler.invoke(SharedEntityManagerCreator.java:311) ~[spring-orm-5.3.22.jar:5.3.22]
	at jdk.proxy2/jdk.proxy2.$Proxy103.persist(Unknown Source) ~[na:na]
	at org.springframework.data.jpa.repository.support.SimpleJpaRepository.save(SimpleJpaRepository.java:666) ~[spring-data-jpa-2.7.2.jar:2.7.2]
	at java.base/jdk.internal.reflect.DirectMethodHandleAccessor.invoke(DirectMethodHandleAccessor.java:104) ~[na:na]
	at java.base/java.lang.reflect.Method.invoke(Method.java:565) ~[na:na]
	at org.springframework.data.repository.core.support.RepositoryMethodInvoker$RepositoryFragmentMethodInvoker.lambda$new$0(RepositoryMethodInvoker.java:289) ~[spring-data-commons-2.7.2.jar:2.7.2]
	at org.springframework.data.repository.core.support.RepositoryMethodInvoker.doInvoke(RepositoryMethodInvoker.java:137) ~[spring-data-commons-2.7.2.jar:2.7.2]
	at org.springframework.data.repository.core.support.RepositoryMethodInvoker.invoke(RepositoryMethodInvoker.java:121) ~[spring-data-commons-2.7.2.jar:2.7.2]
	at org.springframework.data.repository.core.support.RepositoryComposition$RepositoryFragments.invoke(RepositoryComposition.java:530) ~[spring-data-commons-2.7.2.jar:2.7.2]
	at org.springframework.data.repository.core.support.RepositoryComposition.invoke(RepositoryComposition.java:286) ~[spring-data-commons-2.7.2.jar:2.7.2]
	at org.springframework.data.repository.core.support.RepositoryFactorySupport$ImplementationMethodExecutionInterceptor.invoke(RepositoryFactorySupport.java:640) ~[spring-data-commons-2.7.2.jar:2.7.2]
	at org.springframework.aop.framework.ReflectiveMethodInvocation.proceed(ReflectiveMethodInvocation.java:186) ~[spring-aop-5.3.22.jar:5.3.22]
	at org.springframework.data.repository.core.support.QueryExecutorMethodInterceptor.doInvoke(QueryExecutorMethodInterceptor.java:164) ~[spring-data-commons-2.7.2.jar:2.7.2]
	at org.springframework.data.repository.core.support.QueryExecutorMethodInterceptor.invoke(QueryExecutorMethodInterceptor.java:139) ~[spring-data-commons-2.7.2.jar:2.7.2]
	at org.springframework.aop.framework.ReflectiveMethodInvocation.proceed(ReflectiveMethodInvocation.java:186) ~[spring-aop-5.3.22.jar:5.3.22]
	at org.springframework.data.projection.DefaultMethodInvokingMethodInterceptor.invoke(DefaultMethodInvokingMethodInterceptor.java:81) ~[spring-data-commons-2.7.2.jar:2.7.2]
	at org.springframework.aop.framework.ReflectiveMethodInvocation.proceed(ReflectiveMethodInvocation.java:186) ~[spring-aop-5.3.22.jar:5.3.22]
	at org.springframework.transaction.interceptor.TransactionInterceptor$1.proceedWithInvocation(TransactionInterceptor.java:123) ~[spring-tx-5.3.22.jar:5.3.22]
	at org.springframework.transaction.interceptor.TransactionAspectSupport.invokeWithinTransaction(TransactionAspectSupport.java:388) ~[spring-tx-5.3.22.jar:5.3.22]
	at org.springframework.transaction.interceptor.TransactionInterceptor.invoke(TransactionInterceptor.java:119) ~[spring-tx-5.3.22.jar:5.3.22]
	at org.springframework.aop.framework.ReflectiveMethodInvocation.proceed(ReflectiveMethodInvocation.java:186) ~[spring-aop-5.3.22.jar:5.3.22]
	at org.springframework.dao.support.PersistenceExceptionTranslationInterceptor.invoke(PersistenceExceptionTranslationInterceptor.java:137) ~[spring-tx-5.3.22.jar:5.3.22]
	at org.springframework.aop.framework.ReflectiveMethodInvocation.proceed(ReflectiveMethodInvocation.java:186) ~[spring-aop-5.3.22.jar:5.3.22]
	at org.springframework.data.jpa.repository.support.CrudMethodMetadataPostProcessor$CrudMethodMetadataPopulatingMethodInterceptor.invoke(CrudMethodMetadataPostProcessor.java:174) ~[spring-data-jpa-2.7.2.jar:2.7.2]
	at org.springframework.aop.framework.ReflectiveMethodInvocation.proceed(ReflectiveMethodInvocation.java:186) ~[spring-aop-5.3.22.jar:5.3.22]
	at org.springframework.aop.interceptor.ExposeInvocationInterceptor.invoke(ExposeInvocationInterceptor.java:97) ~[spring-aop-5.3.22.jar:5.3.22]
	at org.springframework.aop.framework.ReflectiveMethodInvocation.proceed(ReflectiveMethodInvocation.java:186) ~[spring-aop-5.3.22.jar:5.3.22]
	at org.springframework.aop.framework.JdkDynamicAopProxy.invoke(JdkDynamicAopProxy.java:215) ~[spring-aop-5.3.22.jar:5.3.22]
	at jdk.proxy2/jdk.proxy2.$Proxy107.save(Unknown Source) ~[na:na]
	at com.chuwa.redbook.service.impl.PostServiceImpl.createPost(PostServiceImpl.java:46) ~[classes/:na]
	at com.chuwa.redbook.controller.PostController.createPost(PostController.java:25) ~[classes/:na]
	at java.base/jdk.internal.reflect.DirectMethodHandleAccessor.invoke(DirectMethodHandleAccessor.java:104) ~[na:na]
	at java.base/java.lang.reflect.Method.invoke(Method.java:565) ~[na:na]
	at org.springframework.web.method.support.InvocableHandlerMethod.doInvoke(InvocableHandlerMethod.java:205) ~[spring-web-5.3.22.jar:5.3.22]
	at org.springframework.web.method.support.InvocableHandlerMethod.invokeForRequest(InvocableHandlerMethod.java:150) ~[spring-web-5.3.22.jar:5.3.22]
	at org.springframework.web.servlet.mvc.method.annotation.ServletInvocableHandlerMethod.invokeAndHandle(ServletInvocableHandlerMethod.java:117) ~[spring-webmvc-5.3.22.jar:5.3.22]
	at org.springframework.web.servlet.mvc.method.annotation.RequestMappingHandlerAdapter.invokeHandlerMethod(RequestMappingHandlerAdapter.java:895) ~[spring-webmvc-5.3.22.jar:5.3.22]
	at org.springframework.web.servlet.mvc.method.annotation.RequestMappingHandlerAdapter.handleInternal(RequestMappingHandlerAdapter.java:808) ~[spring-webmvc-5.3.22.jar:5.3.22]
	at org.springframework.web.servlet.mvc.method.AbstractHandlerMethodAdapter.handle(AbstractHandlerMethodAdapter.java:87) ~[spring-webmvc-5.3.22.jar:5.3.22]
	at org.springframework.web.servlet.DispatcherServlet.doDispatch(DispatcherServlet.java:1070) ~[spring-webmvc-5.3.22.jar:5.3.22]
	at org.springframework.web.servlet.DispatcherServlet.doService(DispatcherServlet.java:963) ~[spring-webmvc-5.3.22.jar:5.3.22]
	at org.springframework.web.servlet.FrameworkServlet.processRequest(FrameworkServlet.java:1006) ~[spring-webmvc-5.3.22.jar:5.3.22]
	at org.springframework.web.servlet.FrameworkServlet.doPost(FrameworkServlet.java:909) ~[spring-webmvc-5.3.22.jar:5.3.22]
	at javax.servlet.http.HttpServlet.service(HttpServlet.java:681) ~[tomcat-embed-core-9.0.65.jar:4.0.FR]
	at org.springframework.web.servlet.FrameworkServlet.service(FrameworkServlet.java:883) ~[spring-webmvc-5.3.22.jar:5.3.22]
	at javax.servlet.http.HttpServlet.service(HttpServlet.java:764) ~[tomcat-embed-core-9.0.65.jar:4.0.FR]
	at org.apache.catalina.core.ApplicationFilterChain.internalDoFilter(ApplicationFilterChain.java:227) ~[tomcat-embed-core-9.0.65.jar:9.0.65]
	at org.apache.catalina.core.ApplicationFilterChain.doFilter(ApplicationFilterChain.java:162) ~[tomcat-embed-core-9.0.65.jar:9.0.65]
	at org.apache.tomcat.websocket.server.WsFilter.doFilter(WsFilter.java:53) ~[tomcat-embed-websocket-9.0.65.jar:9.0.65]
	at org.apache.catalina.core.ApplicationFilterChain.internalDoFilter(ApplicationFilterChain.java:189) ~[tomcat-embed-core-9.0.65.jar:9.0.65]
	at org.apache.catalina.core.ApplicationFilterChain.doFilter(ApplicationFilterChain.java:162) ~[tomcat-embed-core-9.0.65.jar:9.0.65]
	at org.springframework.web.filter.RequestContextFilter.doFilterInternal(RequestContextFilter.java:100) ~[spring-web-5.3.22.jar:5.3.22]
	at org.springframework.web.filter.OncePerRequestFilter.doFilter(OncePerRequestFilter.java:117) ~[spring-web-5.3.22.jar:5.3.22]
	at org.apache.catalina.core.ApplicationFilterChain.internalDoFilter(ApplicationFilterChain.java:189) ~[tomcat-embed-core-9.0.65.jar:9.0.65]
	at org.apache.catalina.core.ApplicationFilterChain.doFilter(ApplicationFilterChain.java:162) ~[tomcat-embed-core-9.0.65.jar:9.0.65]
	at org.springframework.web.filter.FormContentFilter.doFilterInternal(FormContentFilter.java:93) ~[spring-web-5.3.22.jar:5.3.22]
	at org.springframework.web.filter.OncePerRequestFilter.doFilter(OncePerRequestFilter.java:117) ~[spring-web-5.3.22.jar:5.3.22]
	at org.apache.catalina.core.ApplicationFilterChain.internalDoFilter(ApplicationFilterChain.java:189) ~[tomcat-embed-core-9.0.65.jar:9.0.65]
	at org.apache.catalina.core.ApplicationFilterChain.doFilter(ApplicationFilterChain.java:162) ~[tomcat-embed-core-9.0.65.jar:9.0.65]
	at org.springframework.web.filter.CharacterEncodingFilter.doFilterInternal(CharacterEncodingFilter.java:201) ~[spring-web-5.3.22.jar:5.3.22]
	at org.springframework.web.filter.OncePerRequestFilter.doFilter(OncePerRequestFilter.java:117) ~[spring-web-5.3.22.jar:5.3.22]
	at org.apache.catalina.core.ApplicationFilterChain.internalDoFilter(ApplicationFilterChain.java:189) ~[tomcat-embed-core-9.0.65.jar:9.0.65]
	at org.apache.catalina.core.ApplicationFilterChain.doFilter(ApplicationFilterChain.java:162) ~[tomcat-embed-core-9.0.65.jar:9.0.65]
	at org.apache.catalina.core.StandardWrapperValve.invoke(StandardWrapperValve.java:197) ~[tomcat-embed-core-9.0.65.jar:9.0.65]
	at org.apache.catalina.core.StandardContextValve.invoke(StandardContextValve.java:97) ~[tomcat-embed-core-9.0.65.jar:9.0.65]
	at org.apache.catalina.authenticator.AuthenticatorBase.invoke(AuthenticatorBase.java:541) ~[tomcat-embed-core-9.0.65.jar:9.0.65]
	at org.apache.catalina.core.StandardHostValve.invoke(StandardHostValve.java:135) ~[tomcat-embed-core-9.0.65.jar:9.0.65]
	at org.apache.catalina.valves.ErrorReportValve.invoke(ErrorReportValve.java:92) ~[tomcat-embed-core-9.0.65.jar:9.0.65]
	at org.apache.catalina.core.StandardEngineValve.invoke(StandardEngineValve.java:78) ~[tomcat-embed-core-9.0.65.jar:9.0.65]
	at org.apache.catalina.connector.CoyoteAdapter.service(CoyoteAdapter.java:360) ~[tomcat-embed-core-9.0.65.jar:9.0.65]
	at org.apache.coyote.http11.Http11Processor.service(Http11Processor.java:399) ~[tomcat-embed-core-9.0.65.jar:9.0.65]
	at org.apache.coyote.AbstractProcessorLight.process(AbstractProcessorLight.java:65) ~[tomcat-embed-core-9.0.65.jar:9.0.65]
	at org.apache.coyote.AbstractProtocol$ConnectionHandler.process(AbstractProtocol.java:890) ~[tomcat-embed-core-9.0.65.jar:9.0.65]
	at org.apache.tomcat.util.net.NioEndpoint$SocketProcessor.doRun(NioEndpoint.java:1789) ~[tomcat-embed-core-9.0.65.jar:9.0.65]
	at org.apache.tomcat.util.net.SocketProcessorBase.run(SocketProcessorBase.java:49) ~[tomcat-embed-core-9.0.65.jar:9.0.65]
	at org.apache.tomcat.util.threads.ThreadPoolExecutor.runWorker(ThreadPoolExecutor.java:1191) ~[tomcat-embed-core-9.0.65.jar:9.0.65]
	at org.apache.tomcat.util.threads.ThreadPoolExecutor$Worker.run(ThreadPoolExecutor.java:659) ~[tomcat-embed-core-9.0.65.jar:9.0.65]
	at org.apache.tomcat.util.threads.TaskThread$WrappingRunnable.run(TaskThread.java:61) ~[tomcat-embed-core-9.0.65.jar:9.0.65]
	at java.base/java.lang.Thread.run(Thread.java:1447) ~[na:na]

Hibernate: 
    insert 
    into
        posts
        (id, content, create_date_time, description, title, update_date_time) 
    values
        (default, ?, ?, ?, ?, ?)
[2m2025-07-08 13:10:32.307[0;39m [33m WARN[0;39m [35m40136[0;39m [2m---[0;39m [2m[nio-8080-exec-2][0;39m [36mo.h.engine.jdbc.spi.SqlExceptionHelper  [0;39m [2m:[0;39m SQL Error: 23505, SQLState: 23505
[2m2025-07-08 13:10:32.308[0;39m [31mERROR[0;39m [35m40136[0;39m [2m---[0;39m [2m[nio-8080-exec-2][0;39m [36mo.h.engine.jdbc.spi.SqlExceptionHelper  [0;39m [2m:[0;39m Unique index or primary key violation: "PUBLIC.UKMCHCE1GM7F6OTPPHXD6IXSDPS_INDEX_4 ON PUBLIC.POSTS(TITLE NULLS FIRST) VALUES ( /* 5 */ 'New Post Title' )"; SQL statement:
insert into posts (id, content, create_date_time, description, title, update_date_time) values (default, ?, ?, ?, ?, ?) [23505-214]
[2m2025-07-08 13:10:32.310[0;39m [31mERROR[0;39m [35m40136[0;39m [2m---[0;39m [2m[nio-8080-exec-2][0;39m [36mo.a.c.c.C.[.[.[/].[dispatcherServlet]   [0;39m [2m:[0;39m Servlet.service() for servlet [dispatcherServlet] in context with path [] threw exception [Request processing failed; nested exception is org.springframework.dao.DataIntegrityViolationException: could not execute statement; SQL [n/a]; constraint ["PUBLIC.UKMCHCE1GM7F6OTPPHXD6IXSDPS_INDEX_4 ON PUBLIC.POSTS(TITLE NULLS FIRST) VALUES ( /* 5 */ 'New Post Title' )"; SQL statement:
insert into posts (id, content, create_date_time, description, title, update_date_time) values (default, ?, ?, ?, ?, ?) [23505-214]]; nested exception is org.hibernate.exception.ConstraintViolationException: could not execute statement] with root cause

org.h2.jdbc.JdbcSQLIntegrityConstraintViolationException: Unique index or primary key violation: "PUBLIC.UKMCHCE1GM7F6OTPPHXD6IXSDPS_INDEX_4 ON PUBLIC.POSTS(TITLE NULLS FIRST) VALUES ( /* 5 */ 'New Post Title' )"; SQL statement:
insert into posts (id, content, create_date_time, description, title, update_date_time) values (default, ?, ?, ?, ?, ?) [23505-214]
	at org.h2.message.DbException.getJdbcSQLException(DbException.java:508) ~[h2-2.1.214.jar:2.1.214]
	at org.h2.message.DbException.getJdbcSQLException(DbException.java:477) ~[h2-2.1.214.jar:2.1.214]
	at org.h2.message.DbException.get(DbException.java:223) ~[h2-2.1.214.jar:2.1.214]
	at org.h2.message.DbException.get(DbException.java:199) ~[h2-2.1.214.jar:2.1.214]
	at org.h2.index.Index.getDuplicateKeyException(Index.java:525) ~[h2-2.1.214.jar:2.1.214]
	at org.h2.mvstore.db.MVSecondaryIndex.checkUnique(MVSecondaryIndex.java:223) ~[h2-2.1.214.jar:2.1.214]
	at org.h2.mvstore.db.MVSecondaryIndex.add(MVSecondaryIndex.java:184) ~[h2-2.1.214.jar:2.1.214]
	at org.h2.mvstore.db.MVTable.addRow(MVTable.java:519) ~[h2-2.1.214.jar:2.1.214]
	at org.h2.command.dml.Insert.insertRows(Insert.java:174) ~[h2-2.1.214.jar:2.1.214]
	at org.h2.command.dml.Insert.update(Insert.java:135) ~[h2-2.1.214.jar:2.1.214]
	at org.h2.command.CommandContainer.executeUpdateWithGeneratedKeys(CommandContainer.java:242) ~[h2-2.1.214.jar:2.1.214]
	at org.h2.command.CommandContainer.update(CommandContainer.java:163) ~[h2-2.1.214.jar:2.1.214]
	at org.h2.command.Command.executeUpdate(Command.java:252) ~[h2-2.1.214.jar:2.1.214]
	at org.h2.jdbc.JdbcPreparedStatement.executeUpdateInternal(JdbcPreparedStatement.java:209) ~[h2-2.1.214.jar:2.1.214]
	at org.h2.jdbc.JdbcPreparedStatement.executeUpdate(JdbcPreparedStatement.java:169) ~[h2-2.1.214.jar:2.1.214]
	at com.zaxxer.hikari.pool.ProxyPreparedStatement.executeUpdate(ProxyPreparedStatement.java:61) ~[HikariCP-4.0.3.jar:na]
	at com.zaxxer.hikari.pool.HikariProxyPreparedStatement.executeUpdate(HikariProxyPreparedStatement.java) ~[HikariCP-4.0.3.jar:na]
	at org.hibernate.engine.jdbc.internal.ResultSetReturnImpl.executeUpdate(ResultSetReturnImpl.java:197) ~[hibernate-core-5.6.10.Final.jar:5.6.10.Final]
	at org.hibernate.dialect.identity.GetGeneratedKeysDelegate.executeAndExtract(GetGeneratedKeysDelegate.java:58) ~[hibernate-core-5.6.10.Final.jar:5.6.10.Final]
	at org.hibernate.id.insert.AbstractReturningDelegate.performInsert(AbstractReturningDelegate.java:43) ~[hibernate-core-5.6.10.Final.jar:5.6.10.Final]
	at org.hibernate.persister.entity.AbstractEntityPersister.insert(AbstractEntityPersister.java:3279) ~[hibernate-core-5.6.10.Final.jar:5.6.10.Final]
	at org.hibernate.persister.entity.AbstractEntityPersister.insert(AbstractEntityPersister.java:3885) ~[hibernate-core-5.6.10.Final.jar:5.6.10.Final]
	at org.hibernate.action.internal.EntityIdentityInsertAction.execute(EntityIdentityInsertAction.java:84) ~[hibernate-core-5.6.10.Final.jar:5.6.10.Final]
	at org.hibernate.engine.spi.ActionQueue.execute(ActionQueue.java:645) ~[hibernate-core-5.6.10.Final.jar:5.6.10.Final]
	at org.hibernate.engine.spi.ActionQueue.addResolvedEntityInsertAction(ActionQueue.java:282) ~[hibernate-core-5.6.10.Final.jar:5.6.10.Final]
	at org.hibernate.engine.spi.ActionQueue.addInsertAction(ActionQueue.java:263) ~[hibernate-core-5.6.10.Final.jar:5.6.10.Final]
	at org.hibernate.engine.spi.ActionQueue.addAction(ActionQueue.java:317) ~[hibernate-core-5.6.10.Final.jar:5.6.10.Final]
	at org.hibernate.event.internal.AbstractSaveEventListener.addInsertAction(AbstractSaveEventListener.java:330) ~[hibernate-core-5.6.10.Final.jar:5.6.10.Final]
	at org.hibernate.event.internal.AbstractSaveEventListener.performSaveOrReplicate(AbstractSaveEventListener.java:287) ~[hibernate-core-5.6.10.Final.jar:5.6.10.Final]
	at org.hibernate.event.internal.AbstractSaveEventListener.performSave(AbstractSaveEventListener.java:193) ~[hibernate-core-5.6.10.Final.jar:5.6.10.Final]
	at org.hibernate.event.internal.AbstractSaveEventListener.saveWithGeneratedId(AbstractSaveEventListener.java:123) ~[hibernate-core-5.6.10.Final.jar:5.6.10.Final]
	at org.hibernate.event.internal.DefaultPersistEventListener.entityIsTransient(DefaultPersistEventListener.java:185) ~[hibernate-core-5.6.10.Final.jar:5.6.10.Final]
	at org.hibernate.event.internal.DefaultPersistEventListener.onPersist(DefaultPersistEventListener.java:128) ~[hibernate-core-5.6.10.Final.jar:5.6.10.Final]
	at org.hibernate.event.internal.DefaultPersistEventListener.onPersist(DefaultPersistEventListener.java:55) ~[hibernate-core-5.6.10.Final.jar:5.6.10.Final]
	at org.hibernate.event.service.internal.EventListenerGroupImpl.fireEventOnEachListener(EventListenerGroupImpl.java:107) ~[hibernate-core-5.6.10.Final.jar:5.6.10.Final]
	at org.hibernate.internal.SessionImpl.firePersist(SessionImpl.java:756) ~[hibernate-core-5.6.10.Final.jar:5.6.10.Final]
	at org.hibernate.internal.SessionImpl.persist(SessionImpl.java:742) ~[hibernate-core-5.6.10.Final.jar:5.6.10.Final]
	at java.base/jdk.internal.reflect.DirectMethodHandleAccessor.invoke(DirectMethodHandleAccessor.java:104) ~[na:na]
	at java.base/java.lang.reflect.Method.invoke(Method.java:565) ~[na:na]
	at org.springframework.orm.jpa.ExtendedEntityManagerCreator$ExtendedEntityManagerInvocationHandler.invoke(ExtendedEntityManagerCreator.java:362) ~[spring-orm-5.3.22.jar:5.3.22]
	at jdk.proxy2/jdk.proxy2.$Proxy103.persist(Unknown Source) ~[na:na]
	at java.base/jdk.internal.reflect.DirectMethodHandleAccessor.invoke(DirectMethodHandleAccessor.java:104) ~[na:na]
	at java.base/java.lang.reflect.Method.invoke(Method.java:565) ~[na:na]
	at org.springframework.orm.jpa.SharedEntityManagerCreator$SharedEntityManagerInvocationHandler.invoke(SharedEntityManagerCreator.java:311) ~[spring-orm-5.3.22.jar:5.3.22]
	at jdk.proxy2/jdk.proxy2.$Proxy103.persist(Unknown Source) ~[na:na]
	at org.springframework.data.jpa.repository.support.SimpleJpaRepository.save(SimpleJpaRepository.java:666) ~[spring-data-jpa-2.7.2.jar:2.7.2]
	at java.base/jdk.internal.reflect.DirectMethodHandleAccessor.invoke(DirectMethodHandleAccessor.java:104) ~[na:na]
	at java.base/java.lang.reflect.Method.invoke(Method.java:565) ~[na:na]
	at org.springframework.data.repository.core.support.RepositoryMethodInvoker$RepositoryFragmentMethodInvoker.lambda$new$0(RepositoryMethodInvoker.java:289) ~[spring-data-commons-2.7.2.jar:2.7.2]
	at org.springframework.data.repository.core.support.RepositoryMethodInvoker.doInvoke(RepositoryMethodInvoker.java:137) ~[spring-data-commons-2.7.2.jar:2.7.2]
	at org.springframework.data.repository.core.support.RepositoryMethodInvoker.invoke(RepositoryMethodInvoker.java:121) ~[spring-data-commons-2.7.2.jar:2.7.2]
	at org.springframework.data.repository.core.support.RepositoryComposition$RepositoryFragments.invoke(RepositoryComposition.java:530) ~[spring-data-commons-2.7.2.jar:2.7.2]
	at org.springframework.data.repository.core.support.RepositoryComposition.invoke(RepositoryComposition.java:286) ~[spring-data-commons-2.7.2.jar:2.7.2]
	at org.springframework.data.repository.core.support.RepositoryFactorySupport$ImplementationMethodExecutionInterceptor.invoke(RepositoryFactorySupport.java:640) ~[spring-data-commons-2.7.2.jar:2.7.2]
	at org.springframework.aop.framework.ReflectiveMethodInvocation.proceed(ReflectiveMethodInvocation.java:186) ~[spring-aop-5.3.22.jar:5.3.22]
	at org.springframework.data.repository.core.support.QueryExecutorMethodInterceptor.doInvoke(QueryExecutorMethodInterceptor.java:164) ~[spring-data-commons-2.7.2.jar:2.7.2]
	at org.springframework.data.repository.core.support.QueryExecutorMethodInterceptor.invoke(QueryExecutorMethodInterceptor.java:139) ~[spring-data-commons-2.7.2.jar:2.7.2]
	at org.springframework.aop.framework.ReflectiveMethodInvocation.proceed(ReflectiveMethodInvocation.java:186) ~[spring-aop-5.3.22.jar:5.3.22]
	at org.springframework.data.projection.DefaultMethodInvokingMethodInterceptor.invoke(DefaultMethodInvokingMethodInterceptor.java:81) ~[spring-data-commons-2.7.2.jar:2.7.2]
	at org.springframework.aop.framework.ReflectiveMethodInvocation.proceed(ReflectiveMethodInvocation.java:186) ~[spring-aop-5.3.22.jar:5.3.22]
	at org.springframework.transaction.interceptor.TransactionInterceptor$1.proceedWithInvocation(TransactionInterceptor.java:123) ~[spring-tx-5.3.22.jar:5.3.22]
	at org.springframework.transaction.interceptor.TransactionAspectSupport.invokeWithinTransaction(TransactionAspectSupport.java:388) ~[spring-tx-5.3.22.jar:5.3.22]
	at org.springframework.transaction.interceptor.TransactionInterceptor.invoke(TransactionInterceptor.java:119) ~[spring-tx-5.3.22.jar:5.3.22]
	at org.springframework.aop.framework.ReflectiveMethodInvocation.proceed(ReflectiveMethodInvocation.java:186) ~[spring-aop-5.3.22.jar:5.3.22]
	at org.springframework.dao.support.PersistenceExceptionTranslationInterceptor.invoke(PersistenceExceptionTranslationInterceptor.java:137) ~[spring-tx-5.3.22.jar:5.3.22]
	at org.springframework.aop.framework.ReflectiveMethodInvocation.proceed(ReflectiveMethodInvocation.java:186) ~[spring-aop-5.3.22.jar:5.3.22]
	at org.springframework.data.jpa.repository.support.CrudMethodMetadataPostProcessor$CrudMethodMetadataPopulatingMethodInterceptor.invoke(CrudMethodMetadataPostProcessor.java:174) ~[spring-data-jpa-2.7.2.jar:2.7.2]
	at org.springframework.aop.framework.ReflectiveMethodInvocation.proceed(ReflectiveMethodInvocation.java:186) ~[spring-aop-5.3.22.jar:5.3.22]
	at org.springframework.aop.interceptor.ExposeInvocationInterceptor.invoke(ExposeInvocationInterceptor.java:97) ~[spring-aop-5.3.22.jar:5.3.22]
	at org.springframework.aop.framework.ReflectiveMethodInvocation.proceed(ReflectiveMethodInvocation.java:186) ~[spring-aop-5.3.22.jar:5.3.22]
	at org.springframework.aop.framework.JdkDynamicAopProxy.invoke(JdkDynamicAopProxy.java:215) ~[spring-aop-5.3.22.jar:5.3.22]
	at jdk.proxy2/jdk.proxy2.$Proxy107.save(Unknown Source) ~[na:na]
	at com.chuwa.redbook.service.impl.PostServiceImpl.createPost(PostServiceImpl.java:46) ~[classes/:na]
	at com.chuwa.redbook.controller.PostController.createPost(PostController.java:25) ~[classes/:na]
	at java.base/jdk.internal.reflect.DirectMethodHandleAccessor.invoke(DirectMethodHandleAccessor.java:104) ~[na:na]
	at java.base/java.lang.reflect.Method.invoke(Method.java:565) ~[na:na]
	at org.springframework.web.method.support.InvocableHandlerMethod.doInvoke(InvocableHandlerMethod.java:205) ~[spring-web-5.3.22.jar:5.3.22]
	at org.springframework.web.method.support.InvocableHandlerMethod.invokeForRequest(InvocableHandlerMethod.java:150) ~[spring-web-5.3.22.jar:5.3.22]
	at org.springframework.web.servlet.mvc.method.annotation.ServletInvocableHandlerMethod.invokeAndHandle(ServletInvocableHandlerMethod.java:117) ~[spring-webmvc-5.3.22.jar:5.3.22]
	at org.springframework.web.servlet.mvc.method.annotation.RequestMappingHandlerAdapter.invokeHandlerMethod(RequestMappingHandlerAdapter.java:895) ~[spring-webmvc-5.3.22.jar:5.3.22]
	at org.springframework.web.servlet.mvc.method.annotation.RequestMappingHandlerAdapter.handleInternal(RequestMappingHandlerAdapter.java:808) ~[spring-webmvc-5.3.22.jar:5.3.22]
	at org.springframework.web.servlet.mvc.method.AbstractHandlerMethodAdapter.handle(AbstractHandlerMethodAdapter.java:87) ~[spring-webmvc-5.3.22.jar:5.3.22]
	at org.springframework.web.servlet.DispatcherServlet.doDispatch(DispatcherServlet.java:1070) ~[spring-webmvc-5.3.22.jar:5.3.22]
	at org.springframework.web.servlet.DispatcherServlet.doService(DispatcherServlet.java:963) ~[spring-webmvc-5.3.22.jar:5.3.22]
	at org.springframework.web.servlet.FrameworkServlet.processRequest(FrameworkServlet.java:1006) ~[spring-webmvc-5.3.22.jar:5.3.22]
	at org.springframework.web.servlet.FrameworkServlet.doPost(FrameworkServlet.java:909) ~[spring-webmvc-5.3.22.jar:5.3.22]
	at javax.servlet.http.HttpServlet.service(HttpServlet.java:681) ~[tomcat-embed-core-9.0.65.jar:4.0.FR]
	at org.springframework.web.servlet.FrameworkServlet.service(FrameworkServlet.java:883) ~[spring-webmvc-5.3.22.jar:5.3.22]
	at javax.servlet.http.HttpServlet.service(HttpServlet.java:764) ~[tomcat-embed-core-9.0.65.jar:4.0.FR]
	at org.apache.catalina.core.ApplicationFilterChain.internalDoFilter(ApplicationFilterChain.java:227) ~[tomcat-embed-core-9.0.65.jar:9.0.65]
	at org.apache.catalina.core.ApplicationFilterChain.doFilter(ApplicationFilterChain.java:162) ~[tomcat-embed-core-9.0.65.jar:9.0.65]
	at org.apache.tomcat.websocket.server.WsFilter.doFilter(WsFilter.java:53) ~[tomcat-embed-websocket-9.0.65.jar:9.0.65]
	at org.apache.catalina.core.ApplicationFilterChain.internalDoFilter(ApplicationFilterChain.java:189) ~[tomcat-embed-core-9.0.65.jar:9.0.65]
	at org.apache.catalina.core.ApplicationFilterChain.doFilter(ApplicationFilterChain.java:162) ~[tomcat-embed-core-9.0.65.jar:9.0.65]
	at org.springframework.web.filter.RequestContextFilter.doFilterInternal(RequestContextFilter.java:100) ~[spring-web-5.3.22.jar:5.3.22]
	at org.springframework.web.filter.OncePerRequestFilter.doFilter(OncePerRequestFilter.java:117) ~[spring-web-5.3.22.jar:5.3.22]
	at org.apache.catalina.core.ApplicationFilterChain.internalDoFilter(ApplicationFilterChain.java:189) ~[tomcat-embed-core-9.0.65.jar:9.0.65]
	at org.apache.catalina.core.ApplicationFilterChain.doFilter(ApplicationFilterChain.java:162) ~[tomcat-embed-core-9.0.65.jar:9.0.65]
	at org.springframework.web.filter.FormContentFilter.doFilterInternal(FormContentFilter.java:93) ~[spring-web-5.3.22.jar:5.3.22]
	at org.springframework.web.filter.OncePerRequestFilter.doFilter(OncePerRequestFilter.java:117) ~[spring-web-5.3.22.jar:5.3.22]
	at org.apache.catalina.core.ApplicationFilterChain.internalDoFilter(ApplicationFilterChain.java:189) ~[tomcat-embed-core-9.0.65.jar:9.0.65]
	at org.apache.catalina.core.ApplicationFilterChain.doFilter(ApplicationFilterChain.java:162) ~[tomcat-embed-core-9.0.65.jar:9.0.65]
	at org.springframework.web.filter.CharacterEncodingFilter.doFilterInternal(CharacterEncodingFilter.java:201) ~[spring-web-5.3.22.jar:5.3.22]
	at org.springframework.web.filter.OncePerRequestFilter.doFilter(OncePerRequestFilter.java:117) ~[spring-web-5.3.22.jar:5.3.22]
	at org.apache.catalina.core.ApplicationFilterChain.internalDoFilter(ApplicationFilterChain.java:189) ~[tomcat-embed-core-9.0.65.jar:9.0.65]
	at org.apache.catalina.core.ApplicationFilterChain.doFilter(ApplicationFilterChain.java:162) ~[tomcat-embed-core-9.0.65.jar:9.0.65]
	at org.apache.catalina.core.StandardWrapperValve.invoke(StandardWrapperValve.java:197) ~[tomcat-embed-core-9.0.65.jar:9.0.65]
	at org.apache.catalina.core.StandardContextValve.invoke(StandardContextValve.java:97) ~[tomcat-embed-core-9.0.65.jar:9.0.65]
	at org.apache.catalina.authenticator.AuthenticatorBase.invoke(AuthenticatorBase.java:541) ~[tomcat-embed-core-9.0.65.jar:9.0.65]
	at org.apache.catalina.core.StandardHostValve.invoke(StandardHostValve.java:135) ~[tomcat-embed-core-9.0.65.jar:9.0.65]
	at org.apache.catalina.valves.ErrorReportValve.invoke(ErrorReportValve.java:92) ~[tomcat-embed-core-9.0.65.jar:9.0.65]
	at org.apache.catalina.core.StandardEngineValve.invoke(StandardEngineValve.java:78) ~[tomcat-embed-core-9.0.65.jar:9.0.65]
	at org.apache.catalina.connector.CoyoteAdapter.service(CoyoteAdapter.java:360) ~[tomcat-embed-core-9.0.65.jar:9.0.65]
	at org.apache.coyote.http11.Http11Processor.service(Http11Processor.java:399) ~[tomcat-embed-core-9.0.65.jar:9.0.65]
	at org.apache.coyote.AbstractProcessorLight.process(AbstractProcessorLight.java:65) ~[tomcat-embed-core-9.0.65.jar:9.0.65]
	at org.apache.coyote.AbstractProtocol$ConnectionHandler.process(AbstractProtocol.java:890) ~[tomcat-embed-core-9.0.65.jar:9.0.65]
	at org.apache.tomcat.util.net.NioEndpoint$SocketProcessor.doRun(NioEndpoint.java:1789) ~[tomcat-embed-core-9.0.65.jar:9.0.65]
	at org.apache.tomcat.util.net.SocketProcessorBase.run(SocketProcessorBase.java:49) ~[tomcat-embed-core-9.0.65.jar:9.0.65]
	at org.apache.tomcat.util.threads.ThreadPoolExecutor.runWorker(ThreadPoolExecutor.java:1191) ~[tomcat-embed-core-9.0.65.jar:9.0.65]
	at org.apache.tomcat.util.threads.ThreadPoolExecutor$Worker.run(ThreadPoolExecutor.java:659) ~[tomcat-embed-core-9.0.65.jar:9.0.65]
	at org.apache.tomcat.util.threads.TaskThread$WrappingRunnable.run(TaskThread.java:61) ~[tomcat-embed-core-9.0.65.jar:9.0.65]
	at java.base/java.lang.Thread.run(Thread.java:1447) ~[na:na]

Hibernate: 
    insert 
    into
        posts
        (id, content, create_date_time, description, title, update_date_time) 
    values
        (default, ?, ?, ?, ?, ?)
[2m2025-07-08 13:10:34.125[0;39m [33m WARN[0;39m [35m40136[0;39m [2m---[0;39m [2m[nio-8080-exec-1][0;39m [36mo.h.engine.jdbc.spi.SqlExceptionHelper  [0;39m [2m:[0;39m SQL Error: 23505, SQLState: 23505
[2m2025-07-08 13:10:34.126[0;39m [31mERROR[0;39m [35m40136[0;39m [2m---[0;39m [2m[nio-8080-exec-1][0;39m [36mo.h.engine.jdbc.spi.SqlExceptionHelper  [0;39m [2m:[0;39m Unique index or primary key violation: "PUBLIC.UKMCHCE1GM7F6OTPPHXD6IXSDPS_INDEX_4 ON PUBLIC.POSTS(TITLE NULLS FIRST) VALUES ( /* 5 */ 'New Post Title' )"; SQL statement:
insert into posts (id, content, create_date_time, description, title, update_date_time) values (default, ?, ?, ?, ?, ?) [23505-214]
[2m2025-07-08 13:10:34.128[0;39m [31mERROR[0;39m [35m40136[0;39m [2m---[0;39m [2m[nio-8080-exec-1][0;39m [36mo.a.c.c.C.[.[.[/].[dispatcherServlet]   [0;39m [2m:[0;39m Servlet.service() for servlet [dispatcherServlet] in context with path [] threw exception [Request processing failed; nested exception is org.springframework.dao.DataIntegrityViolationException: could not execute statement; SQL [n/a]; constraint ["PUBLIC.UKMCHCE1GM7F6OTPPHXD6IXSDPS_INDEX_4 ON PUBLIC.POSTS(TITLE NULLS FIRST) VALUES ( /* 5 */ 'New Post Title' )"; SQL statement:
insert into posts (id, content, create_date_time, description, title, update_date_time) values (default, ?, ?, ?, ?, ?) [23505-214]]; nested exception is org.hibernate.exception.ConstraintViolationException: could not execute statement] with root cause

org.h2.jdbc.JdbcSQLIntegrityConstraintViolationException: Unique index or primary key violation: "PUBLIC.UKMCHCE1GM7F6OTPPHXD6IXSDPS_INDEX_4 ON PUBLIC.POSTS(TITLE NULLS FIRST) VALUES ( /* 5 */ 'New Post Title' )"; SQL statement:
insert into posts (id, content, create_date_time, description, title, update_date_time) values (default, ?, ?, ?, ?, ?) [23505-214]
	at org.h2.message.DbException.getJdbcSQLException(DbException.java:508) ~[h2-2.1.214.jar:2.1.214]
	at org.h2.message.DbException.getJdbcSQLException(DbException.java:477) ~[h2-2.1.214.jar:2.1.214]
	at org.h2.message.DbException.get(DbException.java:223) ~[h2-2.1.214.jar:2.1.214]
	at org.h2.message.DbException.get(DbException.java:199) ~[h2-2.1.214.jar:2.1.214]
	at org.h2.index.Index.getDuplicateKeyException(Index.java:525) ~[h2-2.1.214.jar:2.1.214]
	at org.h2.mvstore.db.MVSecondaryIndex.checkUnique(MVSecondaryIndex.java:223) ~[h2-2.1.214.jar:2.1.214]
	at org.h2.mvstore.db.MVSecondaryIndex.add(MVSecondaryIndex.java:184) ~[h2-2.1.214.jar:2.1.214]
	at org.h2.mvstore.db.MVTable.addRow(MVTable.java:519) ~[h2-2.1.214.jar:2.1.214]
	at org.h2.command.dml.Insert.insertRows(Insert.java:174) ~[h2-2.1.214.jar:2.1.214]
	at org.h2.command.dml.Insert.update(Insert.java:135) ~[h2-2.1.214.jar:2.1.214]
	at org.h2.command.CommandContainer.executeUpdateWithGeneratedKeys(CommandContainer.java:242) ~[h2-2.1.214.jar:2.1.214]
	at org.h2.command.CommandContainer.update(CommandContainer.java:163) ~[h2-2.1.214.jar:2.1.214]
	at org.h2.command.Command.executeUpdate(Command.java:252) ~[h2-2.1.214.jar:2.1.214]
	at org.h2.jdbc.JdbcPreparedStatement.executeUpdateInternal(JdbcPreparedStatement.java:209) ~[h2-2.1.214.jar:2.1.214]
	at org.h2.jdbc.JdbcPreparedStatement.executeUpdate(JdbcPreparedStatement.java:169) ~[h2-2.1.214.jar:2.1.214]
	at com.zaxxer.hikari.pool.ProxyPreparedStatement.executeUpdate(ProxyPreparedStatement.java:61) ~[HikariCP-4.0.3.jar:na]
	at com.zaxxer.hikari.pool.HikariProxyPreparedStatement.executeUpdate(HikariProxyPreparedStatement.java) ~[HikariCP-4.0.3.jar:na]
	at org.hibernate.engine.jdbc.internal.ResultSetReturnImpl.executeUpdate(ResultSetReturnImpl.java:197) ~[hibernate-core-5.6.10.Final.jar:5.6.10.Final]
	at org.hibernate.dialect.identity.GetGeneratedKeysDelegate.executeAndExtract(GetGeneratedKeysDelegate.java:58) ~[hibernate-core-5.6.10.Final.jar:5.6.10.Final]
	at org.hibernate.id.insert.AbstractReturningDelegate.performInsert(AbstractReturningDelegate.java:43) ~[hibernate-core-5.6.10.Final.jar:5.6.10.Final]
	at org.hibernate.persister.entity.AbstractEntityPersister.insert(AbstractEntityPersister.java:3279) ~[hibernate-core-5.6.10.Final.jar:5.6.10.Final]
	at org.hibernate.persister.entity.AbstractEntityPersister.insert(AbstractEntityPersister.java:3885) ~[hibernate-core-5.6.10.Final.jar:5.6.10.Final]
	at org.hibernate.action.internal.EntityIdentityInsertAction.execute(EntityIdentityInsertAction.java:84) ~[hibernate-core-5.6.10.Final.jar:5.6.10.Final]
	at org.hibernate.engine.spi.ActionQueue.execute(ActionQueue.java:645) ~[hibernate-core-5.6.10.Final.jar:5.6.10.Final]
	at org.hibernate.engine.spi.ActionQueue.addResolvedEntityInsertAction(ActionQueue.java:282) ~[hibernate-core-5.6.10.Final.jar:5.6.10.Final]
	at org.hibernate.engine.spi.ActionQueue.addInsertAction(ActionQueue.java:263) ~[hibernate-core-5.6.10.Final.jar:5.6.10.Final]
	at org.hibernate.engine.spi.ActionQueue.addAction(ActionQueue.java:317) ~[hibernate-core-5.6.10.Final.jar:5.6.10.Final]
	at org.hibernate.event.internal.AbstractSaveEventListener.addInsertAction(AbstractSaveEventListener.java:330) ~[hibernate-core-5.6.10.Final.jar:5.6.10.Final]
	at org.hibernate.event.internal.AbstractSaveEventListener.performSaveOrReplicate(AbstractSaveEventListener.java:287) ~[hibernate-core-5.6.10.Final.jar:5.6.10.Final]
	at org.hibernate.event.internal.AbstractSaveEventListener.performSave(AbstractSaveEventListener.java:193) ~[hibernate-core-5.6.10.Final.jar:5.6.10.Final]
	at org.hibernate.event.internal.AbstractSaveEventListener.saveWithGeneratedId(AbstractSaveEventListener.java:123) ~[hibernate-core-5.6.10.Final.jar:5.6.10.Final]
	at org.hibernate.event.internal.DefaultPersistEventListener.entityIsTransient(DefaultPersistEventListener.java:185) ~[hibernate-core-5.6.10.Final.jar:5.6.10.Final]
	at org.hibernate.event.internal.DefaultPersistEventListener.onPersist(DefaultPersistEventListener.java:128) ~[hibernate-core-5.6.10.Final.jar:5.6.10.Final]
	at org.hibernate.event.internal.DefaultPersistEventListener.onPersist(DefaultPersistEventListener.java:55) ~[hibernate-core-5.6.10.Final.jar:5.6.10.Final]
	at org.hibernate.event.service.internal.EventListenerGroupImpl.fireEventOnEachListener(EventListenerGroupImpl.java:107) ~[hibernate-core-5.6.10.Final.jar:5.6.10.Final]
	at org.hibernate.internal.SessionImpl.firePersist(SessionImpl.java:756) ~[hibernate-core-5.6.10.Final.jar:5.6.10.Final]
	at org.hibernate.internal.SessionImpl.persist(SessionImpl.java:742) ~[hibernate-core-5.6.10.Final.jar:5.6.10.Final]
	at java.base/jdk.internal.reflect.DirectMethodHandleAccessor.invoke(DirectMethodHandleAccessor.java:104) ~[na:na]
	at java.base/java.lang.reflect.Method.invoke(Method.java:565) ~[na:na]
	at org.springframework.orm.jpa.ExtendedEntityManagerCreator$ExtendedEntityManagerInvocationHandler.invoke(ExtendedEntityManagerCreator.java:362) ~[spring-orm-5.3.22.jar:5.3.22]
	at jdk.proxy2/jdk.proxy2.$Proxy103.persist(Unknown Source) ~[na:na]
	at java.base/jdk.internal.reflect.DirectMethodHandleAccessor.invoke(DirectMethodHandleAccessor.java:104) ~[na:na]
	at java.base/java.lang.reflect.Method.invoke(Method.java:565) ~[na:na]
	at org.springframework.orm.jpa.SharedEntityManagerCreator$SharedEntityManagerInvocationHandler.invoke(SharedEntityManagerCreator.java:311) ~[spring-orm-5.3.22.jar:5.3.22]
	at jdk.proxy2/jdk.proxy2.$Proxy103.persist(Unknown Source) ~[na:na]
	at org.springframework.data.jpa.repository.support.SimpleJpaRepository.save(SimpleJpaRepository.java:666) ~[spring-data-jpa-2.7.2.jar:2.7.2]
	at java.base/jdk.internal.reflect.DirectMethodHandleAccessor.invoke(DirectMethodHandleAccessor.java:104) ~[na:na]
	at java.base/java.lang.reflect.Method.invoke(Method.java:565) ~[na:na]
	at org.springframework.data.repository.core.support.RepositoryMethodInvoker$RepositoryFragmentMethodInvoker.lambda$new$0(RepositoryMethodInvoker.java:289) ~[spring-data-commons-2.7.2.jar:2.7.2]
	at org.springframework.data.repository.core.support.RepositoryMethodInvoker.doInvoke(RepositoryMethodInvoker.java:137) ~[spring-data-commons-2.7.2.jar:2.7.2]
	at org.springframework.data.repository.core.support.RepositoryMethodInvoker.invoke(RepositoryMethodInvoker.java:121) ~[spring-data-commons-2.7.2.jar:2.7.2]
	at org.springframework.data.repository.core.support.RepositoryComposition$RepositoryFragments.invoke(RepositoryComposition.java:530) ~[spring-data-commons-2.7.2.jar:2.7.2]
	at org.springframework.data.repository.core.support.RepositoryComposition.invoke(RepositoryComposition.java:286) ~[spring-data-commons-2.7.2.jar:2.7.2]
	at org.springframework.data.repository.core.support.RepositoryFactorySupport$ImplementationMethodExecutionInterceptor.invoke(RepositoryFactorySupport.java:640) ~[spring-data-commons-2.7.2.jar:2.7.2]
	at org.springframework.aop.framework.ReflectiveMethodInvocation.proceed(ReflectiveMethodInvocation.java:186) ~[spring-aop-5.3.22.jar:5.3.22]
	at org.springframework.data.repository.core.support.QueryExecutorMethodInterceptor.doInvoke(QueryExecutorMethodInterceptor.java:164) ~[spring-data-commons-2.7.2.jar:2.7.2]
	at org.springframework.data.repository.core.support.QueryExecutorMethodInterceptor.invoke(QueryExecutorMethodInterceptor.java:139) ~[spring-data-commons-2.7.2.jar:2.7.2]
	at org.springframework.aop.framework.ReflectiveMethodInvocation.proceed(ReflectiveMethodInvocation.java:186) ~[spring-aop-5.3.22.jar:5.3.22]
	at org.springframework.data.projection.DefaultMethodInvokingMethodInterceptor.invoke(DefaultMethodInvokingMethodInterceptor.java:81) ~[spring-data-commons-2.7.2.jar:2.7.2]
	at org.springframework.aop.framework.ReflectiveMethodInvocation.proceed(ReflectiveMethodInvocation.java:186) ~[spring-aop-5.3.22.jar:5.3.22]
	at org.springframework.transaction.interceptor.TransactionInterceptor$1.proceedWithInvocation(TransactionInterceptor.java:123) ~[spring-tx-5.3.22.jar:5.3.22]
	at org.springframework.transaction.interceptor.TransactionAspectSupport.invokeWithinTransaction(TransactionAspectSupport.java:388) ~[spring-tx-5.3.22.jar:5.3.22]
	at org.springframework.transaction.interceptor.TransactionInterceptor.invoke(TransactionInterceptor.java:119) ~[spring-tx-5.3.22.jar:5.3.22]
	at org.springframework.aop.framework.ReflectiveMethodInvocation.proceed(ReflectiveMethodInvocation.java:186) ~[spring-aop-5.3.22.jar:5.3.22]
	at org.springframework.dao.support.PersistenceExceptionTranslationInterceptor.invoke(PersistenceExceptionTranslationInterceptor.java:137) ~[spring-tx-5.3.22.jar:5.3.22]
	at org.springframework.aop.framework.ReflectiveMethodInvocation.proceed(ReflectiveMethodInvocation.java:186) ~[spring-aop-5.3.22.jar:5.3.22]
	at org.springframework.data.jpa.repository.support.CrudMethodMetadataPostProcessor$CrudMethodMetadataPopulatingMethodInterceptor.invoke(CrudMethodMetadataPostProcessor.java:174) ~[spring-data-jpa-2.7.2.jar:2.7.2]
	at org.springframework.aop.framework.ReflectiveMethodInvocation.proceed(ReflectiveMethodInvocation.java:186) ~[spring-aop-5.3.22.jar:5.3.22]
	at org.springframework.aop.interceptor.ExposeInvocationInterceptor.invoke(ExposeInvocationInterceptor.java:97) ~[spring-aop-5.3.22.jar:5.3.22]
	at org.springframework.aop.framework.ReflectiveMethodInvocation.proceed(ReflectiveMethodInvocation.java:186) ~[spring-aop-5.3.22.jar:5.3.22]
	at org.springframework.aop.framework.JdkDynamicAopProxy.invoke(JdkDynamicAopProxy.java:215) ~[spring-aop-5.3.22.jar:5.3.22]
	at jdk.proxy2/jdk.proxy2.$Proxy107.save(Unknown Source) ~[na:na]
	at com.chuwa.redbook.service.impl.PostServiceImpl.createPost(PostServiceImpl.java:46) ~[classes/:na]
	at com.chuwa.redbook.controller.PostController.createPost(PostController.java:25) ~[classes/:na]
	at java.base/jdk.internal.reflect.DirectMethodHandleAccessor.invoke(DirectMethodHandleAccessor.java:104) ~[na:na]
	at java.base/java.lang.reflect.Method.invoke(Method.java:565) ~[na:na]
	at org.springframework.web.method.support.InvocableHandlerMethod.doInvoke(InvocableHandlerMethod.java:205) ~[spring-web-5.3.22.jar:5.3.22]
	at org.springframework.web.method.support.InvocableHandlerMethod.invokeForRequest(InvocableHandlerMethod.java:150) ~[spring-web-5.3.22.jar:5.3.22]
	at org.springframework.web.servlet.mvc.method.annotation.ServletInvocableHandlerMethod.invokeAndHandle(ServletInvocableHandlerMethod.java:117) ~[spring-webmvc-5.3.22.jar:5.3.22]
	at org.springframework.web.servlet.mvc.method.annotation.RequestMappingHandlerAdapter.invokeHandlerMethod(RequestMappingHandlerAdapter.java:895) ~[spring-webmvc-5.3.22.jar:5.3.22]
	at org.springframework.web.servlet.mvc.method.annotation.RequestMappingHandlerAdapter.handleInternal(RequestMappingHandlerAdapter.java:808) ~[spring-webmvc-5.3.22.jar:5.3.22]
	at org.springframework.web.servlet.mvc.method.AbstractHandlerMethodAdapter.handle(AbstractHandlerMethodAdapter.java:87) ~[spring-webmvc-5.3.22.jar:5.3.22]
	at org.springframework.web.servlet.DispatcherServlet.doDispatch(DispatcherServlet.java:1070) ~[spring-webmvc-5.3.22.jar:5.3.22]
	at org.springframework.web.servlet.DispatcherServlet.doService(DispatcherServlet.java:963) ~[spring-webmvc-5.3.22.jar:5.3.22]
	at org.springframework.web.servlet.FrameworkServlet.processRequest(FrameworkServlet.java:1006) ~[spring-webmvc-5.3.22.jar:5.3.22]
	at org.springframework.web.servlet.FrameworkServlet.doPost(FrameworkServlet.java:909) ~[spring-webmvc-5.3.22.jar:5.3.22]
	at javax.servlet.http.HttpServlet.service(HttpServlet.java:681) ~[tomcat-embed-core-9.0.65.jar:4.0.FR]
	at org.springframework.web.servlet.FrameworkServlet.service(FrameworkServlet.java:883) ~[spring-webmvc-5.3.22.jar:5.3.22]
	at javax.servlet.http.HttpServlet.service(HttpServlet.java:764) ~[tomcat-embed-core-9.0.65.jar:4.0.FR]
	at org.apache.catalina.core.ApplicationFilterChain.internalDoFilter(ApplicationFilterChain.java:227) ~[tomcat-embed-core-9.0.65.jar:9.0.65]
	at org.apache.catalina.core.ApplicationFilterChain.doFilter(ApplicationFilterChain.java:162) ~[tomcat-embed-core-9.0.65.jar:9.0.65]
	at org.apache.tomcat.websocket.server.WsFilter.doFilter(WsFilter.java:53) ~[tomcat-embed-websocket-9.0.65.jar:9.0.65]
	at org.apache.catalina.core.ApplicationFilterChain.internalDoFilter(ApplicationFilterChain.java:189) ~[tomcat-embed-core-9.0.65.jar:9.0.65]
	at org.apache.catalina.core.ApplicationFilterChain.doFilter(ApplicationFilterChain.java:162) ~[tomcat-embed-core-9.0.65.jar:9.0.65]
	at org.springframework.web.filter.RequestContextFilter.doFilterInternal(RequestContextFilter.java:100) ~[spring-web-5.3.22.jar:5.3.22]
	at org.springframework.web.filter.OncePerRequestFilter.doFilter(OncePerRequestFilter.java:117) ~[spring-web-5.3.22.jar:5.3.22]
	at org.apache.catalina.core.ApplicationFilterChain.internalDoFilter(ApplicationFilterChain.java:189) ~[tomcat-embed-core-9.0.65.jar:9.0.65]
	at org.apache.catalina.core.ApplicationFilterChain.doFilter(ApplicationFilterChain.java:162) ~[tomcat-embed-core-9.0.65.jar:9.0.65]
	at org.springframework.web.filter.FormContentFilter.doFilterInternal(FormContentFilter.java:93) ~[spring-web-5.3.22.jar:5.3.22]
	at org.springframework.web.filter.OncePerRequestFilter.doFilter(OncePerRequestFilter.java:117) ~[spring-web-5.3.22.jar:5.3.22]
	at org.apache.catalina.core.ApplicationFilterChain.internalDoFilter(ApplicationFilterChain.java:189) ~[tomcat-embed-core-9.0.65.jar:9.0.65]
	at org.apache.catalina.core.ApplicationFilterChain.doFilter(ApplicationFilterChain.java:162) ~[tomcat-embed-core-9.0.65.jar:9.0.65]
	at org.springframework.web.filter.CharacterEncodingFilter.doFilterInternal(CharacterEncodingFilter.java:201) ~[spring-web-5.3.22.jar:5.3.22]
	at org.springframework.web.filter.OncePerRequestFilter.doFilter(OncePerRequestFilter.java:117) ~[spring-web-5.3.22.jar:5.3.22]
	at org.apache.catalina.core.ApplicationFilterChain.internalDoFilter(ApplicationFilterChain.java:189) ~[tomcat-embed-core-9.0.65.jar:9.0.65]
	at org.apache.catalina.core.ApplicationFilterChain.doFilter(ApplicationFilterChain.java:162) ~[tomcat-embed-core-9.0.65.jar:9.0.65]
	at org.apache.catalina.core.StandardWrapperValve.invoke(StandardWrapperValve.java:197) ~[tomcat-embed-core-9.0.65.jar:9.0.65]
	at org.apache.catalina.core.StandardContextValve.invoke(StandardContextValve.java:97) ~[tomcat-embed-core-9.0.65.jar:9.0.65]
	at org.apache.catalina.authenticator.AuthenticatorBase.invoke(AuthenticatorBase.java:541) ~[tomcat-embed-core-9.0.65.jar:9.0.65]
	at org.apache.catalina.core.StandardHostValve.invoke(StandardHostValve.java:135) ~[tomcat-embed-core-9.0.65.jar:9.0.65]
	at org.apache.catalina.valves.ErrorReportValve.invoke(ErrorReportValve.java:92) ~[tomcat-embed-core-9.0.65.jar:9.0.65]
	at org.apache.catalina.core.StandardEngineValve.invoke(StandardEngineValve.java:78) ~[tomcat-embed-core-9.0.65.jar:9.0.65]
	at org.apache.catalina.connector.CoyoteAdapter.service(CoyoteAdapter.java:360) ~[tomcat-embed-core-9.0.65.jar:9.0.65]
	at org.apache.coyote.http11.Http11Processor.service(Http11Processor.java:399) ~[tomcat-embed-core-9.0.65.jar:9.0.65]
	at org.apache.coyote.AbstractProcessorLight.process(AbstractProcessorLight.java:65) ~[tomcat-embed-core-9.0.65.jar:9.0.65]
	at org.apache.coyote.AbstractProtocol$ConnectionHandler.process(AbstractProtocol.java:890) ~[tomcat-embed-core-9.0.65.jar:9.0.65]
	at org.apache.tomcat.util.net.NioEndpoint$SocketProcessor.doRun(NioEndpoint.java:1789) ~[tomcat-embed-core-9.0.65.jar:9.0.65]
	at org.apache.tomcat.util.net.SocketProcessorBase.run(SocketProcessorBase.java:49) ~[tomcat-embed-core-9.0.65.jar:9.0.65]
	at org.apache.tomcat.util.threads.ThreadPoolExecutor.runWorker(ThreadPoolExecutor.java:1191) ~[tomcat-embed-core-9.0.65.jar:9.0.65]
	at org.apache.tomcat.util.threads.ThreadPoolExecutor$Worker.run(ThreadPoolExecutor.java:659) ~[tomcat-embed-core-9.0.65.jar:9.0.65]
	at org.apache.tomcat.util.threads.TaskThread$WrappingRunnable.run(TaskThread.java:61) ~[tomcat-embed-core-9.0.65.jar:9.0.65]
	at java.base/java.lang.Thread.run(Thread.java:1447) ~[na:na]

Hibernate: 
    insert 
    into
        posts
        (id, content, create_date_time, description, title, update_date_time) 
    values
        (default, ?, ?, ?, ?, ?)
[2m2025-07-08 13:10:34.651[0;39m [33m WARN[0;39m [35m40136[0;39m [2m---[0;39m [2m[nio-8080-exec-7][0;39m [36mo.h.engine.jdbc.spi.SqlExceptionHelper  [0;39m [2m:[0;39m SQL Error: 23505, SQLState: 23505
[2m2025-07-08 13:10:34.651[0;39m [31mERROR[0;39m [35m40136[0;39m [2m---[0;39m [2m[nio-8080-exec-7][0;39m [36mo.h.engine.jdbc.spi.SqlExceptionHelper  [0;39m [2m:[0;39m Unique index or primary key violation: "PUBLIC.UKMCHCE1GM7F6OTPPHXD6IXSDPS_INDEX_4 ON PUBLIC.POSTS(TITLE NULLS FIRST) VALUES ( /* 5 */ 'New Post Title' )"; SQL statement:
insert into posts (id, content, create_date_time, description, title, update_date_time) values (default, ?, ?, ?, ?, ?) [23505-214]
[2m2025-07-08 13:10:34.653[0;39m [31mERROR[0;39m [35m40136[0;39m [2m---[0;39m [2m[nio-8080-exec-7][0;39m [36mo.a.c.c.C.[.[.[/].[dispatcherServlet]   [0;39m [2m:[0;39m Servlet.service() for servlet [dispatcherServlet] in context with path [] threw exception [Request processing failed; nested exception is org.springframework.dao.DataIntegrityViolationException: could not execute statement; SQL [n/a]; constraint ["PUBLIC.UKMCHCE1GM7F6OTPPHXD6IXSDPS_INDEX_4 ON PUBLIC.POSTS(TITLE NULLS FIRST) VALUES ( /* 5 */ 'New Post Title' )"; SQL statement:
insert into posts (id, content, create_date_time, description, title, update_date_time) values (default, ?, ?, ?, ?, ?) [23505-214]]; nested exception is org.hibernate.exception.ConstraintViolationException: could not execute statement] with root cause

org.h2.jdbc.JdbcSQLIntegrityConstraintViolationException: Unique index or primary key violation: "PUBLIC.UKMCHCE1GM7F6OTPPHXD6IXSDPS_INDEX_4 ON PUBLIC.POSTS(TITLE NULLS FIRST) VALUES ( /* 5 */ 'New Post Title' )"; SQL statement:
insert into posts (id, content, create_date_time, description, title, update_date_time) values (default, ?, ?, ?, ?, ?) [23505-214]
	at org.h2.message.DbException.getJdbcSQLException(DbException.java:508) ~[h2-2.1.214.jar:2.1.214]
	at org.h2.message.DbException.getJdbcSQLException(DbException.java:477) ~[h2-2.1.214.jar:2.1.214]
	at org.h2.message.DbException.get(DbException.java:223) ~[h2-2.1.214.jar:2.1.214]
	at org.h2.message.DbException.get(DbException.java:199) ~[h2-2.1.214.jar:2.1.214]
	at org.h2.index.Index.getDuplicateKeyException(Index.java:525) ~[h2-2.1.214.jar:2.1.214]
	at org.h2.mvstore.db.MVSecondaryIndex.checkUnique(MVSecondaryIndex.java:223) ~[h2-2.1.214.jar:2.1.214]
	at org.h2.mvstore.db.MVSecondaryIndex.add(MVSecondaryIndex.java:184) ~[h2-2.1.214.jar:2.1.214]
	at org.h2.mvstore.db.MVTable.addRow(MVTable.java:519) ~[h2-2.1.214.jar:2.1.214]
	at org.h2.command.dml.Insert.insertRows(Insert.java:174) ~[h2-2.1.214.jar:2.1.214]
	at org.h2.command.dml.Insert.update(Insert.java:135) ~[h2-2.1.214.jar:2.1.214]
	at org.h2.command.CommandContainer.executeUpdateWithGeneratedKeys(CommandContainer.java:242) ~[h2-2.1.214.jar:2.1.214]
	at org.h2.command.CommandContainer.update(CommandContainer.java:163) ~[h2-2.1.214.jar:2.1.214]
	at org.h2.command.Command.executeUpdate(Command.java:252) ~[h2-2.1.214.jar:2.1.214]
	at org.h2.jdbc.JdbcPreparedStatement.executeUpdateInternal(JdbcPreparedStatement.java:209) ~[h2-2.1.214.jar:2.1.214]
	at org.h2.jdbc.JdbcPreparedStatement.executeUpdate(JdbcPreparedStatement.java:169) ~[h2-2.1.214.jar:2.1.214]
	at com.zaxxer.hikari.pool.ProxyPreparedStatement.executeUpdate(ProxyPreparedStatement.java:61) ~[HikariCP-4.0.3.jar:na]
	at com.zaxxer.hikari.pool.HikariProxyPreparedStatement.executeUpdate(HikariProxyPreparedStatement.java) ~[HikariCP-4.0.3.jar:na]
	at org.hibernate.engine.jdbc.internal.ResultSetReturnImpl.executeUpdate(ResultSetReturnImpl.java:197) ~[hibernate-core-5.6.10.Final.jar:5.6.10.Final]
	at org.hibernate.dialect.identity.GetGeneratedKeysDelegate.executeAndExtract(GetGeneratedKeysDelegate.java:58) ~[hibernate-core-5.6.10.Final.jar:5.6.10.Final]
	at org.hibernate.id.insert.AbstractReturningDelegate.performInsert(AbstractReturningDelegate.java:43) ~[hibernate-core-5.6.10.Final.jar:5.6.10.Final]
	at org.hibernate.persister.entity.AbstractEntityPersister.insert(AbstractEntityPersister.java:3279) ~[hibernate-core-5.6.10.Final.jar:5.6.10.Final]
	at org.hibernate.persister.entity.AbstractEntityPersister.insert(AbstractEntityPersister.java:3885) ~[hibernate-core-5.6.10.Final.jar:5.6.10.Final]
	at org.hibernate.action.internal.EntityIdentityInsertAction.execute(EntityIdentityInsertAction.java:84) ~[hibernate-core-5.6.10.Final.jar:5.6.10.Final]
	at org.hibernate.engine.spi.ActionQueue.execute(ActionQueue.java:645) ~[hibernate-core-5.6.10.Final.jar:5.6.10.Final]
	at org.hibernate.engine.spi.ActionQueue.addResolvedEntityInsertAction(ActionQueue.java:282) ~[hibernate-core-5.6.10.Final.jar:5.6.10.Final]
	at org.hibernate.engine.spi.ActionQueue.addInsertAction(ActionQueue.java:263) ~[hibernate-core-5.6.10.Final.jar:5.6.10.Final]
	at org.hibernate.engine.spi.ActionQueue.addAction(ActionQueue.java:317) ~[hibernate-core-5.6.10.Final.jar:5.6.10.Final]
	at org.hibernate.event.internal.AbstractSaveEventListener.addInsertAction(AbstractSaveEventListener.java:330) ~[hibernate-core-5.6.10.Final.jar:5.6.10.Final]
	at org.hibernate.event.internal.AbstractSaveEventListener.performSaveOrReplicate(AbstractSaveEventListener.java:287) ~[hibernate-core-5.6.10.Final.jar:5.6.10.Final]
	at org.hibernate.event.internal.AbstractSaveEventListener.performSave(AbstractSaveEventListener.java:193) ~[hibernate-core-5.6.10.Final.jar:5.6.10.Final]
	at org.hibernate.event.internal.AbstractSaveEventListener.saveWithGeneratedId(AbstractSaveEventListener.java:123) ~[hibernate-core-5.6.10.Final.jar:5.6.10.Final]
	at org.hibernate.event.internal.DefaultPersistEventListener.entityIsTransient(DefaultPersistEventListener.java:185) ~[hibernate-core-5.6.10.Final.jar:5.6.10.Final]
	at org.hibernate.event.internal.DefaultPersistEventListener.onPersist(DefaultPersistEventListener.java:128) ~[hibernate-core-5.6.10.Final.jar:5.6.10.Final]
	at org.hibernate.event.internal.DefaultPersistEventListener.onPersist(DefaultPersistEventListener.java:55) ~[hibernate-core-5.6.10.Final.jar:5.6.10.Final]
	at org.hibernate.event.service.internal.EventListenerGroupImpl.fireEventOnEachListener(EventListenerGroupImpl.java:107) ~[hibernate-core-5.6.10.Final.jar:5.6.10.Final]
	at org.hibernate.internal.SessionImpl.firePersist(SessionImpl.java:756) ~[hibernate-core-5.6.10.Final.jar:5.6.10.Final]
	at org.hibernate.internal.SessionImpl.persist(SessionImpl.java:742) ~[hibernate-core-5.6.10.Final.jar:5.6.10.Final]
	at java.base/jdk.internal.reflect.DirectMethodHandleAccessor.invoke(DirectMethodHandleAccessor.java:104) ~[na:na]
	at java.base/java.lang.reflect.Method.invoke(Method.java:565) ~[na:na]
	at org.springframework.orm.jpa.ExtendedEntityManagerCreator$ExtendedEntityManagerInvocationHandler.invoke(ExtendedEntityManagerCreator.java:362) ~[spring-orm-5.3.22.jar:5.3.22]
	at jdk.proxy2/jdk.proxy2.$Proxy103.persist(Unknown Source) ~[na:na]
	at java.base/jdk.internal.reflect.DirectMethodHandleAccessor.invoke(DirectMethodHandleAccessor.java:104) ~[na:na]
	at java.base/java.lang.reflect.Method.invoke(Method.java:565) ~[na:na]
	at org.springframework.orm.jpa.SharedEntityManagerCreator$SharedEntityManagerInvocationHandler.invoke(SharedEntityManagerCreator.java:311) ~[spring-orm-5.3.22.jar:5.3.22]
	at jdk.proxy2/jdk.proxy2.$Proxy103.persist(Unknown Source) ~[na:na]
	at org.springframework.data.jpa.repository.support.SimpleJpaRepository.save(SimpleJpaRepository.java:666) ~[spring-data-jpa-2.7.2.jar:2.7.2]
	at java.base/jdk.internal.reflect.DirectMethodHandleAccessor.invoke(DirectMethodHandleAccessor.java:104) ~[na:na]
	at java.base/java.lang.reflect.Method.invoke(Method.java:565) ~[na:na]
	at org.springframework.data.repository.core.support.RepositoryMethodInvoker$RepositoryFragmentMethodInvoker.lambda$new$0(RepositoryMethodInvoker.java:289) ~[spring-data-commons-2.7.2.jar:2.7.2]
	at org.springframework.data.repository.core.support.RepositoryMethodInvoker.doInvoke(RepositoryMethodInvoker.java:137) ~[spring-data-commons-2.7.2.jar:2.7.2]
	at org.springframework.data.repository.core.support.RepositoryMethodInvoker.invoke(RepositoryMethodInvoker.java:121) ~[spring-data-commons-2.7.2.jar:2.7.2]
	at org.springframework.data.repository.core.support.RepositoryComposition$RepositoryFragments.invoke(RepositoryComposition.java:530) ~[spring-data-commons-2.7.2.jar:2.7.2]
	at org.springframework.data.repository.core.support.RepositoryComposition.invoke(RepositoryComposition.java:286) ~[spring-data-commons-2.7.2.jar:2.7.2]
	at org.springframework.data.repository.core.support.RepositoryFactorySupport$ImplementationMethodExecutionInterceptor.invoke(RepositoryFactorySupport.java:640) ~[spring-data-commons-2.7.2.jar:2.7.2]
	at org.springframework.aop.framework.ReflectiveMethodInvocation.proceed(ReflectiveMethodInvocation.java:186) ~[spring-aop-5.3.22.jar:5.3.22]
	at org.springframework.data.repository.core.support.QueryExecutorMethodInterceptor.doInvoke(QueryExecutorMethodInterceptor.java:164) ~[spring-data-commons-2.7.2.jar:2.7.2]
	at org.springframework.data.repository.core.support.QueryExecutorMethodInterceptor.invoke(QueryExecutorMethodInterceptor.java:139) ~[spring-data-commons-2.7.2.jar:2.7.2]
	at org.springframework.aop.framework.ReflectiveMethodInvocation.proceed(ReflectiveMethodInvocation.java:186) ~[spring-aop-5.3.22.jar:5.3.22]
	at org.springframework.data.projection.DefaultMethodInvokingMethodInterceptor.invoke(DefaultMethodInvokingMethodInterceptor.java:81) ~[spring-data-commons-2.7.2.jar:2.7.2]
	at org.springframework.aop.framework.ReflectiveMethodInvocation.proceed(ReflectiveMethodInvocation.java:186) ~[spring-aop-5.3.22.jar:5.3.22]
	at org.springframework.transaction.interceptor.TransactionInterceptor$1.proceedWithInvocation(TransactionInterceptor.java:123) ~[spring-tx-5.3.22.jar:5.3.22]
	at org.springframework.transaction.interceptor.TransactionAspectSupport.invokeWithinTransaction(TransactionAspectSupport.java:388) ~[spring-tx-5.3.22.jar:5.3.22]
	at org.springframework.transaction.interceptor.TransactionInterceptor.invoke(TransactionInterceptor.java:119) ~[spring-tx-5.3.22.jar:5.3.22]
	at org.springframework.aop.framework.ReflectiveMethodInvocation.proceed(ReflectiveMethodInvocation.java:186) ~[spring-aop-5.3.22.jar:5.3.22]
	at org.springframework.dao.support.PersistenceExceptionTranslationInterceptor.invoke(PersistenceExceptionTranslationInterceptor.java:137) ~[spring-tx-5.3.22.jar:5.3.22]
	at org.springframework.aop.framework.ReflectiveMethodInvocation.proceed(ReflectiveMethodInvocation.java:186) ~[spring-aop-5.3.22.jar:5.3.22]
	at org.springframework.data.jpa.repository.support.CrudMethodMetadataPostProcessor$CrudMethodMetadataPopulatingMethodInterceptor.invoke(CrudMethodMetadataPostProcessor.java:174) ~[spring-data-jpa-2.7.2.jar:2.7.2]
	at org.springframework.aop.framework.ReflectiveMethodInvocation.proceed(ReflectiveMethodInvocation.java:186) ~[spring-aop-5.3.22.jar:5.3.22]
	at org.springframework.aop.interceptor.ExposeInvocationInterceptor.invoke(ExposeInvocationInterceptor.java:97) ~[spring-aop-5.3.22.jar:5.3.22]
	at org.springframework.aop.framework.ReflectiveMethodInvocation.proceed(ReflectiveMethodInvocation.java:186) ~[spring-aop-5.3.22.jar:5.3.22]
	at org.springframework.aop.framework.JdkDynamicAopProxy.invoke(JdkDynamicAopProxy.java:215) ~[spring-aop-5.3.22.jar:5.3.22]
	at jdk.proxy2/jdk.proxy2.$Proxy107.save(Unknown Source) ~[na:na]
	at com.chuwa.redbook.service.impl.PostServiceImpl.createPost(PostServiceImpl.java:46) ~[classes/:na]
	at com.chuwa.redbook.controller.PostController.createPost(PostController.java:25) ~[classes/:na]
	at java.base/jdk.internal.reflect.DirectMethodHandleAccessor.invoke(DirectMethodHandleAccessor.java:104) ~[na:na]
	at java.base/java.lang.reflect.Method.invoke(Method.java:565) ~[na:na]
	at org.springframework.web.method.support.InvocableHandlerMethod.doInvoke(InvocableHandlerMethod.java:205) ~[spring-web-5.3.22.jar:5.3.22]
	at org.springframework.web.method.support.InvocableHandlerMethod.invokeForRequest(InvocableHandlerMethod.java:150) ~[spring-web-5.3.22.jar:5.3.22]
	at org.springframework.web.servlet.mvc.method.annotation.ServletInvocableHandlerMethod.invokeAndHandle(ServletInvocableHandlerMethod.java:117) ~[spring-webmvc-5.3.22.jar:5.3.22]
	at org.springframework.web.servlet.mvc.method.annotation.RequestMappingHandlerAdapter.invokeHandlerMethod(RequestMappingHandlerAdapter.java:895) ~[spring-webmvc-5.3.22.jar:5.3.22]
	at org.springframework.web.servlet.mvc.method.annotation.RequestMappingHandlerAdapter.handleInternal(RequestMappingHandlerAdapter.java:808) ~[spring-webmvc-5.3.22.jar:5.3.22]
	at org.springframework.web.servlet.mvc.method.AbstractHandlerMethodAdapter.handle(AbstractHandlerMethodAdapter.java:87) ~[spring-webmvc-5.3.22.jar:5.3.22]
	at org.springframework.web.servlet.DispatcherServlet.doDispatch(DispatcherServlet.java:1070) ~[spring-webmvc-5.3.22.jar:5.3.22]
	at org.springframework.web.servlet.DispatcherServlet.doService(DispatcherServlet.java:963) ~[spring-webmvc-5.3.22.jar:5.3.22]
	at org.springframework.web.servlet.FrameworkServlet.processRequest(FrameworkServlet.java:1006) ~[spring-webmvc-5.3.22.jar:5.3.22]
	at org.springframework.web.servlet.FrameworkServlet.doPost(FrameworkServlet.java:909) ~[spring-webmvc-5.3.22.jar:5.3.22]
	at javax.servlet.http.HttpServlet.service(HttpServlet.java:681) ~[tomcat-embed-core-9.0.65.jar:4.0.FR]
	at org.springframework.web.servlet.FrameworkServlet.service(FrameworkServlet.java:883) ~[spring-webmvc-5.3.22.jar:5.3.22]
	at javax.servlet.http.HttpServlet.service(HttpServlet.java:764) ~[tomcat-embed-core-9.0.65.jar:4.0.FR]
	at org.apache.catalina.core.ApplicationFilterChain.internalDoFilter(ApplicationFilterChain.java:227) ~[tomcat-embed-core-9.0.65.jar:9.0.65]
	at org.apache.catalina.core.ApplicationFilterChain.doFilter(ApplicationFilterChain.java:162) ~[tomcat-embed-core-9.0.65.jar:9.0.65]
	at org.apache.tomcat.websocket.server.WsFilter.doFilter(WsFilter.java:53) ~[tomcat-embed-websocket-9.0.65.jar:9.0.65]
	at org.apache.catalina.core.ApplicationFilterChain.internalDoFilter(ApplicationFilterChain.java:189) ~[tomcat-embed-core-9.0.65.jar:9.0.65]
	at org.apache.catalina.core.ApplicationFilterChain.doFilter(ApplicationFilterChain.java:162) ~[tomcat-embed-core-9.0.65.jar:9.0.65]
	at org.springframework.web.filter.RequestContextFilter.doFilterInternal(RequestContextFilter.java:100) ~[spring-web-5.3.22.jar:5.3.22]
	at org.springframework.web.filter.OncePerRequestFilter.doFilter(OncePerRequestFilter.java:117) ~[spring-web-5.3.22.jar:5.3.22]
	at org.apache.catalina.core.ApplicationFilterChain.internalDoFilter(ApplicationFilterChain.java:189) ~[tomcat-embed-core-9.0.65.jar:9.0.65]
	at org.apache.catalina.core.ApplicationFilterChain.doFilter(ApplicationFilterChain.java:162) ~[tomcat-embed-core-9.0.65.jar:9.0.65]
	at org.springframework.web.filter.FormContentFilter.doFilterInternal(FormContentFilter.java:93) ~[spring-web-5.3.22.jar:5.3.22]
	at org.springframework.web.filter.OncePerRequestFilter.doFilter(OncePerRequestFilter.java:117) ~[spring-web-5.3.22.jar:5.3.22]
	at org.apache.catalina.core.ApplicationFilterChain.internalDoFilter(ApplicationFilterChain.java:189) ~[tomcat-embed-core-9.0.65.jar:9.0.65]
	at org.apache.catalina.core.ApplicationFilterChain.doFilter(ApplicationFilterChain.java:162) ~[tomcat-embed-core-9.0.65.jar:9.0.65]
	at org.springframework.web.filter.CharacterEncodingFilter.doFilterInternal(CharacterEncodingFilter.java:201) ~[spring-web-5.3.22.jar:5.3.22]
	at org.springframework.web.filter.OncePerRequestFilter.doFilter(OncePerRequestFilter.java:117) ~[spring-web-5.3.22.jar:5.3.22]
	at org.apache.catalina.core.ApplicationFilterChain.internalDoFilter(ApplicationFilterChain.java:189) ~[tomcat-embed-core-9.0.65.jar:9.0.65]
	at org.apache.catalina.core.ApplicationFilterChain.doFilter(ApplicationFilterChain.java:162) ~[tomcat-embed-core-9.0.65.jar:9.0.65]
	at org.apache.catalina.core.StandardWrapperValve.invoke(StandardWrapperValve.java:197) ~[tomcat-embed-core-9.0.65.jar:9.0.65]
	at org.apache.catalina.core.StandardContextValve.invoke(StandardContextValve.java:97) ~[tomcat-embed-core-9.0.65.jar:9.0.65]
	at org.apache.catalina.authenticator.AuthenticatorBase.invoke(AuthenticatorBase.java:541) ~[tomcat-embed-core-9.0.65.jar:9.0.65]
	at org.apache.catalina.core.StandardHostValve.invoke(StandardHostValve.java:135) ~[tomcat-embed-core-9.0.65.jar:9.0.65]
	at org.apache.catalina.valves.ErrorReportValve.invoke(ErrorReportValve.java:92) ~[tomcat-embed-core-9.0.65.jar:9.0.65]
	at org.apache.catalina.core.StandardEngineValve.invoke(StandardEngineValve.java:78) ~[tomcat-embed-core-9.0.65.jar:9.0.65]
	at org.apache.catalina.connector.CoyoteAdapter.service(CoyoteAdapter.java:360) ~[tomcat-embed-core-9.0.65.jar:9.0.65]
	at org.apache.coyote.http11.Http11Processor.service(Http11Processor.java:399) ~[tomcat-embed-core-9.0.65.jar:9.0.65]
	at org.apache.coyote.AbstractProcessorLight.process(AbstractProcessorLight.java:65) ~[tomcat-embed-core-9.0.65.jar:9.0.65]
	at org.apache.coyote.AbstractProtocol$ConnectionHandler.process(AbstractProtocol.java:890) ~[tomcat-embed-core-9.0.65.jar:9.0.65]
	at org.apache.tomcat.util.net.NioEndpoint$SocketProcessor.doRun(NioEndpoint.java:1789) ~[tomcat-embed-core-9.0.65.jar:9.0.65]
	at org.apache.tomcat.util.net.SocketProcessorBase.run(SocketProcessorBase.java:49) ~[tomcat-embed-core-9.0.65.jar:9.0.65]
	at org.apache.tomcat.util.threads.ThreadPoolExecutor.runWorker(ThreadPoolExecutor.java:1191) ~[tomcat-embed-core-9.0.65.jar:9.0.65]
	at org.apache.tomcat.util.threads.ThreadPoolExecutor$Worker.run(ThreadPoolExecutor.java:659) ~[tomcat-embed-core-9.0.65.jar:9.0.65]
	at org.apache.tomcat.util.threads.TaskThread$WrappingRunnable.run(TaskThread.java:61) ~[tomcat-embed-core-9.0.65.jar:9.0.65]
	at java.base/java.lang.Thread.run(Thread.java:1447) ~[na:na]

Hibernate: 
    insert 
    into
        posts
        (id, content, create_date_time, description, title, update_date_time) 
    values
        (default, ?, ?, ?, ?, ?)
[2m2025-07-08 13:10:35.101[0;39m [33m WARN[0;39m [35m40136[0;39m [2m---[0;39m [2m[nio-8080-exec-3][0;39m [36mo.h.engine.jdbc.spi.SqlExceptionHelper  [0;39m [2m:[0;39m SQL Error: 23505, SQLState: 23505
[2m2025-07-08 13:10:35.102[0;39m [31mERROR[0;39m [35m40136[0;39m [2m---[0;39m [2m[nio-8080-exec-3][0;39m [36mo.h.engine.jdbc.spi.SqlExceptionHelper  [0;39m [2m:[0;39m Unique index or primary key violation: "PUBLIC.UKMCHCE1GM7F6OTPPHXD6IXSDPS_INDEX_4 ON PUBLIC.POSTS(TITLE NULLS FIRST) VALUES ( /* 5 */ 'New Post Title' )"; SQL statement:
insert into posts (id, content, create_date_time, description, title, update_date_time) values (default, ?, ?, ?, ?, ?) [23505-214]
[2m2025-07-08 13:10:35.104[0;39m [31mERROR[0;39m [35m40136[0;39m [2m---[0;39m [2m[nio-8080-exec-3][0;39m [36mo.a.c.c.C.[.[.[/].[dispatcherServlet]   [0;39m [2m:[0;39m Servlet.service() for servlet [dispatcherServlet] in context with path [] threw exception [Request processing failed; nested exception is org.springframework.dao.DataIntegrityViolationException: could not execute statement; SQL [n/a]; constraint ["PUBLIC.UKMCHCE1GM7F6OTPPHXD6IXSDPS_INDEX_4 ON PUBLIC.POSTS(TITLE NULLS FIRST) VALUES ( /* 5 */ 'New Post Title' )"; SQL statement:
insert into posts (id, content, create_date_time, description, title, update_date_time) values (default, ?, ?, ?, ?, ?) [23505-214]]; nested exception is org.hibernate.exception.ConstraintViolationException: could not execute statement] with root cause

org.h2.jdbc.JdbcSQLIntegrityConstraintViolationException: Unique index or primary key violation: "PUBLIC.UKMCHCE1GM7F6OTPPHXD6IXSDPS_INDEX_4 ON PUBLIC.POSTS(TITLE NULLS FIRST) VALUES ( /* 5 */ 'New Post Title' )"; SQL statement:
insert into posts (id, content, create_date_time, description, title, update_date_time) values (default, ?, ?, ?, ?, ?) [23505-214]
	at org.h2.message.DbException.getJdbcSQLException(DbException.java:508) ~[h2-2.1.214.jar:2.1.214]
	at org.h2.message.DbException.getJdbcSQLException(DbException.java:477) ~[h2-2.1.214.jar:2.1.214]
	at org.h2.message.DbException.get(DbException.java:223) ~[h2-2.1.214.jar:2.1.214]
	at org.h2.message.DbException.get(DbException.java:199) ~[h2-2.1.214.jar:2.1.214]
	at org.h2.index.Index.getDuplicateKeyException(Index.java:525) ~[h2-2.1.214.jar:2.1.214]
	at org.h2.mvstore.db.MVSecondaryIndex.checkUnique(MVSecondaryIndex.java:223) ~[h2-2.1.214.jar:2.1.214]
	at org.h2.mvstore.db.MVSecondaryIndex.add(MVSecondaryIndex.java:184) ~[h2-2.1.214.jar:2.1.214]
	at org.h2.mvstore.db.MVTable.addRow(MVTable.java:519) ~[h2-2.1.214.jar:2.1.214]
	at org.h2.command.dml.Insert.insertRows(Insert.java:174) ~[h2-2.1.214.jar:2.1.214]
	at org.h2.command.dml.Insert.update(Insert.java:135) ~[h2-2.1.214.jar:2.1.214]
	at org.h2.command.CommandContainer.executeUpdateWithGeneratedKeys(CommandContainer.java:242) ~[h2-2.1.214.jar:2.1.214]
	at org.h2.command.CommandContainer.update(CommandContainer.java:163) ~[h2-2.1.214.jar:2.1.214]
	at org.h2.command.Command.executeUpdate(Command.java:252) ~[h2-2.1.214.jar:2.1.214]
	at org.h2.jdbc.JdbcPreparedStatement.executeUpdateInternal(JdbcPreparedStatement.java:209) ~[h2-2.1.214.jar:2.1.214]
	at org.h2.jdbc.JdbcPreparedStatement.executeUpdate(JdbcPreparedStatement.java:169) ~[h2-2.1.214.jar:2.1.214]
	at com.zaxxer.hikari.pool.ProxyPreparedStatement.executeUpdate(ProxyPreparedStatement.java:61) ~[HikariCP-4.0.3.jar:na]
	at com.zaxxer.hikari.pool.HikariProxyPreparedStatement.executeUpdate(HikariProxyPreparedStatement.java) ~[HikariCP-4.0.3.jar:na]
	at org.hibernate.engine.jdbc.internal.ResultSetReturnImpl.executeUpdate(ResultSetReturnImpl.java:197) ~[hibernate-core-5.6.10.Final.jar:5.6.10.Final]
	at org.hibernate.dialect.identity.GetGeneratedKeysDelegate.executeAndExtract(GetGeneratedKeysDelegate.java:58) ~[hibernate-core-5.6.10.Final.jar:5.6.10.Final]
	at org.hibernate.id.insert.AbstractReturningDelegate.performInsert(AbstractReturningDelegate.java:43) ~[hibernate-core-5.6.10.Final.jar:5.6.10.Final]
	at org.hibernate.persister.entity.AbstractEntityPersister.insert(AbstractEntityPersister.java:3279) ~[hibernate-core-5.6.10.Final.jar:5.6.10.Final]
	at org.hibernate.persister.entity.AbstractEntityPersister.insert(AbstractEntityPersister.java:3885) ~[hibernate-core-5.6.10.Final.jar:5.6.10.Final]
	at org.hibernate.action.internal.EntityIdentityInsertAction.execute(EntityIdentityInsertAction.java:84) ~[hibernate-core-5.6.10.Final.jar:5.6.10.Final]
	at org.hibernate.engine.spi.ActionQueue.execute(ActionQueue.java:645) ~[hibernate-core-5.6.10.Final.jar:5.6.10.Final]
	at org.hibernate.engine.spi.ActionQueue.addResolvedEntityInsertAction(ActionQueue.java:282) ~[hibernate-core-5.6.10.Final.jar:5.6.10.Final]
	at org.hibernate.engine.spi.ActionQueue.addInsertAction(ActionQueue.java:263) ~[hibernate-core-5.6.10.Final.jar:5.6.10.Final]
	at org.hibernate.engine.spi.ActionQueue.addAction(ActionQueue.java:317) ~[hibernate-core-5.6.10.Final.jar:5.6.10.Final]
	at org.hibernate.event.internal.AbstractSaveEventListener.addInsertAction(AbstractSaveEventListener.java:330) ~[hibernate-core-5.6.10.Final.jar:5.6.10.Final]
	at org.hibernate.event.internal.AbstractSaveEventListener.performSaveOrReplicate(AbstractSaveEventListener.java:287) ~[hibernate-core-5.6.10.Final.jar:5.6.10.Final]
	at org.hibernate.event.internal.AbstractSaveEventListener.performSave(AbstractSaveEventListener.java:193) ~[hibernate-core-5.6.10.Final.jar:5.6.10.Final]
	at org.hibernate.event.internal.AbstractSaveEventListener.saveWithGeneratedId(AbstractSaveEventListener.java:123) ~[hibernate-core-5.6.10.Final.jar:5.6.10.Final]
	at org.hibernate.event.internal.DefaultPersistEventListener.entityIsTransient(DefaultPersistEventListener.java:185) ~[hibernate-core-5.6.10.Final.jar:5.6.10.Final]
	at org.hibernate.event.internal.DefaultPersistEventListener.onPersist(DefaultPersistEventListener.java:128) ~[hibernate-core-5.6.10.Final.jar:5.6.10.Final]
	at org.hibernate.event.internal.DefaultPersistEventListener.onPersist(DefaultPersistEventListener.java:55) ~[hibernate-core-5.6.10.Final.jar:5.6.10.Final]
	at org.hibernate.event.service.internal.EventListenerGroupImpl.fireEventOnEachListener(EventListenerGroupImpl.java:107) ~[hibernate-core-5.6.10.Final.jar:5.6.10.Final]
	at org.hibernate.internal.SessionImpl.firePersist(SessionImpl.java:756) ~[hibernate-core-5.6.10.Final.jar:5.6.10.Final]
	at org.hibernate.internal.SessionImpl.persist(SessionImpl.java:742) ~[hibernate-core-5.6.10.Final.jar:5.6.10.Final]
	at java.base/jdk.internal.reflect.DirectMethodHandleAccessor.invoke(DirectMethodHandleAccessor.java:104) ~[na:na]
	at java.base/java.lang.reflect.Method.invoke(Method.java:565) ~[na:na]
	at org.springframework.orm.jpa.ExtendedEntityManagerCreator$ExtendedEntityManagerInvocationHandler.invoke(ExtendedEntityManagerCreator.java:362) ~[spring-orm-5.3.22.jar:5.3.22]
	at jdk.proxy2/jdk.proxy2.$Proxy103.persist(Unknown Source) ~[na:na]
	at java.base/jdk.internal.reflect.DirectMethodHandleAccessor.invoke(DirectMethodHandleAccessor.java:104) ~[na:na]
	at java.base/java.lang.reflect.Method.invoke(Method.java:565) ~[na:na]
	at org.springframework.orm.jpa.SharedEntityManagerCreator$SharedEntityManagerInvocationHandler.invoke(SharedEntityManagerCreator.java:311) ~[spring-orm-5.3.22.jar:5.3.22]
	at jdk.proxy2/jdk.proxy2.$Proxy103.persist(Unknown Source) ~[na:na]
	at org.springframework.data.jpa.repository.support.SimpleJpaRepository.save(SimpleJpaRepository.java:666) ~[spring-data-jpa-2.7.2.jar:2.7.2]
	at java.base/jdk.internal.reflect.DirectMethodHandleAccessor.invoke(DirectMethodHandleAccessor.java:104) ~[na:na]
	at java.base/java.lang.reflect.Method.invoke(Method.java:565) ~[na:na]
	at org.springframework.data.repository.core.support.RepositoryMethodInvoker$RepositoryFragmentMethodInvoker.lambda$new$0(RepositoryMethodInvoker.java:289) ~[spring-data-commons-2.7.2.jar:2.7.2]
	at org.springframework.data.repository.core.support.RepositoryMethodInvoker.doInvoke(RepositoryMethodInvoker.java:137) ~[spring-data-commons-2.7.2.jar:2.7.2]
	at org.springframework.data.repository.core.support.RepositoryMethodInvoker.invoke(RepositoryMethodInvoker.java:121) ~[spring-data-commons-2.7.2.jar:2.7.2]
	at org.springframework.data.repository.core.support.RepositoryComposition$RepositoryFragments.invoke(RepositoryComposition.java:530) ~[spring-data-commons-2.7.2.jar:2.7.2]
	at org.springframework.data.repository.core.support.RepositoryComposition.invoke(RepositoryComposition.java:286) ~[spring-data-commons-2.7.2.jar:2.7.2]
	at org.springframework.data.repository.core.support.RepositoryFactorySupport$ImplementationMethodExecutionInterceptor.invoke(RepositoryFactorySupport.java:640) ~[spring-data-commons-2.7.2.jar:2.7.2]
	at org.springframework.aop.framework.ReflectiveMethodInvocation.proceed(ReflectiveMethodInvocation.java:186) ~[spring-aop-5.3.22.jar:5.3.22]
	at org.springframework.data.repository.core.support.QueryExecutorMethodInterceptor.doInvoke(QueryExecutorMethodInterceptor.java:164) ~[spring-data-commons-2.7.2.jar:2.7.2]
	at org.springframework.data.repository.core.support.QueryExecutorMethodInterceptor.invoke(QueryExecutorMethodInterceptor.java:139) ~[spring-data-commons-2.7.2.jar:2.7.2]
	at org.springframework.aop.framework.ReflectiveMethodInvocation.proceed(ReflectiveMethodInvocation.java:186) ~[spring-aop-5.3.22.jar:5.3.22]
	at org.springframework.data.projection.DefaultMethodInvokingMethodInterceptor.invoke(DefaultMethodInvokingMethodInterceptor.java:81) ~[spring-data-commons-2.7.2.jar:2.7.2]
	at org.springframework.aop.framework.ReflectiveMethodInvocation.proceed(ReflectiveMethodInvocation.java:186) ~[spring-aop-5.3.22.jar:5.3.22]
	at org.springframework.transaction.interceptor.TransactionInterceptor$1.proceedWithInvocation(TransactionInterceptor.java:123) ~[spring-tx-5.3.22.jar:5.3.22]
	at org.springframework.transaction.interceptor.TransactionAspectSupport.invokeWithinTransaction(TransactionAspectSupport.java:388) ~[spring-tx-5.3.22.jar:5.3.22]
	at org.springframework.transaction.interceptor.TransactionInterceptor.invoke(TransactionInterceptor.java:119) ~[spring-tx-5.3.22.jar:5.3.22]
	at org.springframework.aop.framework.ReflectiveMethodInvocation.proceed(ReflectiveMethodInvocation.java:186) ~[spring-aop-5.3.22.jar:5.3.22]
	at org.springframework.dao.support.PersistenceExceptionTranslationInterceptor.invoke(PersistenceExceptionTranslationInterceptor.java:137) ~[spring-tx-5.3.22.jar:5.3.22]
	at org.springframework.aop.framework.ReflectiveMethodInvocation.proceed(ReflectiveMethodInvocation.java:186) ~[spring-aop-5.3.22.jar:5.3.22]
	at org.springframework.data.jpa.repository.support.CrudMethodMetadataPostProcessor$CrudMethodMetadataPopulatingMethodInterceptor.invoke(CrudMethodMetadataPostProcessor.java:174) ~[spring-data-jpa-2.7.2.jar:2.7.2]
	at org.springframework.aop.framework.ReflectiveMethodInvocation.proceed(ReflectiveMethodInvocation.java:186) ~[spring-aop-5.3.22.jar:5.3.22]
	at org.springframework.aop.interceptor.ExposeInvocationInterceptor.invoke(ExposeInvocationInterceptor.java:97) ~[spring-aop-5.3.22.jar:5.3.22]
	at org.springframework.aop.framework.ReflectiveMethodInvocation.proceed(ReflectiveMethodInvocation.java:186) ~[spring-aop-5.3.22.jar:5.3.22]
	at org.springframework.aop.framework.JdkDynamicAopProxy.invoke(JdkDynamicAopProxy.java:215) ~[spring-aop-5.3.22.jar:5.3.22]
	at jdk.proxy2/jdk.proxy2.$Proxy107.save(Unknown Source) ~[na:na]
	at com.chuwa.redbook.service.impl.PostServiceImpl.createPost(PostServiceImpl.java:46) ~[classes/:na]
	at com.chuwa.redbook.controller.PostController.createPost(PostController.java:25) ~[classes/:na]
	at java.base/jdk.internal.reflect.DirectMethodHandleAccessor.invoke(DirectMethodHandleAccessor.java:104) ~[na:na]
	at java.base/java.lang.reflect.Method.invoke(Method.java:565) ~[na:na]
	at org.springframework.web.method.support.InvocableHandlerMethod.doInvoke(InvocableHandlerMethod.java:205) ~[spring-web-5.3.22.jar:5.3.22]
	at org.springframework.web.method.support.InvocableHandlerMethod.invokeForRequest(InvocableHandlerMethod.java:150) ~[spring-web-5.3.22.jar:5.3.22]
	at org.springframework.web.servlet.mvc.method.annotation.ServletInvocableHandlerMethod.invokeAndHandle(ServletInvocableHandlerMethod.java:117) ~[spring-webmvc-5.3.22.jar:5.3.22]
	at org.springframework.web.servlet.mvc.method.annotation.RequestMappingHandlerAdapter.invokeHandlerMethod(RequestMappingHandlerAdapter.java:895) ~[spring-webmvc-5.3.22.jar:5.3.22]
	at org.springframework.web.servlet.mvc.method.annotation.RequestMappingHandlerAdapter.handleInternal(RequestMappingHandlerAdapter.java:808) ~[spring-webmvc-5.3.22.jar:5.3.22]
	at org.springframework.web.servlet.mvc.method.AbstractHandlerMethodAdapter.handle(AbstractHandlerMethodAdapter.java:87) ~[spring-webmvc-5.3.22.jar:5.3.22]
	at org.springframework.web.servlet.DispatcherServlet.doDispatch(DispatcherServlet.java:1070) ~[spring-webmvc-5.3.22.jar:5.3.22]
	at org.springframework.web.servlet.DispatcherServlet.doService(DispatcherServlet.java:963) ~[spring-webmvc-5.3.22.jar:5.3.22]
	at org.springframework.web.servlet.FrameworkServlet.processRequest(FrameworkServlet.java:1006) ~[spring-webmvc-5.3.22.jar:5.3.22]
	at org.springframework.web.servlet.FrameworkServlet.doPost(FrameworkServlet.java:909) ~[spring-webmvc-5.3.22.jar:5.3.22]
	at javax.servlet.http.HttpServlet.service(HttpServlet.java:681) ~[tomcat-embed-core-9.0.65.jar:4.0.FR]
	at org.springframework.web.servlet.FrameworkServlet.service(FrameworkServlet.java:883) ~[spring-webmvc-5.3.22.jar:5.3.22]
	at javax.servlet.http.HttpServlet.service(HttpServlet.java:764) ~[tomcat-embed-core-9.0.65.jar:4.0.FR]
	at org.apache.catalina.core.ApplicationFilterChain.internalDoFilter(ApplicationFilterChain.java:227) ~[tomcat-embed-core-9.0.65.jar:9.0.65]
	at org.apache.catalina.core.ApplicationFilterChain.doFilter(ApplicationFilterChain.java:162) ~[tomcat-embed-core-9.0.65.jar:9.0.65]
	at org.apache.tomcat.websocket.server.WsFilter.doFilter(WsFilter.java:53) ~[tomcat-embed-websocket-9.0.65.jar:9.0.65]
	at org.apache.catalina.core.ApplicationFilterChain.internalDoFilter(ApplicationFilterChain.java:189) ~[tomcat-embed-core-9.0.65.jar:9.0.65]
	at org.apache.catalina.core.ApplicationFilterChain.doFilter(ApplicationFilterChain.java:162) ~[tomcat-embed-core-9.0.65.jar:9.0.65]
	at org.springframework.web.filter.RequestContextFilter.doFilterInternal(RequestContextFilter.java:100) ~[spring-web-5.3.22.jar:5.3.22]
	at org.springframework.web.filter.OncePerRequestFilter.doFilter(OncePerRequestFilter.java:117) ~[spring-web-5.3.22.jar:5.3.22]
	at org.apache.catalina.core.ApplicationFilterChain.internalDoFilter(ApplicationFilterChain.java:189) ~[tomcat-embed-core-9.0.65.jar:9.0.65]
	at org.apache.catalina.core.ApplicationFilterChain.doFilter(ApplicationFilterChain.java:162) ~[tomcat-embed-core-9.0.65.jar:9.0.65]
	at org.springframework.web.filter.FormContentFilter.doFilterInternal(FormContentFilter.java:93) ~[spring-web-5.3.22.jar:5.3.22]
	at org.springframework.web.filter.OncePerRequestFilter.doFilter(OncePerRequestFilter.java:117) ~[spring-web-5.3.22.jar:5.3.22]
	at org.apache.catalina.core.ApplicationFilterChain.internalDoFilter(ApplicationFilterChain.java:189) ~[tomcat-embed-core-9.0.65.jar:9.0.65]
	at org.apache.catalina.core.ApplicationFilterChain.doFilter(ApplicationFilterChain.java:162) ~[tomcat-embed-core-9.0.65.jar:9.0.65]
	at org.springframework.web.filter.CharacterEncodingFilter.doFilterInternal(CharacterEncodingFilter.java:201) ~[spring-web-5.3.22.jar:5.3.22]
	at org.springframework.web.filter.OncePerRequestFilter.doFilter(OncePerRequestFilter.java:117) ~[spring-web-5.3.22.jar:5.3.22]
	at org.apache.catalina.core.ApplicationFilterChain.internalDoFilter(ApplicationFilterChain.java:189) ~[tomcat-embed-core-9.0.65.jar:9.0.65]
	at org.apache.catalina.core.ApplicationFilterChain.doFilter(ApplicationFilterChain.java:162) ~[tomcat-embed-core-9.0.65.jar:9.0.65]
	at org.apache.catalina.core.StandardWrapperValve.invoke(StandardWrapperValve.java:197) ~[tomcat-embed-core-9.0.65.jar:9.0.65]
	at org.apache.catalina.core.StandardContextValve.invoke(StandardContextValve.java:97) ~[tomcat-embed-core-9.0.65.jar:9.0.65]
	at org.apache.catalina.authenticator.AuthenticatorBase.invoke(AuthenticatorBase.java:541) ~[tomcat-embed-core-9.0.65.jar:9.0.65]
	at org.apache.catalina.core.StandardHostValve.invoke(StandardHostValve.java:135) ~[tomcat-embed-core-9.0.65.jar:9.0.65]
	at org.apache.catalina.valves.ErrorReportValve.invoke(ErrorReportValve.java:92) ~[tomcat-embed-core-9.0.65.jar:9.0.65]
	at org.apache.catalina.core.StandardEngineValve.invoke(StandardEngineValve.java:78) ~[tomcat-embed-core-9.0.65.jar:9.0.65]
	at org.apache.catalina.connector.CoyoteAdapter.service(CoyoteAdapter.java:360) ~[tomcat-embed-core-9.0.65.jar:9.0.65]
	at org.apache.coyote.http11.Http11Processor.service(Http11Processor.java:399) ~[tomcat-embed-core-9.0.65.jar:9.0.65]
	at org.apache.coyote.AbstractProcessorLight.process(AbstractProcessorLight.java:65) ~[tomcat-embed-core-9.0.65.jar:9.0.65]
	at org.apache.coyote.AbstractProtocol$ConnectionHandler.process(AbstractProtocol.java:890) ~[tomcat-embed-core-9.0.65.jar:9.0.65]
	at org.apache.tomcat.util.net.NioEndpoint$SocketProcessor.doRun(NioEndpoint.java:1789) ~[tomcat-embed-core-9.0.65.jar:9.0.65]
	at org.apache.tomcat.util.net.SocketProcessorBase.run(SocketProcessorBase.java:49) ~[tomcat-embed-core-9.0.65.jar:9.0.65]
	at org.apache.tomcat.util.threads.ThreadPoolExecutor.runWorker(ThreadPoolExecutor.java:1191) ~[tomcat-embed-core-9.0.65.jar:9.0.65]
	at org.apache.tomcat.util.threads.ThreadPoolExecutor$Worker.run(ThreadPoolExecutor.java:659) ~[tomcat-embed-core-9.0.65.jar:9.0.65]
	at org.apache.tomcat.util.threads.TaskThread$WrappingRunnable.run(TaskThread.java:61) ~[tomcat-embed-core-9.0.65.jar:9.0.65]
	at java.base/java.lang.Thread.run(Thread.java:1447) ~[na:na]

Hibernate: 
    insert 
    into
        posts
        (id, content, create_date_time, description, title, update_date_time) 
    values
        (default, ?, ?, ?, ?, ?)
[2m2025-07-08 13:10:35.537[0;39m [33m WARN[0;39m [35m40136[0;39m [2m---[0;39m [2m[nio-8080-exec-4][0;39m [36mo.h.engine.jdbc.spi.SqlExceptionHelper  [0;39m [2m:[0;39m SQL Error: 23505, SQLState: 23505
[2m2025-07-08 13:10:35.537[0;39m [31mERROR[0;39m [35m40136[0;39m [2m---[0;39m [2m[nio-8080-exec-4][0;39m [36mo.h.engine.jdbc.spi.SqlExceptionHelper  [0;39m [2m:[0;39m Unique index or primary key violation: "PUBLIC.UKMCHCE1GM7F6OTPPHXD6IXSDPS_INDEX_4 ON PUBLIC.POSTS(TITLE NULLS FIRST) VALUES ( /* 5 */ 'New Post Title' )"; SQL statement:
insert into posts (id, content, create_date_time, description, title, update_date_time) values (default, ?, ?, ?, ?, ?) [23505-214]
[2m2025-07-08 13:10:35.540[0;39m [31mERROR[0;39m [35m40136[0;39m [2m---[0;39m [2m[nio-8080-exec-4][0;39m [36mo.a.c.c.C.[.[.[/].[dispatcherServlet]   [0;39m [2m:[0;39m Servlet.service() for servlet [dispatcherServlet] in context with path [] threw exception [Request processing failed; nested exception is org.springframework.dao.DataIntegrityViolationException: could not execute statement; SQL [n/a]; constraint ["PUBLIC.UKMCHCE1GM7F6OTPPHXD6IXSDPS_INDEX_4 ON PUBLIC.POSTS(TITLE NULLS FIRST) VALUES ( /* 5 */ 'New Post Title' )"; SQL statement:
insert into posts (id, content, create_date_time, description, title, update_date_time) values (default, ?, ?, ?, ?, ?) [23505-214]]; nested exception is org.hibernate.exception.ConstraintViolationException: could not execute statement] with root cause

org.h2.jdbc.JdbcSQLIntegrityConstraintViolationException: Unique index or primary key violation: "PUBLIC.UKMCHCE1GM7F6OTPPHXD6IXSDPS_INDEX_4 ON PUBLIC.POSTS(TITLE NULLS FIRST) VALUES ( /* 5 */ 'New Post Title' )"; SQL statement:
insert into posts (id, content, create_date_time, description, title, update_date_time) values (default, ?, ?, ?, ?, ?) [23505-214]
	at org.h2.message.DbException.getJdbcSQLException(DbException.java:508) ~[h2-2.1.214.jar:2.1.214]
	at org.h2.message.DbException.getJdbcSQLException(DbException.java:477) ~[h2-2.1.214.jar:2.1.214]
	at org.h2.message.DbException.get(DbException.java:223) ~[h2-2.1.214.jar:2.1.214]
	at org.h2.message.DbException.get(DbException.java:199) ~[h2-2.1.214.jar:2.1.214]
	at org.h2.index.Index.getDuplicateKeyException(Index.java:525) ~[h2-2.1.214.jar:2.1.214]
	at org.h2.mvstore.db.MVSecondaryIndex.checkUnique(MVSecondaryIndex.java:223) ~[h2-2.1.214.jar:2.1.214]
	at org.h2.mvstore.db.MVSecondaryIndex.add(MVSecondaryIndex.java:184) ~[h2-2.1.214.jar:2.1.214]
	at org.h2.mvstore.db.MVTable.addRow(MVTable.java:519) ~[h2-2.1.214.jar:2.1.214]
	at org.h2.command.dml.Insert.insertRows(Insert.java:174) ~[h2-2.1.214.jar:2.1.214]
	at org.h2.command.dml.Insert.update(Insert.java:135) ~[h2-2.1.214.jar:2.1.214]
	at org.h2.command.CommandContainer.executeUpdateWithGeneratedKeys(CommandContainer.java:242) ~[h2-2.1.214.jar:2.1.214]
	at org.h2.command.CommandContainer.update(CommandContainer.java:163) ~[h2-2.1.214.jar:2.1.214]
	at org.h2.command.Command.executeUpdate(Command.java:252) ~[h2-2.1.214.jar:2.1.214]
	at org.h2.jdbc.JdbcPreparedStatement.executeUpdateInternal(JdbcPreparedStatement.java:209) ~[h2-2.1.214.jar:2.1.214]
	at org.h2.jdbc.JdbcPreparedStatement.executeUpdate(JdbcPreparedStatement.java:169) ~[h2-2.1.214.jar:2.1.214]
	at com.zaxxer.hikari.pool.ProxyPreparedStatement.executeUpdate(ProxyPreparedStatement.java:61) ~[HikariCP-4.0.3.jar:na]
	at com.zaxxer.hikari.pool.HikariProxyPreparedStatement.executeUpdate(HikariProxyPreparedStatement.java) ~[HikariCP-4.0.3.jar:na]
	at org.hibernate.engine.jdbc.internal.ResultSetReturnImpl.executeUpdate(ResultSetReturnImpl.java:197) ~[hibernate-core-5.6.10.Final.jar:5.6.10.Final]
	at org.hibernate.dialect.identity.GetGeneratedKeysDelegate.executeAndExtract(GetGeneratedKeysDelegate.java:58) ~[hibernate-core-5.6.10.Final.jar:5.6.10.Final]
	at org.hibernate.id.insert.AbstractReturningDelegate.performInsert(AbstractReturningDelegate.java:43) ~[hibernate-core-5.6.10.Final.jar:5.6.10.Final]
	at org.hibernate.persister.entity.AbstractEntityPersister.insert(AbstractEntityPersister.java:3279) ~[hibernate-core-5.6.10.Final.jar:5.6.10.Final]
	at org.hibernate.persister.entity.AbstractEntityPersister.insert(AbstractEntityPersister.java:3885) ~[hibernate-core-5.6.10.Final.jar:5.6.10.Final]
	at org.hibernate.action.internal.EntityIdentityInsertAction.execute(EntityIdentityInsertAction.java:84) ~[hibernate-core-5.6.10.Final.jar:5.6.10.Final]
	at org.hibernate.engine.spi.ActionQueue.execute(ActionQueue.java:645) ~[hibernate-core-5.6.10.Final.jar:5.6.10.Final]
	at org.hibernate.engine.spi.ActionQueue.addResolvedEntityInsertAction(ActionQueue.java:282) ~[hibernate-core-5.6.10.Final.jar:5.6.10.Final]
	at org.hibernate.engine.spi.ActionQueue.addInsertAction(ActionQueue.java:263) ~[hibernate-core-5.6.10.Final.jar:5.6.10.Final]
	at org.hibernate.engine.spi.ActionQueue.addAction(ActionQueue.java:317) ~[hibernate-core-5.6.10.Final.jar:5.6.10.Final]
	at org.hibernate.event.internal.AbstractSaveEventListener.addInsertAction(AbstractSaveEventListener.java:330) ~[hibernate-core-5.6.10.Final.jar:5.6.10.Final]
	at org.hibernate.event.internal.AbstractSaveEventListener.performSaveOrReplicate(AbstractSaveEventListener.java:287) ~[hibernate-core-5.6.10.Final.jar:5.6.10.Final]
	at org.hibernate.event.internal.AbstractSaveEventListener.performSave(AbstractSaveEventListener.java:193) ~[hibernate-core-5.6.10.Final.jar:5.6.10.Final]
	at org.hibernate.event.internal.AbstractSaveEventListener.saveWithGeneratedId(AbstractSaveEventListener.java:123) ~[hibernate-core-5.6.10.Final.jar:5.6.10.Final]
	at org.hibernate.event.internal.DefaultPersistEventListener.entityIsTransient(DefaultPersistEventListener.java:185) ~[hibernate-core-5.6.10.Final.jar:5.6.10.Final]
	at org.hibernate.event.internal.DefaultPersistEventListener.onPersist(DefaultPersistEventListener.java:128) ~[hibernate-core-5.6.10.Final.jar:5.6.10.Final]
	at org.hibernate.event.internal.DefaultPersistEventListener.onPersist(DefaultPersistEventListener.java:55) ~[hibernate-core-5.6.10.Final.jar:5.6.10.Final]
	at org.hibernate.event.service.internal.EventListenerGroupImpl.fireEventOnEachListener(EventListenerGroupImpl.java:107) ~[hibernate-core-5.6.10.Final.jar:5.6.10.Final]
	at org.hibernate.internal.SessionImpl.firePersist(SessionImpl.java:756) ~[hibernate-core-5.6.10.Final.jar:5.6.10.Final]
	at org.hibernate.internal.SessionImpl.persist(SessionImpl.java:742) ~[hibernate-core-5.6.10.Final.jar:5.6.10.Final]
	at java.base/jdk.internal.reflect.DirectMethodHandleAccessor.invoke(DirectMethodHandleAccessor.java:104) ~[na:na]
	at java.base/java.lang.reflect.Method.invoke(Method.java:565) ~[na:na]
	at org.springframework.orm.jpa.ExtendedEntityManagerCreator$ExtendedEntityManagerInvocationHandler.invoke(ExtendedEntityManagerCreator.java:362) ~[spring-orm-5.3.22.jar:5.3.22]
	at jdk.proxy2/jdk.proxy2.$Proxy103.persist(Unknown Source) ~[na:na]
	at java.base/jdk.internal.reflect.DirectMethodHandleAccessor.invoke(DirectMethodHandleAccessor.java:104) ~[na:na]
	at java.base/java.lang.reflect.Method.invoke(Method.java:565) ~[na:na]
	at org.springframework.orm.jpa.SharedEntityManagerCreator$SharedEntityManagerInvocationHandler.invoke(SharedEntityManagerCreator.java:311) ~[spring-orm-5.3.22.jar:5.3.22]
	at jdk.proxy2/jdk.proxy2.$Proxy103.persist(Unknown Source) ~[na:na]
	at org.springframework.data.jpa.repository.support.SimpleJpaRepository.save(SimpleJpaRepository.java:666) ~[spring-data-jpa-2.7.2.jar:2.7.2]
	at java.base/jdk.internal.reflect.DirectMethodHandleAccessor.invoke(DirectMethodHandleAccessor.java:104) ~[na:na]
	at java.base/java.lang.reflect.Method.invoke(Method.java:565) ~[na:na]
	at org.springframework.data.repository.core.support.RepositoryMethodInvoker$RepositoryFragmentMethodInvoker.lambda$new$0(RepositoryMethodInvoker.java:289) ~[spring-data-commons-2.7.2.jar:2.7.2]
	at org.springframework.data.repository.core.support.RepositoryMethodInvoker.doInvoke(RepositoryMethodInvoker.java:137) ~[spring-data-commons-2.7.2.jar:2.7.2]
	at org.springframework.data.repository.core.support.RepositoryMethodInvoker.invoke(RepositoryMethodInvoker.java:121) ~[spring-data-commons-2.7.2.jar:2.7.2]
	at org.springframework.data.repository.core.support.RepositoryComposition$RepositoryFragments.invoke(RepositoryComposition.java:530) ~[spring-data-commons-2.7.2.jar:2.7.2]
	at org.springframework.data.repository.core.support.RepositoryComposition.invoke(RepositoryComposition.java:286) ~[spring-data-commons-2.7.2.jar:2.7.2]
	at org.springframework.data.repository.core.support.RepositoryFactorySupport$ImplementationMethodExecutionInterceptor.invoke(RepositoryFactorySupport.java:640) ~[spring-data-commons-2.7.2.jar:2.7.2]
	at org.springframework.aop.framework.ReflectiveMethodInvocation.proceed(ReflectiveMethodInvocation.java:186) ~[spring-aop-5.3.22.jar:5.3.22]
	at org.springframework.data.repository.core.support.QueryExecutorMethodInterceptor.doInvoke(QueryExecutorMethodInterceptor.java:164) ~[spring-data-commons-2.7.2.jar:2.7.2]
	at org.springframework.data.repository.core.support.QueryExecutorMethodInterceptor.invoke(QueryExecutorMethodInterceptor.java:139) ~[spring-data-commons-2.7.2.jar:2.7.2]
	at org.springframework.aop.framework.ReflectiveMethodInvocation.proceed(ReflectiveMethodInvocation.java:186) ~[spring-aop-5.3.22.jar:5.3.22]
	at org.springframework.data.projection.DefaultMethodInvokingMethodInterceptor.invoke(DefaultMethodInvokingMethodInterceptor.java:81) ~[spring-data-commons-2.7.2.jar:2.7.2]
	at org.springframework.aop.framework.ReflectiveMethodInvocation.proceed(ReflectiveMethodInvocation.java:186) ~[spring-aop-5.3.22.jar:5.3.22]
	at org.springframework.transaction.interceptor.TransactionInterceptor$1.proceedWithInvocation(TransactionInterceptor.java:123) ~[spring-tx-5.3.22.jar:5.3.22]
	at org.springframework.transaction.interceptor.TransactionAspectSupport.invokeWithinTransaction(TransactionAspectSupport.java:388) ~[spring-tx-5.3.22.jar:5.3.22]
	at org.springframework.transaction.interceptor.TransactionInterceptor.invoke(TransactionInterceptor.java:119) ~[spring-tx-5.3.22.jar:5.3.22]
	at org.springframework.aop.framework.ReflectiveMethodInvocation.proceed(ReflectiveMethodInvocation.java:186) ~[spring-aop-5.3.22.jar:5.3.22]
	at org.springframework.dao.support.PersistenceExceptionTranslationInterceptor.invoke(PersistenceExceptionTranslationInterceptor.java:137) ~[spring-tx-5.3.22.jar:5.3.22]
	at org.springframework.aop.framework.ReflectiveMethodInvocation.proceed(ReflectiveMethodInvocation.java:186) ~[spring-aop-5.3.22.jar:5.3.22]
	at org.springframework.data.jpa.repository.support.CrudMethodMetadataPostProcessor$CrudMethodMetadataPopulatingMethodInterceptor.invoke(CrudMethodMetadataPostProcessor.java:174) ~[spring-data-jpa-2.7.2.jar:2.7.2]
	at org.springframework.aop.framework.ReflectiveMethodInvocation.proceed(ReflectiveMethodInvocation.java:186) ~[spring-aop-5.3.22.jar:5.3.22]
	at org.springframework.aop.interceptor.ExposeInvocationInterceptor.invoke(ExposeInvocationInterceptor.java:97) ~[spring-aop-5.3.22.jar:5.3.22]
	at org.springframework.aop.framework.ReflectiveMethodInvocation.proceed(ReflectiveMethodInvocation.java:186) ~[spring-aop-5.3.22.jar:5.3.22]
	at org.springframework.aop.framework.JdkDynamicAopProxy.invoke(JdkDynamicAopProxy.java:215) ~[spring-aop-5.3.22.jar:5.3.22]
	at jdk.proxy2/jdk.proxy2.$Proxy107.save(Unknown Source) ~[na:na]
	at com.chuwa.redbook.service.impl.PostServiceImpl.createPost(PostServiceImpl.java:46) ~[classes/:na]
	at com.chuwa.redbook.controller.PostController.createPost(PostController.java:25) ~[classes/:na]
	at java.base/jdk.internal.reflect.DirectMethodHandleAccessor.invoke(DirectMethodHandleAccessor.java:104) ~[na:na]
	at java.base/java.lang.reflect.Method.invoke(Method.java:565) ~[na:na]
	at org.springframework.web.method.support.InvocableHandlerMethod.doInvoke(InvocableHandlerMethod.java:205) ~[spring-web-5.3.22.jar:5.3.22]
	at org.springframework.web.method.support.InvocableHandlerMethod.invokeForRequest(InvocableHandlerMethod.java:150) ~[spring-web-5.3.22.jar:5.3.22]
	at org.springframework.web.servlet.mvc.method.annotation.ServletInvocableHandlerMethod.invokeAndHandle(ServletInvocableHandlerMethod.java:117) ~[spring-webmvc-5.3.22.jar:5.3.22]
	at org.springframework.web.servlet.mvc.method.annotation.RequestMappingHandlerAdapter.invokeHandlerMethod(RequestMappingHandlerAdapter.java:895) ~[spring-webmvc-5.3.22.jar:5.3.22]
	at org.springframework.web.servlet.mvc.method.annotation.RequestMappingHandlerAdapter.handleInternal(RequestMappingHandlerAdapter.java:808) ~[spring-webmvc-5.3.22.jar:5.3.22]
	at org.springframework.web.servlet.mvc.method.AbstractHandlerMethodAdapter.handle(AbstractHandlerMethodAdapter.java:87) ~[spring-webmvc-5.3.22.jar:5.3.22]
	at org.springframework.web.servlet.DispatcherServlet.doDispatch(DispatcherServlet.java:1070) ~[spring-webmvc-5.3.22.jar:5.3.22]
	at org.springframework.web.servlet.DispatcherServlet.doService(DispatcherServlet.java:963) ~[spring-webmvc-5.3.22.jar:5.3.22]
	at org.springframework.web.servlet.FrameworkServlet.processRequest(FrameworkServlet.java:1006) ~[spring-webmvc-5.3.22.jar:5.3.22]
	at org.springframework.web.servlet.FrameworkServlet.doPost(FrameworkServlet.java:909) ~[spring-webmvc-5.3.22.jar:5.3.22]
	at javax.servlet.http.HttpServlet.service(HttpServlet.java:681) ~[tomcat-embed-core-9.0.65.jar:4.0.FR]
	at org.springframework.web.servlet.FrameworkServlet.service(FrameworkServlet.java:883) ~[spring-webmvc-5.3.22.jar:5.3.22]
	at javax.servlet.http.HttpServlet.service(HttpServlet.java:764) ~[tomcat-embed-core-9.0.65.jar:4.0.FR]
	at org.apache.catalina.core.ApplicationFilterChain.internalDoFilter(ApplicationFilterChain.java:227) ~[tomcat-embed-core-9.0.65.jar:9.0.65]
	at org.apache.catalina.core.ApplicationFilterChain.doFilter(ApplicationFilterChain.java:162) ~[tomcat-embed-core-9.0.65.jar:9.0.65]
	at org.apache.tomcat.websocket.server.WsFilter.doFilter(WsFilter.java:53) ~[tomcat-embed-websocket-9.0.65.jar:9.0.65]
	at org.apache.catalina.core.ApplicationFilterChain.internalDoFilter(ApplicationFilterChain.java:189) ~[tomcat-embed-core-9.0.65.jar:9.0.65]
	at org.apache.catalina.core.ApplicationFilterChain.doFilter(ApplicationFilterChain.java:162) ~[tomcat-embed-core-9.0.65.jar:9.0.65]
	at org.springframework.web.filter.RequestContextFilter.doFilterInternal(RequestContextFilter.java:100) ~[spring-web-5.3.22.jar:5.3.22]
	at org.springframework.web.filter.OncePerRequestFilter.doFilter(OncePerRequestFilter.java:117) ~[spring-web-5.3.22.jar:5.3.22]
	at org.apache.catalina.core.ApplicationFilterChain.internalDoFilter(ApplicationFilterChain.java:189) ~[tomcat-embed-core-9.0.65.jar:9.0.65]
	at org.apache.catalina.core.ApplicationFilterChain.doFilter(ApplicationFilterChain.java:162) ~[tomcat-embed-core-9.0.65.jar:9.0.65]
	at org.springframework.web.filter.FormContentFilter.doFilterInternal(FormContentFilter.java:93) ~[spring-web-5.3.22.jar:5.3.22]
	at org.springframework.web.filter.OncePerRequestFilter.doFilter(OncePerRequestFilter.java:117) ~[spring-web-5.3.22.jar:5.3.22]
	at org.apache.catalina.core.ApplicationFilterChain.internalDoFilter(ApplicationFilterChain.java:189) ~[tomcat-embed-core-9.0.65.jar:9.0.65]
	at org.apache.catalina.core.ApplicationFilterChain.doFilter(ApplicationFilterChain.java:162) ~[tomcat-embed-core-9.0.65.jar:9.0.65]
	at org.springframework.web.filter.CharacterEncodingFilter.doFilterInternal(CharacterEncodingFilter.java:201) ~[spring-web-5.3.22.jar:5.3.22]
	at org.springframework.web.filter.OncePerRequestFilter.doFilter(OncePerRequestFilter.java:117) ~[spring-web-5.3.22.jar:5.3.22]
	at org.apache.catalina.core.ApplicationFilterChain.internalDoFilter(ApplicationFilterChain.java:189) ~[tomcat-embed-core-9.0.65.jar:9.0.65]
	at org.apache.catalina.core.ApplicationFilterChain.doFilter(ApplicationFilterChain.java:162) ~[tomcat-embed-core-9.0.65.jar:9.0.65]
	at org.apache.catalina.core.StandardWrapperValve.invoke(StandardWrapperValve.java:197) ~[tomcat-embed-core-9.0.65.jar:9.0.65]
	at org.apache.catalina.core.StandardContextValve.invoke(StandardContextValve.java:97) ~[tomcat-embed-core-9.0.65.jar:9.0.65]
	at org.apache.catalina.authenticator.AuthenticatorBase.invoke(AuthenticatorBase.java:541) ~[tomcat-embed-core-9.0.65.jar:9.0.65]
	at org.apache.catalina.core.StandardHostValve.invoke(StandardHostValve.java:135) ~[tomcat-embed-core-9.0.65.jar:9.0.65]
	at org.apache.catalina.valves.ErrorReportValve.invoke(ErrorReportValve.java:92) ~[tomcat-embed-core-9.0.65.jar:9.0.65]
	at org.apache.catalina.core.StandardEngineValve.invoke(StandardEngineValve.java:78) ~[tomcat-embed-core-9.0.65.jar:9.0.65]
	at org.apache.catalina.connector.CoyoteAdapter.service(CoyoteAdapter.java:360) ~[tomcat-embed-core-9.0.65.jar:9.0.65]
	at org.apache.coyote.http11.Http11Processor.service(Http11Processor.java:399) ~[tomcat-embed-core-9.0.65.jar:9.0.65]
	at org.apache.coyote.AbstractProcessorLight.process(AbstractProcessorLight.java:65) ~[tomcat-embed-core-9.0.65.jar:9.0.65]
	at org.apache.coyote.AbstractProtocol$ConnectionHandler.process(AbstractProtocol.java:890) ~[tomcat-embed-core-9.0.65.jar:9.0.65]
	at org.apache.tomcat.util.net.NioEndpoint$SocketProcessor.doRun(NioEndpoint.java:1789) ~[tomcat-embed-core-9.0.65.jar:9.0.65]
	at org.apache.tomcat.util.net.SocketProcessorBase.run(SocketProcessorBase.java:49) ~[tomcat-embed-core-9.0.65.jar:9.0.65]
	at org.apache.tomcat.util.threads.ThreadPoolExecutor.runWorker(ThreadPoolExecutor.java:1191) ~[tomcat-embed-core-9.0.65.jar:9.0.65]
	at org.apache.tomcat.util.threads.ThreadPoolExecutor$Worker.run(ThreadPoolExecutor.java:659) ~[tomcat-embed-core-9.0.65.jar:9.0.65]
	at org.apache.tomcat.util.threads.TaskThread$WrappingRunnable.run(TaskThread.java:61) ~[tomcat-embed-core-9.0.65.jar:9.0.65]
	at java.base/java.lang.Thread.run(Thread.java:1447) ~[na:na]

Hibernate: 
    insert 
    into
        posts
        (id, content, create_date_time, description, title, update_date_time) 
    values
        (default, ?, ?, ?, ?, ?)
[2m2025-07-08 13:10:36.052[0;39m [33m WARN[0;39m [35m40136[0;39m [2m---[0;39m [2m[nio-8080-exec-2][0;39m [36mo.h.engine.jdbc.spi.SqlExceptionHelper  [0;39m [2m:[0;39m SQL Error: 23505, SQLState: 23505
[2m2025-07-08 13:10:36.052[0;39m [31mERROR[0;39m [35m40136[0;39m [2m---[0;39m [2m[nio-8080-exec-2][0;39m [36mo.h.engine.jdbc.spi.SqlExceptionHelper  [0;39m [2m:[0;39m Unique index or primary key violation: "PUBLIC.UKMCHCE1GM7F6OTPPHXD6IXSDPS_INDEX_4 ON PUBLIC.POSTS(TITLE NULLS FIRST) VALUES ( /* 5 */ 'New Post Title' )"; SQL statement:
insert into posts (id, content, create_date_time, description, title, update_date_time) values (default, ?, ?, ?, ?, ?) [23505-214]
[2m2025-07-08 13:10:36.054[0;39m [31mERROR[0;39m [35m40136[0;39m [2m---[0;39m [2m[nio-8080-exec-2][0;39m [36mo.a.c.c.C.[.[.[/].[dispatcherServlet]   [0;39m [2m:[0;39m Servlet.service() for servlet [dispatcherServlet] in context with path [] threw exception [Request processing failed; nested exception is org.springframework.dao.DataIntegrityViolationException: could not execute statement; SQL [n/a]; constraint ["PUBLIC.UKMCHCE1GM7F6OTPPHXD6IXSDPS_INDEX_4 ON PUBLIC.POSTS(TITLE NULLS FIRST) VALUES ( /* 5 */ 'New Post Title' )"; SQL statement:
insert into posts (id, content, create_date_time, description, title, update_date_time) values (default, ?, ?, ?, ?, ?) [23505-214]]; nested exception is org.hibernate.exception.ConstraintViolationException: could not execute statement] with root cause

org.h2.jdbc.JdbcSQLIntegrityConstraintViolationException: Unique index or primary key violation: "PUBLIC.UKMCHCE1GM7F6OTPPHXD6IXSDPS_INDEX_4 ON PUBLIC.POSTS(TITLE NULLS FIRST) VALUES ( /* 5 */ 'New Post Title' )"; SQL statement:
insert into posts (id, content, create_date_time, description, title, update_date_time) values (default, ?, ?, ?, ?, ?) [23505-214]
	at org.h2.message.DbException.getJdbcSQLException(DbException.java:508) ~[h2-2.1.214.jar:2.1.214]
	at org.h2.message.DbException.getJdbcSQLException(DbException.java:477) ~[h2-2.1.214.jar:2.1.214]
	at org.h2.message.DbException.get(DbException.java:223) ~[h2-2.1.214.jar:2.1.214]
	at org.h2.message.DbException.get(DbException.java:199) ~[h2-2.1.214.jar:2.1.214]
	at org.h2.index.Index.getDuplicateKeyException(Index.java:525) ~[h2-2.1.214.jar:2.1.214]
	at org.h2.mvstore.db.MVSecondaryIndex.checkUnique(MVSecondaryIndex.java:223) ~[h2-2.1.214.jar:2.1.214]
	at org.h2.mvstore.db.MVSecondaryIndex.add(MVSecondaryIndex.java:184) ~[h2-2.1.214.jar:2.1.214]
	at org.h2.mvstore.db.MVTable.addRow(MVTable.java:519) ~[h2-2.1.214.jar:2.1.214]
	at org.h2.command.dml.Insert.insertRows(Insert.java:174) ~[h2-2.1.214.jar:2.1.214]
	at org.h2.command.dml.Insert.update(Insert.java:135) ~[h2-2.1.214.jar:2.1.214]
	at org.h2.command.CommandContainer.executeUpdateWithGeneratedKeys(CommandContainer.java:242) ~[h2-2.1.214.jar:2.1.214]
	at org.h2.command.CommandContainer.update(CommandContainer.java:163) ~[h2-2.1.214.jar:2.1.214]
	at org.h2.command.Command.executeUpdate(Command.java:252) ~[h2-2.1.214.jar:2.1.214]
	at org.h2.jdbc.JdbcPreparedStatement.executeUpdateInternal(JdbcPreparedStatement.java:209) ~[h2-2.1.214.jar:2.1.214]
	at org.h2.jdbc.JdbcPreparedStatement.executeUpdate(JdbcPreparedStatement.java:169) ~[h2-2.1.214.jar:2.1.214]
	at com.zaxxer.hikari.pool.ProxyPreparedStatement.executeUpdate(ProxyPreparedStatement.java:61) ~[HikariCP-4.0.3.jar:na]
	at com.zaxxer.hikari.pool.HikariProxyPreparedStatement.executeUpdate(HikariProxyPreparedStatement.java) ~[HikariCP-4.0.3.jar:na]
	at org.hibernate.engine.jdbc.internal.ResultSetReturnImpl.executeUpdate(ResultSetReturnImpl.java:197) ~[hibernate-core-5.6.10.Final.jar:5.6.10.Final]
	at org.hibernate.dialect.identity.GetGeneratedKeysDelegate.executeAndExtract(GetGeneratedKeysDelegate.java:58) ~[hibernate-core-5.6.10.Final.jar:5.6.10.Final]
	at org.hibernate.id.insert.AbstractReturningDelegate.performInsert(AbstractReturningDelegate.java:43) ~[hibernate-core-5.6.10.Final.jar:5.6.10.Final]
	at org.hibernate.persister.entity.AbstractEntityPersister.insert(AbstractEntityPersister.java:3279) ~[hibernate-core-5.6.10.Final.jar:5.6.10.Final]
	at org.hibernate.persister.entity.AbstractEntityPersister.insert(AbstractEntityPersister.java:3885) ~[hibernate-core-5.6.10.Final.jar:5.6.10.Final]
	at org.hibernate.action.internal.EntityIdentityInsertAction.execute(EntityIdentityInsertAction.java:84) ~[hibernate-core-5.6.10.Final.jar:5.6.10.Final]
	at org.hibernate.engine.spi.ActionQueue.execute(ActionQueue.java:645) ~[hibernate-core-5.6.10.Final.jar:5.6.10.Final]
	at org.hibernate.engine.spi.ActionQueue.addResolvedEntityInsertAction(ActionQueue.java:282) ~[hibernate-core-5.6.10.Final.jar:5.6.10.Final]
	at org.hibernate.engine.spi.ActionQueue.addInsertAction(ActionQueue.java:263) ~[hibernate-core-5.6.10.Final.jar:5.6.10.Final]
	at org.hibernate.engine.spi.ActionQueue.addAction(ActionQueue.java:317) ~[hibernate-core-5.6.10.Final.jar:5.6.10.Final]
	at org.hibernate.event.internal.AbstractSaveEventListener.addInsertAction(AbstractSaveEventListener.java:330) ~[hibernate-core-5.6.10.Final.jar:5.6.10.Final]
	at org.hibernate.event.internal.AbstractSaveEventListener.performSaveOrReplicate(AbstractSaveEventListener.java:287) ~[hibernate-core-5.6.10.Final.jar:5.6.10.Final]
	at org.hibernate.event.internal.AbstractSaveEventListener.performSave(AbstractSaveEventListener.java:193) ~[hibernate-core-5.6.10.Final.jar:5.6.10.Final]
	at org.hibernate.event.internal.AbstractSaveEventListener.saveWithGeneratedId(AbstractSaveEventListener.java:123) ~[hibernate-core-5.6.10.Final.jar:5.6.10.Final]
	at org.hibernate.event.internal.DefaultPersistEventListener.entityIsTransient(DefaultPersistEventListener.java:185) ~[hibernate-core-5.6.10.Final.jar:5.6.10.Final]
	at org.hibernate.event.internal.DefaultPersistEventListener.onPersist(DefaultPersistEventListener.java:128) ~[hibernate-core-5.6.10.Final.jar:5.6.10.Final]
	at org.hibernate.event.internal.DefaultPersistEventListener.onPersist(DefaultPersistEventListener.java:55) ~[hibernate-core-5.6.10.Final.jar:5.6.10.Final]
	at org.hibernate.event.service.internal.EventListenerGroupImpl.fireEventOnEachListener(EventListenerGroupImpl.java:107) ~[hibernate-core-5.6.10.Final.jar:5.6.10.Final]
	at org.hibernate.internal.SessionImpl.firePersist(SessionImpl.java:756) ~[hibernate-core-5.6.10.Final.jar:5.6.10.Final]
	at org.hibernate.internal.SessionImpl.persist(SessionImpl.java:742) ~[hibernate-core-5.6.10.Final.jar:5.6.10.Final]
	at java.base/jdk.internal.reflect.DirectMethodHandleAccessor.invoke(DirectMethodHandleAccessor.java:104) ~[na:na]
	at java.base/java.lang.reflect.Method.invoke(Method.java:565) ~[na:na]
	at org.springframework.orm.jpa.ExtendedEntityManagerCreator$ExtendedEntityManagerInvocationHandler.invoke(ExtendedEntityManagerCreator.java:362) ~[spring-orm-5.3.22.jar:5.3.22]
	at jdk.proxy2/jdk.proxy2.$Proxy103.persist(Unknown Source) ~[na:na]
	at java.base/jdk.internal.reflect.DirectMethodHandleAccessor.invoke(DirectMethodHandleAccessor.java:104) ~[na:na]
	at java.base/java.lang.reflect.Method.invoke(Method.java:565) ~[na:na]
	at org.springframework.orm.jpa.SharedEntityManagerCreator$SharedEntityManagerInvocationHandler.invoke(SharedEntityManagerCreator.java:311) ~[spring-orm-5.3.22.jar:5.3.22]
	at jdk.proxy2/jdk.proxy2.$Proxy103.persist(Unknown Source) ~[na:na]
	at org.springframework.data.jpa.repository.support.SimpleJpaRepository.save(SimpleJpaRepository.java:666) ~[spring-data-jpa-2.7.2.jar:2.7.2]
	at java.base/jdk.internal.reflect.DirectMethodHandleAccessor.invoke(DirectMethodHandleAccessor.java:104) ~[na:na]
	at java.base/java.lang.reflect.Method.invoke(Method.java:565) ~[na:na]
	at org.springframework.data.repository.core.support.RepositoryMethodInvoker$RepositoryFragmentMethodInvoker.lambda$new$0(RepositoryMethodInvoker.java:289) ~[spring-data-commons-2.7.2.jar:2.7.2]
	at org.springframework.data.repository.core.support.RepositoryMethodInvoker.doInvoke(RepositoryMethodInvoker.java:137) ~[spring-data-commons-2.7.2.jar:2.7.2]
	at org.springframework.data.repository.core.support.RepositoryMethodInvoker.invoke(RepositoryMethodInvoker.java:121) ~[spring-data-commons-2.7.2.jar:2.7.2]
	at org.springframework.data.repository.core.support.RepositoryComposition$RepositoryFragments.invoke(RepositoryComposition.java:530) ~[spring-data-commons-2.7.2.jar:2.7.2]
	at org.springframework.data.repository.core.support.RepositoryComposition.invoke(RepositoryComposition.java:286) ~[spring-data-commons-2.7.2.jar:2.7.2]
	at org.springframework.data.repository.core.support.RepositoryFactorySupport$ImplementationMethodExecutionInterceptor.invoke(RepositoryFactorySupport.java:640) ~[spring-data-commons-2.7.2.jar:2.7.2]
	at org.springframework.aop.framework.ReflectiveMethodInvocation.proceed(ReflectiveMethodInvocation.java:186) ~[spring-aop-5.3.22.jar:5.3.22]
	at org.springframework.data.repository.core.support.QueryExecutorMethodInterceptor.doInvoke(QueryExecutorMethodInterceptor.java:164) ~[spring-data-commons-2.7.2.jar:2.7.2]
	at org.springframework.data.repository.core.support.QueryExecutorMethodInterceptor.invoke(QueryExecutorMethodInterceptor.java:139) ~[spring-data-commons-2.7.2.jar:2.7.2]
	at org.springframework.aop.framework.ReflectiveMethodInvocation.proceed(ReflectiveMethodInvocation.java:186) ~[spring-aop-5.3.22.jar:5.3.22]
	at org.springframework.data.projection.DefaultMethodInvokingMethodInterceptor.invoke(DefaultMethodInvokingMethodInterceptor.java:81) ~[spring-data-commons-2.7.2.jar:2.7.2]
	at org.springframework.aop.framework.ReflectiveMethodInvocation.proceed(ReflectiveMethodInvocation.java:186) ~[spring-aop-5.3.22.jar:5.3.22]
	at org.springframework.transaction.interceptor.TransactionInterceptor$1.proceedWithInvocation(TransactionInterceptor.java:123) ~[spring-tx-5.3.22.jar:5.3.22]
	at org.springframework.transaction.interceptor.TransactionAspectSupport.invokeWithinTransaction(TransactionAspectSupport.java:388) ~[spring-tx-5.3.22.jar:5.3.22]
	at org.springframework.transaction.interceptor.TransactionInterceptor.invoke(TransactionInterceptor.java:119) ~[spring-tx-5.3.22.jar:5.3.22]
	at org.springframework.aop.framework.ReflectiveMethodInvocation.proceed(ReflectiveMethodInvocation.java:186) ~[spring-aop-5.3.22.jar:5.3.22]
	at org.springframework.dao.support.PersistenceExceptionTranslationInterceptor.invoke(PersistenceExceptionTranslationInterceptor.java:137) ~[spring-tx-5.3.22.jar:5.3.22]
	at org.springframework.aop.framework.ReflectiveMethodInvocation.proceed(ReflectiveMethodInvocation.java:186) ~[spring-aop-5.3.22.jar:5.3.22]
	at org.springframework.data.jpa.repository.support.CrudMethodMetadataPostProcessor$CrudMethodMetadataPopulatingMethodInterceptor.invoke(CrudMethodMetadataPostProcessor.java:174) ~[spring-data-jpa-2.7.2.jar:2.7.2]
	at org.springframework.aop.framework.ReflectiveMethodInvocation.proceed(ReflectiveMethodInvocation.java:186) ~[spring-aop-5.3.22.jar:5.3.22]
	at org.springframework.aop.interceptor.ExposeInvocationInterceptor.invoke(ExposeInvocationInterceptor.java:97) ~[spring-aop-5.3.22.jar:5.3.22]
	at org.springframework.aop.framework.ReflectiveMethodInvocation.proceed(ReflectiveMethodInvocation.java:186) ~[spring-aop-5.3.22.jar:5.3.22]
	at org.springframework.aop.framework.JdkDynamicAopProxy.invoke(JdkDynamicAopProxy.java:215) ~[spring-aop-5.3.22.jar:5.3.22]
	at jdk.proxy2/jdk.proxy2.$Proxy107.save(Unknown Source) ~[na:na]
	at com.chuwa.redbook.service.impl.PostServiceImpl.createPost(PostServiceImpl.java:46) ~[classes/:na]
	at com.chuwa.redbook.controller.PostController.createPost(PostController.java:25) ~[classes/:na]
	at java.base/jdk.internal.reflect.DirectMethodHandleAccessor.invoke(DirectMethodHandleAccessor.java:104) ~[na:na]
	at java.base/java.lang.reflect.Method.invoke(Method.java:565) ~[na:na]
	at org.springframework.web.method.support.InvocableHandlerMethod.doInvoke(InvocableHandlerMethod.java:205) ~[spring-web-5.3.22.jar:5.3.22]
	at org.springframework.web.method.support.InvocableHandlerMethod.invokeForRequest(InvocableHandlerMethod.java:150) ~[spring-web-5.3.22.jar:5.3.22]
	at org.springframework.web.servlet.mvc.method.annotation.ServletInvocableHandlerMethod.invokeAndHandle(ServletInvocableHandlerMethod.java:117) ~[spring-webmvc-5.3.22.jar:5.3.22]
	at org.springframework.web.servlet.mvc.method.annotation.RequestMappingHandlerAdapter.invokeHandlerMethod(RequestMappingHandlerAdapter.java:895) ~[spring-webmvc-5.3.22.jar:5.3.22]
	at org.springframework.web.servlet.mvc.method.annotation.RequestMappingHandlerAdapter.handleInternal(RequestMappingHandlerAdapter.java:808) ~[spring-webmvc-5.3.22.jar:5.3.22]
	at org.springframework.web.servlet.mvc.method.AbstractHandlerMethodAdapter.handle(AbstractHandlerMethodAdapter.java:87) ~[spring-webmvc-5.3.22.jar:5.3.22]
	at org.springframework.web.servlet.DispatcherServlet.doDispatch(DispatcherServlet.java:1070) ~[spring-webmvc-5.3.22.jar:5.3.22]
	at org.springframework.web.servlet.DispatcherServlet.doService(DispatcherServlet.java:963) ~[spring-webmvc-5.3.22.jar:5.3.22]
	at org.springframework.web.servlet.FrameworkServlet.processRequest(FrameworkServlet.java:1006) ~[spring-webmvc-5.3.22.jar:5.3.22]
	at org.springframework.web.servlet.FrameworkServlet.doPost(FrameworkServlet.java:909) ~[spring-webmvc-5.3.22.jar:5.3.22]
	at javax.servlet.http.HttpServlet.service(HttpServlet.java:681) ~[tomcat-embed-core-9.0.65.jar:4.0.FR]
	at org.springframework.web.servlet.FrameworkServlet.service(FrameworkServlet.java:883) ~[spring-webmvc-5.3.22.jar:5.3.22]
	at javax.servlet.http.HttpServlet.service(HttpServlet.java:764) ~[tomcat-embed-core-9.0.65.jar:4.0.FR]
	at org.apache.catalina.core.ApplicationFilterChain.internalDoFilter(ApplicationFilterChain.java:227) ~[tomcat-embed-core-9.0.65.jar:9.0.65]
	at org.apache.catalina.core.ApplicationFilterChain.doFilter(ApplicationFilterChain.java:162) ~[tomcat-embed-core-9.0.65.jar:9.0.65]
	at org.apache.tomcat.websocket.server.WsFilter.doFilter(WsFilter.java:53) ~[tomcat-embed-websocket-9.0.65.jar:9.0.65]
	at org.apache.catalina.core.ApplicationFilterChain.internalDoFilter(ApplicationFilterChain.java:189) ~[tomcat-embed-core-9.0.65.jar:9.0.65]
	at org.apache.catalina.core.ApplicationFilterChain.doFilter(ApplicationFilterChain.java:162) ~[tomcat-embed-core-9.0.65.jar:9.0.65]
	at org.springframework.web.filter.RequestContextFilter.doFilterInternal(RequestContextFilter.java:100) ~[spring-web-5.3.22.jar:5.3.22]
	at org.springframework.web.filter.OncePerRequestFilter.doFilter(OncePerRequestFilter.java:117) ~[spring-web-5.3.22.jar:5.3.22]
	at org.apache.catalina.core.ApplicationFilterChain.internalDoFilter(ApplicationFilterChain.java:189) ~[tomcat-embed-core-9.0.65.jar:9.0.65]
	at org.apache.catalina.core.ApplicationFilterChain.doFilter(ApplicationFilterChain.java:162) ~[tomcat-embed-core-9.0.65.jar:9.0.65]
	at org.springframework.web.filter.FormContentFilter.doFilterInternal(FormContentFilter.java:93) ~[spring-web-5.3.22.jar:5.3.22]
	at org.springframework.web.filter.OncePerRequestFilter.doFilter(OncePerRequestFilter.java:117) ~[spring-web-5.3.22.jar:5.3.22]
	at org.apache.catalina.core.ApplicationFilterChain.internalDoFilter(ApplicationFilterChain.java:189) ~[tomcat-embed-core-9.0.65.jar:9.0.65]
	at org.apache.catalina.core.ApplicationFilterChain.doFilter(ApplicationFilterChain.java:162) ~[tomcat-embed-core-9.0.65.jar:9.0.65]
	at org.springframework.web.filter.CharacterEncodingFilter.doFilterInternal(CharacterEncodingFilter.java:201) ~[spring-web-5.3.22.jar:5.3.22]
	at org.springframework.web.filter.OncePerRequestFilter.doFilter(OncePerRequestFilter.java:117) ~[spring-web-5.3.22.jar:5.3.22]
	at org.apache.catalina.core.ApplicationFilterChain.internalDoFilter(ApplicationFilterChain.java:189) ~[tomcat-embed-core-9.0.65.jar:9.0.65]
	at org.apache.catalina.core.ApplicationFilterChain.doFilter(ApplicationFilterChain.java:162) ~[tomcat-embed-core-9.0.65.jar:9.0.65]
	at org.apache.catalina.core.StandardWrapperValve.invoke(StandardWrapperValve.java:197) ~[tomcat-embed-core-9.0.65.jar:9.0.65]
	at org.apache.catalina.core.StandardContextValve.invoke(StandardContextValve.java:97) ~[tomcat-embed-core-9.0.65.jar:9.0.65]
	at org.apache.catalina.authenticator.AuthenticatorBase.invoke(AuthenticatorBase.java:541) ~[tomcat-embed-core-9.0.65.jar:9.0.65]
	at org.apache.catalina.core.StandardHostValve.invoke(StandardHostValve.java:135) ~[tomcat-embed-core-9.0.65.jar:9.0.65]
	at org.apache.catalina.valves.ErrorReportValve.invoke(ErrorReportValve.java:92) ~[tomcat-embed-core-9.0.65.jar:9.0.65]
	at org.apache.catalina.core.StandardEngineValve.invoke(StandardEngineValve.java:78) ~[tomcat-embed-core-9.0.65.jar:9.0.65]
	at org.apache.catalina.connector.CoyoteAdapter.service(CoyoteAdapter.java:360) ~[tomcat-embed-core-9.0.65.jar:9.0.65]
	at org.apache.coyote.http11.Http11Processor.service(Http11Processor.java:399) ~[tomcat-embed-core-9.0.65.jar:9.0.65]
	at org.apache.coyote.AbstractProcessorLight.process(AbstractProcessorLight.java:65) ~[tomcat-embed-core-9.0.65.jar:9.0.65]
	at org.apache.coyote.AbstractProtocol$ConnectionHandler.process(AbstractProtocol.java:890) ~[tomcat-embed-core-9.0.65.jar:9.0.65]
	at org.apache.tomcat.util.net.NioEndpoint$SocketProcessor.doRun(NioEndpoint.java:1789) ~[tomcat-embed-core-9.0.65.jar:9.0.65]
	at org.apache.tomcat.util.net.SocketProcessorBase.run(SocketProcessorBase.java:49) ~[tomcat-embed-core-9.0.65.jar:9.0.65]
	at org.apache.tomcat.util.threads.ThreadPoolExecutor.runWorker(ThreadPoolExecutor.java:1191) ~[tomcat-embed-core-9.0.65.jar:9.0.65]
	at org.apache.tomcat.util.threads.ThreadPoolExecutor$Worker.run(ThreadPoolExecutor.java:659) ~[tomcat-embed-core-9.0.65.jar:9.0.65]
	at org.apache.tomcat.util.threads.TaskThread$WrappingRunnable.run(TaskThread.java:61) ~[tomcat-embed-core-9.0.65.jar:9.0.65]
	at java.base/java.lang.Thread.run(Thread.java:1447) ~[na:na]

Hibernate: 
    insert 
    into
        posts
        (id, content, create_date_time, description, title, update_date_time) 
    values
        (default, ?, ?, ?, ?, ?)
[2m2025-07-08 13:10:36.583[0;39m [33m WARN[0;39m [35m40136[0;39m [2m---[0;39m [2m[nio-8080-exec-1][0;39m [36mo.h.engine.jdbc.spi.SqlExceptionHelper  [0;39m [2m:[0;39m SQL Error: 23505, SQLState: 23505
[2m2025-07-08 13:10:36.583[0;39m [31mERROR[0;39m [35m40136[0;39m [2m---[0;39m [2m[nio-8080-exec-1][0;39m [36mo.h.engine.jdbc.spi.SqlExceptionHelper  [0;39m [2m:[0;39m Unique index or primary key violation: "PUBLIC.UKMCHCE1GM7F6OTPPHXD6IXSDPS_INDEX_4 ON PUBLIC.POSTS(TITLE NULLS FIRST) VALUES ( /* 5 */ 'New Post Title' )"; SQL statement:
insert into posts (id, content, create_date_time, description, title, update_date_time) values (default, ?, ?, ?, ?, ?) [23505-214]
[2m2025-07-08 13:10:36.585[0;39m [31mERROR[0;39m [35m40136[0;39m [2m---[0;39m [2m[nio-8080-exec-1][0;39m [36mo.a.c.c.C.[.[.[/].[dispatcherServlet]   [0;39m [2m:[0;39m Servlet.service() for servlet [dispatcherServlet] in context with path [] threw exception [Request processing failed; nested exception is org.springframework.dao.DataIntegrityViolationException: could not execute statement; SQL [n/a]; constraint ["PUBLIC.UKMCHCE1GM7F6OTPPHXD6IXSDPS_INDEX_4 ON PUBLIC.POSTS(TITLE NULLS FIRST) VALUES ( /* 5 */ 'New Post Title' )"; SQL statement:
insert into posts (id, content, create_date_time, description, title, update_date_time) values (default, ?, ?, ?, ?, ?) [23505-214]]; nested exception is org.hibernate.exception.ConstraintViolationException: could not execute statement] with root cause

org.h2.jdbc.JdbcSQLIntegrityConstraintViolationException: Unique index or primary key violation: "PUBLIC.UKMCHCE1GM7F6OTPPHXD6IXSDPS_INDEX_4 ON PUBLIC.POSTS(TITLE NULLS FIRST) VALUES ( /* 5 */ 'New Post Title' )"; SQL statement:
insert into posts (id, content, create_date_time, description, title, update_date_time) values (default, ?, ?, ?, ?, ?) [23505-214]
	at org.h2.message.DbException.getJdbcSQLException(DbException.java:508) ~[h2-2.1.214.jar:2.1.214]
	at org.h2.message.DbException.getJdbcSQLException(DbException.java:477) ~[h2-2.1.214.jar:2.1.214]
	at org.h2.message.DbException.get(DbException.java:223) ~[h2-2.1.214.jar:2.1.214]
	at org.h2.message.DbException.get(DbException.java:199) ~[h2-2.1.214.jar:2.1.214]
	at org.h2.index.Index.getDuplicateKeyException(Index.java:525) ~[h2-2.1.214.jar:2.1.214]
	at org.h2.mvstore.db.MVSecondaryIndex.checkUnique(MVSecondaryIndex.java:223) ~[h2-2.1.214.jar:2.1.214]
	at org.h2.mvstore.db.MVSecondaryIndex.add(MVSecondaryIndex.java:184) ~[h2-2.1.214.jar:2.1.214]
	at org.h2.mvstore.db.MVTable.addRow(MVTable.java:519) ~[h2-2.1.214.jar:2.1.214]
	at org.h2.command.dml.Insert.insertRows(Insert.java:174) ~[h2-2.1.214.jar:2.1.214]
	at org.h2.command.dml.Insert.update(Insert.java:135) ~[h2-2.1.214.jar:2.1.214]
	at org.h2.command.CommandContainer.executeUpdateWithGeneratedKeys(CommandContainer.java:242) ~[h2-2.1.214.jar:2.1.214]
	at org.h2.command.CommandContainer.update(CommandContainer.java:163) ~[h2-2.1.214.jar:2.1.214]
	at org.h2.command.Command.executeUpdate(Command.java:252) ~[h2-2.1.214.jar:2.1.214]
	at org.h2.jdbc.JdbcPreparedStatement.executeUpdateInternal(JdbcPreparedStatement.java:209) ~[h2-2.1.214.jar:2.1.214]
	at org.h2.jdbc.JdbcPreparedStatement.executeUpdate(JdbcPreparedStatement.java:169) ~[h2-2.1.214.jar:2.1.214]
	at com.zaxxer.hikari.pool.ProxyPreparedStatement.executeUpdate(ProxyPreparedStatement.java:61) ~[HikariCP-4.0.3.jar:na]
	at com.zaxxer.hikari.pool.HikariProxyPreparedStatement.executeUpdate(HikariProxyPreparedStatement.java) ~[HikariCP-4.0.3.jar:na]
	at org.hibernate.engine.jdbc.internal.ResultSetReturnImpl.executeUpdate(ResultSetReturnImpl.java:197) ~[hibernate-core-5.6.10.Final.jar:5.6.10.Final]
	at org.hibernate.dialect.identity.GetGeneratedKeysDelegate.executeAndExtract(GetGeneratedKeysDelegate.java:58) ~[hibernate-core-5.6.10.Final.jar:5.6.10.Final]
	at org.hibernate.id.insert.AbstractReturningDelegate.performInsert(AbstractReturningDelegate.java:43) ~[hibernate-core-5.6.10.Final.jar:5.6.10.Final]
	at org.hibernate.persister.entity.AbstractEntityPersister.insert(AbstractEntityPersister.java:3279) ~[hibernate-core-5.6.10.Final.jar:5.6.10.Final]
	at org.hibernate.persister.entity.AbstractEntityPersister.insert(AbstractEntityPersister.java:3885) ~[hibernate-core-5.6.10.Final.jar:5.6.10.Final]
	at org.hibernate.action.internal.EntityIdentityInsertAction.execute(EntityIdentityInsertAction.java:84) ~[hibernate-core-5.6.10.Final.jar:5.6.10.Final]
	at org.hibernate.engine.spi.ActionQueue.execute(ActionQueue.java:645) ~[hibernate-core-5.6.10.Final.jar:5.6.10.Final]
	at org.hibernate.engine.spi.ActionQueue.addResolvedEntityInsertAction(ActionQueue.java:282) ~[hibernate-core-5.6.10.Final.jar:5.6.10.Final]
	at org.hibernate.engine.spi.ActionQueue.addInsertAction(ActionQueue.java:263) ~[hibernate-core-5.6.10.Final.jar:5.6.10.Final]
	at org.hibernate.engine.spi.ActionQueue.addAction(ActionQueue.java:317) ~[hibernate-core-5.6.10.Final.jar:5.6.10.Final]
	at org.hibernate.event.internal.AbstractSaveEventListener.addInsertAction(AbstractSaveEventListener.java:330) ~[hibernate-core-5.6.10.Final.jar:5.6.10.Final]
	at org.hibernate.event.internal.AbstractSaveEventListener.performSaveOrReplicate(AbstractSaveEventListener.java:287) ~[hibernate-core-5.6.10.Final.jar:5.6.10.Final]
	at org.hibernate.event.internal.AbstractSaveEventListener.performSave(AbstractSaveEventListener.java:193) ~[hibernate-core-5.6.10.Final.jar:5.6.10.Final]
	at org.hibernate.event.internal.AbstractSaveEventListener.saveWithGeneratedId(AbstractSaveEventListener.java:123) ~[hibernate-core-5.6.10.Final.jar:5.6.10.Final]
	at org.hibernate.event.internal.DefaultPersistEventListener.entityIsTransient(DefaultPersistEventListener.java:185) ~[hibernate-core-5.6.10.Final.jar:5.6.10.Final]
	at org.hibernate.event.internal.DefaultPersistEventListener.onPersist(DefaultPersistEventListener.java:128) ~[hibernate-core-5.6.10.Final.jar:5.6.10.Final]
	at org.hibernate.event.internal.DefaultPersistEventListener.onPersist(DefaultPersistEventListener.java:55) ~[hibernate-core-5.6.10.Final.jar:5.6.10.Final]
	at org.hibernate.event.service.internal.EventListenerGroupImpl.fireEventOnEachListener(EventListenerGroupImpl.java:107) ~[hibernate-core-5.6.10.Final.jar:5.6.10.Final]
	at org.hibernate.internal.SessionImpl.firePersist(SessionImpl.java:756) ~[hibernate-core-5.6.10.Final.jar:5.6.10.Final]
	at org.hibernate.internal.SessionImpl.persist(SessionImpl.java:742) ~[hibernate-core-5.6.10.Final.jar:5.6.10.Final]
	at java.base/jdk.internal.reflect.DirectMethodHandleAccessor.invoke(DirectMethodHandleAccessor.java:104) ~[na:na]
	at java.base/java.lang.reflect.Method.invoke(Method.java:565) ~[na:na]
	at org.springframework.orm.jpa.ExtendedEntityManagerCreator$ExtendedEntityManagerInvocationHandler.invoke(ExtendedEntityManagerCreator.java:362) ~[spring-orm-5.3.22.jar:5.3.22]
	at jdk.proxy2/jdk.proxy2.$Proxy103.persist(Unknown Source) ~[na:na]
	at java.base/jdk.internal.reflect.DirectMethodHandleAccessor.invoke(DirectMethodHandleAccessor.java:104) ~[na:na]
	at java.base/java.lang.reflect.Method.invoke(Method.java:565) ~[na:na]
	at org.springframework.orm.jpa.SharedEntityManagerCreator$SharedEntityManagerInvocationHandler.invoke(SharedEntityManagerCreator.java:311) ~[spring-orm-5.3.22.jar:5.3.22]
	at jdk.proxy2/jdk.proxy2.$Proxy103.persist(Unknown Source) ~[na:na]
	at org.springframework.data.jpa.repository.support.SimpleJpaRepository.save(SimpleJpaRepository.java:666) ~[spring-data-jpa-2.7.2.jar:2.7.2]
	at java.base/jdk.internal.reflect.DirectMethodHandleAccessor.invoke(DirectMethodHandleAccessor.java:104) ~[na:na]
	at java.base/java.lang.reflect.Method.invoke(Method.java:565) ~[na:na]
	at org.springframework.data.repository.core.support.RepositoryMethodInvoker$RepositoryFragmentMethodInvoker.lambda$new$0(RepositoryMethodInvoker.java:289) ~[spring-data-commons-2.7.2.jar:2.7.2]
	at org.springframework.data.repository.core.support.RepositoryMethodInvoker.doInvoke(RepositoryMethodInvoker.java:137) ~[spring-data-commons-2.7.2.jar:2.7.2]
	at org.springframework.data.repository.core.support.RepositoryMethodInvoker.invoke(RepositoryMethodInvoker.java:121) ~[spring-data-commons-2.7.2.jar:2.7.2]
	at org.springframework.data.repository.core.support.RepositoryComposition$RepositoryFragments.invoke(RepositoryComposition.java:530) ~[spring-data-commons-2.7.2.jar:2.7.2]
	at org.springframework.data.repository.core.support.RepositoryComposition.invoke(RepositoryComposition.java:286) ~[spring-data-commons-2.7.2.jar:2.7.2]
	at org.springframework.data.repository.core.support.RepositoryFactorySupport$ImplementationMethodExecutionInterceptor.invoke(RepositoryFactorySupport.java:640) ~[spring-data-commons-2.7.2.jar:2.7.2]
	at org.springframework.aop.framework.ReflectiveMethodInvocation.proceed(ReflectiveMethodInvocation.java:186) ~[spring-aop-5.3.22.jar:5.3.22]
	at org.springframework.data.repository.core.support.QueryExecutorMethodInterceptor.doInvoke(QueryExecutorMethodInterceptor.java:164) ~[spring-data-commons-2.7.2.jar:2.7.2]
	at org.springframework.data.repository.core.support.QueryExecutorMethodInterceptor.invoke(QueryExecutorMethodInterceptor.java:139) ~[spring-data-commons-2.7.2.jar:2.7.2]
	at org.springframework.aop.framework.ReflectiveMethodInvocation.proceed(ReflectiveMethodInvocation.java:186) ~[spring-aop-5.3.22.jar:5.3.22]
	at org.springframework.data.projection.DefaultMethodInvokingMethodInterceptor.invoke(DefaultMethodInvokingMethodInterceptor.java:81) ~[spring-data-commons-2.7.2.jar:2.7.2]
	at org.springframework.aop.framework.ReflectiveMethodInvocation.proceed(ReflectiveMethodInvocation.java:186) ~[spring-aop-5.3.22.jar:5.3.22]
	at org.springframework.transaction.interceptor.TransactionInterceptor$1.proceedWithInvocation(TransactionInterceptor.java:123) ~[spring-tx-5.3.22.jar:5.3.22]
	at org.springframework.transaction.interceptor.TransactionAspectSupport.invokeWithinTransaction(TransactionAspectSupport.java:388) ~[spring-tx-5.3.22.jar:5.3.22]
	at org.springframework.transaction.interceptor.TransactionInterceptor.invoke(TransactionInterceptor.java:119) ~[spring-tx-5.3.22.jar:5.3.22]
	at org.springframework.aop.framework.ReflectiveMethodInvocation.proceed(ReflectiveMethodInvocation.java:186) ~[spring-aop-5.3.22.jar:5.3.22]
	at org.springframework.dao.support.PersistenceExceptionTranslationInterceptor.invoke(PersistenceExceptionTranslationInterceptor.java:137) ~[spring-tx-5.3.22.jar:5.3.22]
	at org.springframework.aop.framework.ReflectiveMethodInvocation.proceed(ReflectiveMethodInvocation.java:186) ~[spring-aop-5.3.22.jar:5.3.22]
	at org.springframework.data.jpa.repository.support.CrudMethodMetadataPostProcessor$CrudMethodMetadataPopulatingMethodInterceptor.invoke(CrudMethodMetadataPostProcessor.java:174) ~[spring-data-jpa-2.7.2.jar:2.7.2]
	at org.springframework.aop.framework.ReflectiveMethodInvocation.proceed(ReflectiveMethodInvocation.java:186) ~[spring-aop-5.3.22.jar:5.3.22]
	at org.springframework.aop.interceptor.ExposeInvocationInterceptor.invoke(ExposeInvocationInterceptor.java:97) ~[spring-aop-5.3.22.jar:5.3.22]
	at org.springframework.aop.framework.ReflectiveMethodInvocation.proceed(ReflectiveMethodInvocation.java:186) ~[spring-aop-5.3.22.jar:5.3.22]
	at org.springframework.aop.framework.JdkDynamicAopProxy.invoke(JdkDynamicAopProxy.java:215) ~[spring-aop-5.3.22.jar:5.3.22]
	at jdk.proxy2/jdk.proxy2.$Proxy107.save(Unknown Source) ~[na:na]
	at com.chuwa.redbook.service.impl.PostServiceImpl.createPost(PostServiceImpl.java:46) ~[classes/:na]
	at com.chuwa.redbook.controller.PostController.createPost(PostController.java:25) ~[classes/:na]
	at java.base/jdk.internal.reflect.DirectMethodHandleAccessor.invoke(DirectMethodHandleAccessor.java:104) ~[na:na]
	at java.base/java.lang.reflect.Method.invoke(Method.java:565) ~[na:na]
	at org.springframework.web.method.support.InvocableHandlerMethod.doInvoke(InvocableHandlerMethod.java:205) ~[spring-web-5.3.22.jar:5.3.22]
	at org.springframework.web.method.support.InvocableHandlerMethod.invokeForRequest(InvocableHandlerMethod.java:150) ~[spring-web-5.3.22.jar:5.3.22]
	at org.springframework.web.servlet.mvc.method.annotation.ServletInvocableHandlerMethod.invokeAndHandle(ServletInvocableHandlerMethod.java:117) ~[spring-webmvc-5.3.22.jar:5.3.22]
	at org.springframework.web.servlet.mvc.method.annotation.RequestMappingHandlerAdapter.invokeHandlerMethod(RequestMappingHandlerAdapter.java:895) ~[spring-webmvc-5.3.22.jar:5.3.22]
	at org.springframework.web.servlet.mvc.method.annotation.RequestMappingHandlerAdapter.handleInternal(RequestMappingHandlerAdapter.java:808) ~[spring-webmvc-5.3.22.jar:5.3.22]
	at org.springframework.web.servlet.mvc.method.AbstractHandlerMethodAdapter.handle(AbstractHandlerMethodAdapter.java:87) ~[spring-webmvc-5.3.22.jar:5.3.22]
	at org.springframework.web.servlet.DispatcherServlet.doDispatch(DispatcherServlet.java:1070) ~[spring-webmvc-5.3.22.jar:5.3.22]
	at org.springframework.web.servlet.DispatcherServlet.doService(DispatcherServlet.java:963) ~[spring-webmvc-5.3.22.jar:5.3.22]
	at org.springframework.web.servlet.FrameworkServlet.processRequest(FrameworkServlet.java:1006) ~[spring-webmvc-5.3.22.jar:5.3.22]
	at org.springframework.web.servlet.FrameworkServlet.doPost(FrameworkServlet.java:909) ~[spring-webmvc-5.3.22.jar:5.3.22]
	at javax.servlet.http.HttpServlet.service(HttpServlet.java:681) ~[tomcat-embed-core-9.0.65.jar:4.0.FR]
	at org.springframework.web.servlet.FrameworkServlet.service(FrameworkServlet.java:883) ~[spring-webmvc-5.3.22.jar:5.3.22]
	at javax.servlet.http.HttpServlet.service(HttpServlet.java:764) ~[tomcat-embed-core-9.0.65.jar:4.0.FR]
	at org.apache.catalina.core.ApplicationFilterChain.internalDoFilter(ApplicationFilterChain.java:227) ~[tomcat-embed-core-9.0.65.jar:9.0.65]
	at org.apache.catalina.core.ApplicationFilterChain.doFilter(ApplicationFilterChain.java:162) ~[tomcat-embed-core-9.0.65.jar:9.0.65]
	at org.apache.tomcat.websocket.server.WsFilter.doFilter(WsFilter.java:53) ~[tomcat-embed-websocket-9.0.65.jar:9.0.65]
	at org.apache.catalina.core.ApplicationFilterChain.internalDoFilter(ApplicationFilterChain.java:189) ~[tomcat-embed-core-9.0.65.jar:9.0.65]
	at org.apache.catalina.core.ApplicationFilterChain.doFilter(ApplicationFilterChain.java:162) ~[tomcat-embed-core-9.0.65.jar:9.0.65]
	at org.springframework.web.filter.RequestContextFilter.doFilterInternal(RequestContextFilter.java:100) ~[spring-web-5.3.22.jar:5.3.22]
	at org.springframework.web.filter.OncePerRequestFilter.doFilter(OncePerRequestFilter.java:117) ~[spring-web-5.3.22.jar:5.3.22]
	at org.apache.catalina.core.ApplicationFilterChain.internalDoFilter(ApplicationFilterChain.java:189) ~[tomcat-embed-core-9.0.65.jar:9.0.65]
	at org.apache.catalina.core.ApplicationFilterChain.doFilter(ApplicationFilterChain.java:162) ~[tomcat-embed-core-9.0.65.jar:9.0.65]
	at org.springframework.web.filter.FormContentFilter.doFilterInternal(FormContentFilter.java:93) ~[spring-web-5.3.22.jar:5.3.22]
	at org.springframework.web.filter.OncePerRequestFilter.doFilter(OncePerRequestFilter.java:117) ~[spring-web-5.3.22.jar:5.3.22]
	at org.apache.catalina.core.ApplicationFilterChain.internalDoFilter(ApplicationFilterChain.java:189) ~[tomcat-embed-core-9.0.65.jar:9.0.65]
	at org.apache.catalina.core.ApplicationFilterChain.doFilter(ApplicationFilterChain.java:162) ~[tomcat-embed-core-9.0.65.jar:9.0.65]
	at org.springframework.web.filter.CharacterEncodingFilter.doFilterInternal(CharacterEncodingFilter.java:201) ~[spring-web-5.3.22.jar:5.3.22]
	at org.springframework.web.filter.OncePerRequestFilter.doFilter(OncePerRequestFilter.java:117) ~[spring-web-5.3.22.jar:5.3.22]
	at org.apache.catalina.core.ApplicationFilterChain.internalDoFilter(ApplicationFilterChain.java:189) ~[tomcat-embed-core-9.0.65.jar:9.0.65]
	at org.apache.catalina.core.ApplicationFilterChain.doFilter(ApplicationFilterChain.java:162) ~[tomcat-embed-core-9.0.65.jar:9.0.65]
	at org.apache.catalina.core.StandardWrapperValve.invoke(StandardWrapperValve.java:197) ~[tomcat-embed-core-9.0.65.jar:9.0.65]
	at org.apache.catalina.core.StandardContextValve.invoke(StandardContextValve.java:97) ~[tomcat-embed-core-9.0.65.jar:9.0.65]
	at org.apache.catalina.authenticator.AuthenticatorBase.invoke(AuthenticatorBase.java:541) ~[tomcat-embed-core-9.0.65.jar:9.0.65]
	at org.apache.catalina.core.StandardHostValve.invoke(StandardHostValve.java:135) ~[tomcat-embed-core-9.0.65.jar:9.0.65]
	at org.apache.catalina.valves.ErrorReportValve.invoke(ErrorReportValve.java:92) ~[tomcat-embed-core-9.0.65.jar:9.0.65]
	at org.apache.catalina.core.StandardEngineValve.invoke(StandardEngineValve.java:78) ~[tomcat-embed-core-9.0.65.jar:9.0.65]
	at org.apache.catalina.connector.CoyoteAdapter.service(CoyoteAdapter.java:360) ~[tomcat-embed-core-9.0.65.jar:9.0.65]
	at org.apache.coyote.http11.Http11Processor.service(Http11Processor.java:399) ~[tomcat-embed-core-9.0.65.jar:9.0.65]
	at org.apache.coyote.AbstractProcessorLight.process(AbstractProcessorLight.java:65) ~[tomcat-embed-core-9.0.65.jar:9.0.65]
	at org.apache.coyote.AbstractProtocol$ConnectionHandler.process(AbstractProtocol.java:890) ~[tomcat-embed-core-9.0.65.jar:9.0.65]
	at org.apache.tomcat.util.net.NioEndpoint$SocketProcessor.doRun(NioEndpoint.java:1789) ~[tomcat-embed-core-9.0.65.jar:9.0.65]
	at org.apache.tomcat.util.net.SocketProcessorBase.run(SocketProcessorBase.java:49) ~[tomcat-embed-core-9.0.65.jar:9.0.65]
	at org.apache.tomcat.util.threads.ThreadPoolExecutor.runWorker(ThreadPoolExecutor.java:1191) ~[tomcat-embed-core-9.0.65.jar:9.0.65]
	at org.apache.tomcat.util.threads.ThreadPoolExecutor$Worker.run(ThreadPoolExecutor.java:659) ~[tomcat-embed-core-9.0.65.jar:9.0.65]
	at org.apache.tomcat.util.threads.TaskThread$WrappingRunnable.run(TaskThread.java:61) ~[tomcat-embed-core-9.0.65.jar:9.0.65]
	at java.base/java.lang.Thread.run(Thread.java:1447) ~[na:na]

Hibernate: 
    insert 
    into
        posts
        (id, content, create_date_time, description, title, update_date_time) 
    values
        (default, ?, ?, ?, ?, ?)
[2m2025-07-08 13:11:04.483[0;39m [33m WARN[0;39m [35m40136[0;39m [2m---[0;39m [2m[nio-8080-exec-2][0;39m [36mo.h.engine.jdbc.spi.SqlExceptionHelper  [0;39m [2m:[0;39m SQL Error: 23505, SQLState: 23505
[2m2025-07-08 13:11:04.483[0;39m [31mERROR[0;39m [35m40136[0;39m [2m---[0;39m [2m[nio-8080-exec-2][0;39m [36mo.h.engine.jdbc.spi.SqlExceptionHelper  [0;39m [2m:[0;39m Unique index or primary key violation: "PUBLIC.UKMCHCE1GM7F6OTPPHXD6IXSDPS_INDEX_4 ON PUBLIC.POSTS(TITLE NULLS FIRST) VALUES ( /* 5 */ 'New Post Title' )"; SQL statement:
insert into posts (id, content, create_date_time, description, title, update_date_time) values (default, ?, ?, ?, ?, ?) [23505-214]
[2m2025-07-08 13:11:04.484[0;39m [31mERROR[0;39m [35m40136[0;39m [2m---[0;39m [2m[nio-8080-exec-2][0;39m [36mo.a.c.c.C.[.[.[/].[dispatcherServlet]   [0;39m [2m:[0;39m Servlet.service() for servlet [dispatcherServlet] in context with path [] threw exception [Request processing failed; nested exception is org.springframework.dao.DataIntegrityViolationException: could not execute statement; SQL [n/a]; constraint ["PUBLIC.UKMCHCE1GM7F6OTPPHXD6IXSDPS_INDEX_4 ON PUBLIC.POSTS(TITLE NULLS FIRST) VALUES ( /* 5 */ 'New Post Title' )"; SQL statement:
insert into posts (id, content, create_date_time, description, title, update_date_time) values (default, ?, ?, ?, ?, ?) [23505-214]]; nested exception is org.hibernate.exception.ConstraintViolationException: could not execute statement] with root cause

org.h2.jdbc.JdbcSQLIntegrityConstraintViolationException: Unique index or primary key violation: "PUBLIC.UKMCHCE1GM7F6OTPPHXD6IXSDPS_INDEX_4 ON PUBLIC.POSTS(TITLE NULLS FIRST) VALUES ( /* 5 */ 'New Post Title' )"; SQL statement:
insert into posts (id, content, create_date_time, description, title, update_date_time) values (default, ?, ?, ?, ?, ?) [23505-214]
	at org.h2.message.DbException.getJdbcSQLException(DbException.java:508) ~[h2-2.1.214.jar:2.1.214]
	at org.h2.message.DbException.getJdbcSQLException(DbException.java:477) ~[h2-2.1.214.jar:2.1.214]
	at org.h2.message.DbException.get(DbException.java:223) ~[h2-2.1.214.jar:2.1.214]
	at org.h2.message.DbException.get(DbException.java:199) ~[h2-2.1.214.jar:2.1.214]
	at org.h2.index.Index.getDuplicateKeyException(Index.java:525) ~[h2-2.1.214.jar:2.1.214]
	at org.h2.mvstore.db.MVSecondaryIndex.checkUnique(MVSecondaryIndex.java:223) ~[h2-2.1.214.jar:2.1.214]
	at org.h2.mvstore.db.MVSecondaryIndex.add(MVSecondaryIndex.java:184) ~[h2-2.1.214.jar:2.1.214]
	at org.h2.mvstore.db.MVTable.addRow(MVTable.java:519) ~[h2-2.1.214.jar:2.1.214]
	at org.h2.command.dml.Insert.insertRows(Insert.java:174) ~[h2-2.1.214.jar:2.1.214]
	at org.h2.command.dml.Insert.update(Insert.java:135) ~[h2-2.1.214.jar:2.1.214]
	at org.h2.command.CommandContainer.executeUpdateWithGeneratedKeys(CommandContainer.java:242) ~[h2-2.1.214.jar:2.1.214]
	at org.h2.command.CommandContainer.update(CommandContainer.java:163) ~[h2-2.1.214.jar:2.1.214]
	at org.h2.command.Command.executeUpdate(Command.java:252) ~[h2-2.1.214.jar:2.1.214]
	at org.h2.jdbc.JdbcPreparedStatement.executeUpdateInternal(JdbcPreparedStatement.java:209) ~[h2-2.1.214.jar:2.1.214]
	at org.h2.jdbc.JdbcPreparedStatement.executeUpdate(JdbcPreparedStatement.java:169) ~[h2-2.1.214.jar:2.1.214]
	at com.zaxxer.hikari.pool.ProxyPreparedStatement.executeUpdate(ProxyPreparedStatement.java:61) ~[HikariCP-4.0.3.jar:na]
	at com.zaxxer.hikari.pool.HikariProxyPreparedStatement.executeUpdate(HikariProxyPreparedStatement.java) ~[HikariCP-4.0.3.jar:na]
	at org.hibernate.engine.jdbc.internal.ResultSetReturnImpl.executeUpdate(ResultSetReturnImpl.java:197) ~[hibernate-core-5.6.10.Final.jar:5.6.10.Final]
	at org.hibernate.dialect.identity.GetGeneratedKeysDelegate.executeAndExtract(GetGeneratedKeysDelegate.java:58) ~[hibernate-core-5.6.10.Final.jar:5.6.10.Final]
	at org.hibernate.id.insert.AbstractReturningDelegate.performInsert(AbstractReturningDelegate.java:43) ~[hibernate-core-5.6.10.Final.jar:5.6.10.Final]
	at org.hibernate.persister.entity.AbstractEntityPersister.insert(AbstractEntityPersister.java:3279) ~[hibernate-core-5.6.10.Final.jar:5.6.10.Final]
	at org.hibernate.persister.entity.AbstractEntityPersister.insert(AbstractEntityPersister.java:3885) ~[hibernate-core-5.6.10.Final.jar:5.6.10.Final]
	at org.hibernate.action.internal.EntityIdentityInsertAction.execute(EntityIdentityInsertAction.java:84) ~[hibernate-core-5.6.10.Final.jar:5.6.10.Final]
	at org.hibernate.engine.spi.ActionQueue.execute(ActionQueue.java:645) ~[hibernate-core-5.6.10.Final.jar:5.6.10.Final]
	at org.hibernate.engine.spi.ActionQueue.addResolvedEntityInsertAction(ActionQueue.java:282) ~[hibernate-core-5.6.10.Final.jar:5.6.10.Final]
	at org.hibernate.engine.spi.ActionQueue.addInsertAction(ActionQueue.java:263) ~[hibernate-core-5.6.10.Final.jar:5.6.10.Final]
	at org.hibernate.engine.spi.ActionQueue.addAction(ActionQueue.java:317) ~[hibernate-core-5.6.10.Final.jar:5.6.10.Final]
	at org.hibernate.event.internal.AbstractSaveEventListener.addInsertAction(AbstractSaveEventListener.java:330) ~[hibernate-core-5.6.10.Final.jar:5.6.10.Final]
	at org.hibernate.event.internal.AbstractSaveEventListener.performSaveOrReplicate(AbstractSaveEventListener.java:287) ~[hibernate-core-5.6.10.Final.jar:5.6.10.Final]
	at org.hibernate.event.internal.AbstractSaveEventListener.performSave(AbstractSaveEventListener.java:193) ~[hibernate-core-5.6.10.Final.jar:5.6.10.Final]
	at org.hibernate.event.internal.AbstractSaveEventListener.saveWithGeneratedId(AbstractSaveEventListener.java:123) ~[hibernate-core-5.6.10.Final.jar:5.6.10.Final]
	at org.hibernate.event.internal.DefaultPersistEventListener.entityIsTransient(DefaultPersistEventListener.java:185) ~[hibernate-core-5.6.10.Final.jar:5.6.10.Final]
	at org.hibernate.event.internal.DefaultPersistEventListener.onPersist(DefaultPersistEventListener.java:128) ~[hibernate-core-5.6.10.Final.jar:5.6.10.Final]
	at org.hibernate.event.internal.DefaultPersistEventListener.onPersist(DefaultPersistEventListener.java:55) ~[hibernate-core-5.6.10.Final.jar:5.6.10.Final]
	at org.hibernate.event.service.internal.EventListenerGroupImpl.fireEventOnEachListener(EventListenerGroupImpl.java:107) ~[hibernate-core-5.6.10.Final.jar:5.6.10.Final]
	at org.hibernate.internal.SessionImpl.firePersist(SessionImpl.java:756) ~[hibernate-core-5.6.10.Final.jar:5.6.10.Final]
	at org.hibernate.internal.SessionImpl.persist(SessionImpl.java:742) ~[hibernate-core-5.6.10.Final.jar:5.6.10.Final]
	at java.base/jdk.internal.reflect.DirectMethodHandleAccessor.invoke(DirectMethodHandleAccessor.java:104) ~[na:na]
	at java.base/java.lang.reflect.Method.invoke(Method.java:565) ~[na:na]
	at org.springframework.orm.jpa.ExtendedEntityManagerCreator$ExtendedEntityManagerInvocationHandler.invoke(ExtendedEntityManagerCreator.java:362) ~[spring-orm-5.3.22.jar:5.3.22]
	at jdk.proxy2/jdk.proxy2.$Proxy103.persist(Unknown Source) ~[na:na]
	at java.base/jdk.internal.reflect.DirectMethodHandleAccessor.invoke(DirectMethodHandleAccessor.java:104) ~[na:na]
	at java.base/java.lang.reflect.Method.invoke(Method.java:565) ~[na:na]
	at org.springframework.orm.jpa.SharedEntityManagerCreator$SharedEntityManagerInvocationHandler.invoke(SharedEntityManagerCreator.java:311) ~[spring-orm-5.3.22.jar:5.3.22]
	at jdk.proxy2/jdk.proxy2.$Proxy103.persist(Unknown Source) ~[na:na]
	at org.springframework.data.jpa.repository.support.SimpleJpaRepository.save(SimpleJpaRepository.java:666) ~[spring-data-jpa-2.7.2.jar:2.7.2]
	at java.base/jdk.internal.reflect.DirectMethodHandleAccessor.invoke(DirectMethodHandleAccessor.java:104) ~[na:na]
	at java.base/java.lang.reflect.Method.invoke(Method.java:565) ~[na:na]
	at org.springframework.data.repository.core.support.RepositoryMethodInvoker$RepositoryFragmentMethodInvoker.lambda$new$0(RepositoryMethodInvoker.java:289) ~[spring-data-commons-2.7.2.jar:2.7.2]
	at org.springframework.data.repository.core.support.RepositoryMethodInvoker.doInvoke(RepositoryMethodInvoker.java:137) ~[spring-data-commons-2.7.2.jar:2.7.2]
	at org.springframework.data.repository.core.support.RepositoryMethodInvoker.invoke(RepositoryMethodInvoker.java:121) ~[spring-data-commons-2.7.2.jar:2.7.2]
	at org.springframework.data.repository.core.support.RepositoryComposition$RepositoryFragments.invoke(RepositoryComposition.java:530) ~[spring-data-commons-2.7.2.jar:2.7.2]
	at org.springframework.data.repository.core.support.RepositoryComposition.invoke(RepositoryComposition.java:286) ~[spring-data-commons-2.7.2.jar:2.7.2]
	at org.springframework.data.repository.core.support.RepositoryFactorySupport$ImplementationMethodExecutionInterceptor.invoke(RepositoryFactorySupport.java:640) ~[spring-data-commons-2.7.2.jar:2.7.2]
	at org.springframework.aop.framework.ReflectiveMethodInvocation.proceed(ReflectiveMethodInvocation.java:186) ~[spring-aop-5.3.22.jar:5.3.22]
	at org.springframework.data.repository.core.support.QueryExecutorMethodInterceptor.doInvoke(QueryExecutorMethodInterceptor.java:164) ~[spring-data-commons-2.7.2.jar:2.7.2]
	at org.springframework.data.repository.core.support.QueryExecutorMethodInterceptor.invoke(QueryExecutorMethodInterceptor.java:139) ~[spring-data-commons-2.7.2.jar:2.7.2]
	at org.springframework.aop.framework.ReflectiveMethodInvocation.proceed(ReflectiveMethodInvocation.java:186) ~[spring-aop-5.3.22.jar:5.3.22]
	at org.springframework.data.projection.DefaultMethodInvokingMethodInterceptor.invoke(DefaultMethodInvokingMethodInterceptor.java:81) ~[spring-data-commons-2.7.2.jar:2.7.2]
	at org.springframework.aop.framework.ReflectiveMethodInvocation.proceed(ReflectiveMethodInvocation.java:186) ~[spring-aop-5.3.22.jar:5.3.22]
	at org.springframework.transaction.interceptor.TransactionInterceptor$1.proceedWithInvocation(TransactionInterceptor.java:123) ~[spring-tx-5.3.22.jar:5.3.22]
	at org.springframework.transaction.interceptor.TransactionAspectSupport.invokeWithinTransaction(TransactionAspectSupport.java:388) ~[spring-tx-5.3.22.jar:5.3.22]
	at org.springframework.transaction.interceptor.TransactionInterceptor.invoke(TransactionInterceptor.java:119) ~[spring-tx-5.3.22.jar:5.3.22]
	at org.springframework.aop.framework.ReflectiveMethodInvocation.proceed(ReflectiveMethodInvocation.java:186) ~[spring-aop-5.3.22.jar:5.3.22]
	at org.springframework.dao.support.PersistenceExceptionTranslationInterceptor.invoke(PersistenceExceptionTranslationInterceptor.java:137) ~[spring-tx-5.3.22.jar:5.3.22]
	at org.springframework.aop.framework.ReflectiveMethodInvocation.proceed(ReflectiveMethodInvocation.java:186) ~[spring-aop-5.3.22.jar:5.3.22]
	at org.springframework.data.jpa.repository.support.CrudMethodMetadataPostProcessor$CrudMethodMetadataPopulatingMethodInterceptor.invoke(CrudMethodMetadataPostProcessor.java:174) ~[spring-data-jpa-2.7.2.jar:2.7.2]
	at org.springframework.aop.framework.ReflectiveMethodInvocation.proceed(ReflectiveMethodInvocation.java:186) ~[spring-aop-5.3.22.jar:5.3.22]
	at org.springframework.aop.interceptor.ExposeInvocationInterceptor.invoke(ExposeInvocationInterceptor.java:97) ~[spring-aop-5.3.22.jar:5.3.22]
	at org.springframework.aop.framework.ReflectiveMethodInvocation.proceed(ReflectiveMethodInvocation.java:186) ~[spring-aop-5.3.22.jar:5.3.22]
	at org.springframework.aop.framework.JdkDynamicAopProxy.invoke(JdkDynamicAopProxy.java:215) ~[spring-aop-5.3.22.jar:5.3.22]
	at jdk.proxy2/jdk.proxy2.$Proxy107.save(Unknown Source) ~[na:na]
	at com.chuwa.redbook.service.impl.PostServiceImpl.createPost(PostServiceImpl.java:46) ~[classes/:na]
	at com.chuwa.redbook.controller.PostController.createPost(PostController.java:25) ~[classes/:na]
	at java.base/jdk.internal.reflect.DirectMethodHandleAccessor.invoke(DirectMethodHandleAccessor.java:104) ~[na:na]
	at java.base/java.lang.reflect.Method.invoke(Method.java:565) ~[na:na]
	at org.springframework.web.method.support.InvocableHandlerMethod.doInvoke(InvocableHandlerMethod.java:205) ~[spring-web-5.3.22.jar:5.3.22]
	at org.springframework.web.method.support.InvocableHandlerMethod.invokeForRequest(InvocableHandlerMethod.java:150) ~[spring-web-5.3.22.jar:5.3.22]
	at org.springframework.web.servlet.mvc.method.annotation.ServletInvocableHandlerMethod.invokeAndHandle(ServletInvocableHandlerMethod.java:117) ~[spring-webmvc-5.3.22.jar:5.3.22]
	at org.springframework.web.servlet.mvc.method.annotation.RequestMappingHandlerAdapter.invokeHandlerMethod(RequestMappingHandlerAdapter.java:895) ~[spring-webmvc-5.3.22.jar:5.3.22]
	at org.springframework.web.servlet.mvc.method.annotation.RequestMappingHandlerAdapter.handleInternal(RequestMappingHandlerAdapter.java:808) ~[spring-webmvc-5.3.22.jar:5.3.22]
	at org.springframework.web.servlet.mvc.method.AbstractHandlerMethodAdapter.handle(AbstractHandlerMethodAdapter.java:87) ~[spring-webmvc-5.3.22.jar:5.3.22]
	at org.springframework.web.servlet.DispatcherServlet.doDispatch(DispatcherServlet.java:1070) ~[spring-webmvc-5.3.22.jar:5.3.22]
	at org.springframework.web.servlet.DispatcherServlet.doService(DispatcherServlet.java:963) ~[spring-webmvc-5.3.22.jar:5.3.22]
	at org.springframework.web.servlet.FrameworkServlet.processRequest(FrameworkServlet.java:1006) ~[spring-webmvc-5.3.22.jar:5.3.22]
	at org.springframework.web.servlet.FrameworkServlet.doPost(FrameworkServlet.java:909) ~[spring-webmvc-5.3.22.jar:5.3.22]
	at javax.servlet.http.HttpServlet.service(HttpServlet.java:681) ~[tomcat-embed-core-9.0.65.jar:4.0.FR]
	at org.springframework.web.servlet.FrameworkServlet.service(FrameworkServlet.java:883) ~[spring-webmvc-5.3.22.jar:5.3.22]
	at javax.servlet.http.HttpServlet.service(HttpServlet.java:764) ~[tomcat-embed-core-9.0.65.jar:4.0.FR]
	at org.apache.catalina.core.ApplicationFilterChain.internalDoFilter(ApplicationFilterChain.java:227) ~[tomcat-embed-core-9.0.65.jar:9.0.65]
	at org.apache.catalina.core.ApplicationFilterChain.doFilter(ApplicationFilterChain.java:162) ~[tomcat-embed-core-9.0.65.jar:9.0.65]
	at org.apache.tomcat.websocket.server.WsFilter.doFilter(WsFilter.java:53) ~[tomcat-embed-websocket-9.0.65.jar:9.0.65]
	at org.apache.catalina.core.ApplicationFilterChain.internalDoFilter(ApplicationFilterChain.java:189) ~[tomcat-embed-core-9.0.65.jar:9.0.65]
	at org.apache.catalina.core.ApplicationFilterChain.doFilter(ApplicationFilterChain.java:162) ~[tomcat-embed-core-9.0.65.jar:9.0.65]
	at org.springframework.web.filter.RequestContextFilter.doFilterInternal(RequestContextFilter.java:100) ~[spring-web-5.3.22.jar:5.3.22]
	at org.springframework.web.filter.OncePerRequestFilter.doFilter(OncePerRequestFilter.java:117) ~[spring-web-5.3.22.jar:5.3.22]
	at org.apache.catalina.core.ApplicationFilterChain.internalDoFilter(ApplicationFilterChain.java:189) ~[tomcat-embed-core-9.0.65.jar:9.0.65]
	at org.apache.catalina.core.ApplicationFilterChain.doFilter(ApplicationFilterChain.java:162) ~[tomcat-embed-core-9.0.65.jar:9.0.65]
	at org.springframework.web.filter.FormContentFilter.doFilterInternal(FormContentFilter.java:93) ~[spring-web-5.3.22.jar:5.3.22]
	at org.springframework.web.filter.OncePerRequestFilter.doFilter(OncePerRequestFilter.java:117) ~[spring-web-5.3.22.jar:5.3.22]
	at org.apache.catalina.core.ApplicationFilterChain.internalDoFilter(ApplicationFilterChain.java:189) ~[tomcat-embed-core-9.0.65.jar:9.0.65]
	at org.apache.catalina.core.ApplicationFilterChain.doFilter(ApplicationFilterChain.java:162) ~[tomcat-embed-core-9.0.65.jar:9.0.65]
	at org.springframework.web.filter.CharacterEncodingFilter.doFilterInternal(CharacterEncodingFilter.java:201) ~[spring-web-5.3.22.jar:5.3.22]
	at org.springframework.web.filter.OncePerRequestFilter.doFilter(OncePerRequestFilter.java:117) ~[spring-web-5.3.22.jar:5.3.22]
	at org.apache.catalina.core.ApplicationFilterChain.internalDoFilter(ApplicationFilterChain.java:189) ~[tomcat-embed-core-9.0.65.jar:9.0.65]
	at org.apache.catalina.core.ApplicationFilterChain.doFilter(ApplicationFilterChain.java:162) ~[tomcat-embed-core-9.0.65.jar:9.0.65]
	at org.apache.catalina.core.StandardWrapperValve.invoke(StandardWrapperValve.java:197) ~[tomcat-embed-core-9.0.65.jar:9.0.65]
	at org.apache.catalina.core.StandardContextValve.invoke(StandardContextValve.java:97) ~[tomcat-embed-core-9.0.65.jar:9.0.65]
	at org.apache.catalina.authenticator.AuthenticatorBase.invoke(AuthenticatorBase.java:541) ~[tomcat-embed-core-9.0.65.jar:9.0.65]
	at org.apache.catalina.core.StandardHostValve.invoke(StandardHostValve.java:135) ~[tomcat-embed-core-9.0.65.jar:9.0.65]
	at org.apache.catalina.valves.ErrorReportValve.invoke(ErrorReportValve.java:92) ~[tomcat-embed-core-9.0.65.jar:9.0.65]
	at org.apache.catalina.core.StandardEngineValve.invoke(StandardEngineValve.java:78) ~[tomcat-embed-core-9.0.65.jar:9.0.65]
	at org.apache.catalina.connector.CoyoteAdapter.service(CoyoteAdapter.java:360) ~[tomcat-embed-core-9.0.65.jar:9.0.65]
	at org.apache.coyote.http11.Http11Processor.service(Http11Processor.java:399) ~[tomcat-embed-core-9.0.65.jar:9.0.65]
	at org.apache.coyote.AbstractProcessorLight.process(AbstractProcessorLight.java:65) ~[tomcat-embed-core-9.0.65.jar:9.0.65]
	at org.apache.coyote.AbstractProtocol$ConnectionHandler.process(AbstractProtocol.java:890) ~[tomcat-embed-core-9.0.65.jar:9.0.65]
	at org.apache.tomcat.util.net.NioEndpoint$SocketProcessor.doRun(NioEndpoint.java:1789) ~[tomcat-embed-core-9.0.65.jar:9.0.65]
	at org.apache.tomcat.util.net.SocketProcessorBase.run(SocketProcessorBase.java:49) ~[tomcat-embed-core-9.0.65.jar:9.0.65]
	at org.apache.tomcat.util.threads.ThreadPoolExecutor.runWorker(ThreadPoolExecutor.java:1191) ~[tomcat-embed-core-9.0.65.jar:9.0.65]
	at org.apache.tomcat.util.threads.ThreadPoolExecutor$Worker.run(ThreadPoolExecutor.java:659) ~[tomcat-embed-core-9.0.65.jar:9.0.65]
	at org.apache.tomcat.util.threads.TaskThread$WrappingRunnable.run(TaskThread.java:61) ~[tomcat-embed-core-9.0.65.jar:9.0.65]
	at java.base/java.lang.Thread.run(Thread.java:1447) ~[na:na]

Hibernate: 
    insert 
    into
        posts
        (id, content, create_date_time, description, title, update_date_time) 
    values
        (default, ?, ?, ?, ?, ?)
Hibernate: 
    select
        post0_.id as id1_0_0_,
        post0_.content as content2_0_0_,
        post0_.create_date_time as create_d3_0_0_,
        post0_.description as descript4_0_0_,
        post0_.title as title5_0_0_,
        post0_.update_date_time as update_d6_0_0_ 
    from
        posts post0_ 
    where
        post0_.id=?
Hibernate: 
    update
        posts 
    set
        content=?,
        create_date_time=?,
        description=?,
        title=?,
        update_date_time=? 
    where
        id=?
Hibernate: 
    select
        post0_.id as id1_0_0_,
        post0_.content as content2_0_0_,
        post0_.create_date_time as create_d3_0_0_,
        post0_.description as descript4_0_0_,
        post0_.title as title5_0_0_,
        post0_.update_date_time as update_d6_0_0_ 
    from
        posts post0_ 
    where
        post0_.id=?
Hibernate: 
    delete 
    from
        posts 
    where
        id=?
